Zc,E0Tn,betaTn,elastic
-4763.65757530,0.75029385,0.00068722,0.75029381
-4743.17789116,0.75220904,0.00068897,0.75220900
-4741.96587698,0.74912373,0.00068614,0.74912369
-4725.96317217,0.75200457,0.00068880,0.75200453
-4703.47807502,0.75007667,0.00068703,0.75007663
-4707.43529423,0.74838130,0.00068546,0.74838126
-4697.47897134,0.74974719,0.00068674,0.74974715
-4684.91376305,0.75099993,0.00068786,0.75099989
-4671.45099135,0.75236257,0.00068910,0.75236253
-4662.59888368,0.75184785,0.00068864,0.75184781
-4653.52374177,0.75173437,0.00068854,0.75173433
-4640.21234013,0.75309157,0.00068979,0.75309153
-4633.16585956,0.75132161,0.00068815,0.75132157
-4624.71448193,0.74992755,0.00068688,0.74992751
-4621.16304217,0.74675721,0.00068398,0.74675717
-4605.68777178,0.74935910,0.00068637,0.74935907
-4590.71201760,0.74867191,0.00068573,0.74867187
-4581.41189923,0.75028796,0.00068720,0.75028793
-4570.60994691,0.74911390,0.00068614,0.74911386
-4560.86363142,0.75142425,0.00068827,0.75142421
-4558.24021729,0.74693483,0.00068414,0.74693480
-4539.85318641,0.75135034,0.00068818,0.75135030
-4540.90240800,0.74736526,0.00068685,0.74736522
-4517.76521565,0.74942100,0.00068643,0.74942096
-4506.76258925,0.74988518,0.00068686,0.74988514
-4540.30784373,0.73478626,0.00067302,0.73478622
-4519.58188604,0.73862105,0.00067653,0.73862101
-4598.39680108,0.70751993,0.00064803,0.70751989
-4648.65891264,0.69519230,0.21454367,0.69112501
-4651.93569524,0.71084375,0.00065109,0.71084372
-4443.54504230,0.74858260,0.00068567,0.74858256
-4600.22383086,0.71506025,0.00065494,0.71506021
-4599.62651983,0.71119843,0.03394997,0.71109916
-4438.32320234,0.74321898,0.00068074,0.74321894
-4417.82693180,0.74870872,0.00068576,0.74870868
-4415.08787021,0.74519101,0.00068255,0.74519097
-4468.14863292,0.71913390,0.02372325,0.71908597
-4387.04084801,0.74992451,0.00068687,0.74992447
-4375.74956439,0.74980496,0.00068676,0.74980492
-4366.45267832,0.75215409,0.00068891,0.75215406
-4362.63109677,0.74988842,0.00068686,0.74988839
-4355.11058239,0.74747990,0.00068464,0.74747986
-4337.24463090,0.75235136,0.00068914,0.75235133
-4334.92080140,0.74939767,0.00068639,0.74939763
-4321.64959365,0.74826608,0.00068539,0.74826604
-4316.95525940,0.74690394,0.00068411,0.74690390
-4297.39119648,0.75028464,0.00068721,0.75028460
-4286.78865487,0.74700390,0.00068420,0.74700387
-4271.12617672,0.75031427,0.00068724,0.75031423
-4270.80809400,0.74702510,0.00068422,0.74702506
-4259.41799452,0.75097868,0.00068785,0.75097864
-4246.80003830,0.75171478,0.00068852,0.75171474
-4228.82530918,0.75162063,0.00068842,0.75162059
-4237.24372534,0.74732602,0.00068665,0.74732598
-4225.61003622,0.74706434,0.00068425,0.74706430
-4210.18367322,0.74917230,0.00068618,0.74917226
-4195.72071117,0.75088527,0.00068776,0.75088524
-4201.09803340,0.74907707,0.00068609,0.74907703
-4175.82572786,0.75022842,0.00068715,0.75022838
-4172.33307544,0.74786489,0.00068498,0.74786485
-4165.49252458,0.74555270,0.00068287,0.74555266
-4154.74357448,0.74684163,0.00068406,0.74684159
-4140.56404542,0.75055422,0.00068745,0.75055418
-4124.53985622,0.75205866,0.00068884,0.75205862
-4129.97089218,0.74964947,0.00068662,0.74964943
-4153.56585729,0.74696816,0.00068417,0.74696813
-4167.16739043,0.74624179,0.00068350,0.74624175
-4179.71092468,0.74810264,0.00068520,0.74810260
-4192.07898040,0.74825318,0.00068537,0.74825314
-4209.07825007,0.74758054,0.00068475,0.74758050
-4223.27949558,0.74626327,0.00068353,0.74626324
-4231.54794769,0.74854398,0.00068561,0.74854394
-4241.65304654,0.75100998,0.00068789,0.75100994
-4244.09527160,0.75235034,0.00084237,0.75235028
-4271.72403641,0.74832628,0.00068541,0.74832624
-4273.19620777,0.74904091,0.00068607,0.74904087
-4289.29277773,0.75035121,0.00068730,0.75035117
-4309.35241437,0.74908615,0.00068610,0.74908611
-4315.73579563,0.74942828,0.00068643,0.74942824
-4332.56582292,0.75241451,0.00068916,0.75241447
-4355.39862274,0.74822747,0.00068569,0.74822743
-4354.34195989,0.75172939,0.00068853,0.75172935
-4371.36181707,0.75122342,0.00068807,0.75122338
-4384.06406786,0.75053717,0.00068743,0.75053713
-4405.45463000,0.74651872,0.00068376,0.74651868
-4426.74018983,0.74274187,0.00068029,0.74274183
-4572.72129839,0.71556262,0.00065540,0.71556258
-4436.77521951,0.74428136,0.00068170,0.74428132
-4445.02194513,0.74942996,0.00068644,0.74942992
-4461.58574228,0.74928404,0.00068629,0.74928400
-4481.03674076,0.74757702,0.00068473,0.74757698
-4636.64276998,0.71031809,0.00065059,0.71031806
-4593.98681900,0.71718043,0.00065689,0.71718039
-4517.65337823,0.75086433,0.00068775,0.75086429
-4541.81950276,0.74708076,0.00068432,0.74708072
-4736.40742529,0.70195792,0.00064294,0.70195788
-4720.24254665,0.69996396,0.00064146,0.69996392
-4569.26358484,0.74959650,0.00068657,0.74959647
-4819.17261080,0.68928525,0.06507031,0.68890890
-4799.87298345,0.70628582,0.00064690,0.70628578
-4633.00951321,0.74100624,0.00067872,0.74100620
-4744.48718643,0.71642055,0.00065619,0.71642051
-4751.36831613,0.72558597,0.00066460,0.72558593
-4678.98154992,0.73876327,0.00067665,0.73876324
-4682.67970274,0.74503463,0.00069928,0.74503459
-4671.11231160,0.75243319,0.00068918,0.75243315
-4691.54057319,0.75103701,0.00068789,0.75103697
-4697.51869979,0.75087087,0.00068775,0.75087083
-4703.76708638,0.74948383,0.00068648,0.74948379
-4727.52060533,0.75000836,0.00068697,0.75000832
-4742.74390707,0.74747899,0.00068463,0.74747895
-4748.91975349,0.75056875,0.00068748,0.75056871
-4775.02199140,0.74759306,0.00068474,0.74759302
-4783.67519566,0.75207618,0.00068886,0.75207614
-4794.97894038,0.75012731,0.00068707,0.75012727
-4807.57899410,0.75270191,0.00068942,0.75270187
-4829.08933957,0.74790357,0.00068502,0.74790353
-4832.55739778,0.74902659,0.00068605,0.74902655
-4840.09134732,0.75170589,0.00068851,0.75170586
-4868.56593993,0.74791262,0.00068503,0.74791258
-4881.39515822,0.74577212,0.00068307,0.74577208
-4889.65271200,0.74781317,0.00091564,0.74781310
-4897.40061141,0.74918825,0.00068620,0.74918821
-4914.93100588,0.74864331,0.00068571,0.74864327
-4929.04239295,0.74911582,0.00068613,0.74911578
-4945.58217293,0.74948904,0.00070982,0.74948900
-4959.11188904,0.74767280,0.00068481,0.74767276
-4968.96328853,0.75100237,0.00068786,0.75100233
-4962.55630022,0.75056838,0.00068747,0.75056834
-4970.06233383,0.74901857,0.00068604,0.74901853
-4956.87035678,0.75104153,0.00068789,0.75104149
-4943.07309403,0.75271547,0.00068944,0.75271543
-4939.63465315,0.75216847,0.00068893,0.75216843
-4916.55088706,0.75098786,0.00068785,0.75098782
-4909.59934718,0.74961902,0.00068660,0.74961899
-4900.92232546,0.74662834,0.00068385,0.74662830
-4890.19883482,0.74892259,0.00070235,0.74892255
-4880.65286907,0.75079450,0.00068768,0.75079446
-4873.28239598,0.75007672,0.00068701,0.75007668
-4869.42900242,0.75143355,0.00068826,0.75143351
-4861.40939746,0.74859270,0.00068566,0.74859266
-4849.89917992,0.74620711,0.00068349,0.74620707
-4838.74513213,0.75073745,0.00068762,0.75073741
-4828.48848372,0.75125709,0.00068810,0.75125705
-4817.41181618,0.74865137,0.00068570,0.74865133
-4802.59669213,0.75170309,0.00068851,0.75170305
-4802.42392993,0.74753062,0.00068468,0.74753058
-4788.69614253,0.75214067,0.00068894,0.75214063
-4778.60305643,0.74924499,0.00069917,0.74924495
-4768.35729780,0.74908512,0.00068611,0.74908508
-4752.11827698,0.75032261,0.00068724,0.75032257
-4748.72622809,0.74634762,0.00068360,0.74634759
-4885.16792676,0.72144910,0.00066080,0.72144907
-4858.47633952,0.71973395,0.00065923,0.71973391
-4858.20963923,0.72218586,0.00066148,0.72218582
-4711.38498429,0.74809171,0.00068529,0.74809168
-4948.66601128,0.69396729,0.00063566,0.69396726
-4802.00363819,0.70345375,0.06576972,0.70307701
-4680.76863369,0.74705276,0.00068425,0.74705272
-4676.38386232,0.74415665,0.00068162,0.74415661
-4918.68168794,0.68255720,0.00062517,0.68255716
-4636.92192526,0.75181969,0.00068861,0.75181965
-4628.86163719,0.75109681,0.00068796,0.75109677
-4769.32760582,0.70220901,0.00064317,0.70220898
-4774.48212480,0.71925934,0.00065879,0.71925930
-4603.57470179,0.74993241,0.00068688,0.74993237
-4695.48624922,0.71497853,0.00065487,0.71497849
-4712.34882997,0.71074270,0.00065101,0.71074267
-4674.66412957,0.71513732,0.00065502,0.71513729
-4722.09036631,0.71758562,0.00065728,0.71758558
-4628.69988517,0.72229622,0.00066157,0.72229618
-4551.70864781,0.74502013,0.00068239,0.74502009
-4519.70511037,0.75032905,0.00068726,0.75032901
-4529.77486657,0.74831767,0.00068541,0.74831763
-4502.89673502,0.75329558,0.00068998,0.75329554
-4487.97339536,0.75250017,0.00071365,0.75250013
-4496.08514481,0.75080701,0.00068769,0.75080697
-4491.64599120,0.74831564,0.00068541,0.74831560
-4477.73506414,0.74950946,0.00068651,0.74950942
-4466.64973061,0.75141845,0.00068825,0.75141841
-4452.81367180,0.75151667,0.00069915,0.75151663
-4444.01719717,0.75056877,0.00068746,0.75056874
-4428.46733779,0.75008364,0.00068704,0.75008360
-4425.45447778,0.75306008,0.00068975,0.75306004
-4412.96407582,0.75216712,0.00068892,0.75216708
-4402.89299647,0.75134694,0.00068819,0.75134690
-4400.35497809,0.74901796,0.00068605,0.74901792
-4390.00493842,0.74945815,0.00068644,0.74945811
-4370.33642010,0.75084667,0.00068772,0.75084664
-4359.45854247,0.75152168,0.00068835,0.75152165
-4363.79842318,0.74824195,0.00068533,0.74824191
-4339.02192330,0.75276883,0.00068948,0.75276879
-4360.94321871,0.74637166,0.00068363,0.74637162
-4365.58605273,0.75135267,0.00068818,0.75135263
-4384.87485833,0.75062625,0.00068751,0.75062621
-4387.79010324,0.75019109,0.00068713,0.75019106
-4415.48777271,0.74745056,0.00069799,0.74745052
-4416.79679931,0.74968712,0.00068666,0.74968708
-4430.92150790,0.74903782,0.00068606,0.74903778
-4444.95460693,0.74808257,0.00068518,0.74808253
-4454.99269745,0.74841307,0.00068549,0.74841303
-4469.58667797,0.74861707,0.00068568,0.74861703
-4491.78683154,0.74735105,0.00068451,0.74735102
-4495.99413821,0.75145176,0.00068827,0.75145173
-4510.65818604,0.75152322,0.00068834,0.75152318
-4517.57643754,0.75004682,0.00068699,0.75004678
-4541.02657699,0.74674845,0.00068398,0.74674841
-4548.16440218,0.74814313,0.00068524,0.74814310
-4582.03353491,0.73966433,0.00067747,0.73966429
-4585.35349604,0.73912474,0.00067698,0.73912470
-4591.77607700,0.74614117,0.00068342,0.74614113
-4597.85495019,0.74790955,0.00068503,0.74790951
-4749.39375422,0.71872574,0.00065830,0.71872571
-4791.97486528,0.71017004,0.00065049,0.71017001
-4843.42617327,0.69651742,0.00064165,0.69651739
-4845.63541113,0.70452963,0.00064531,0.70452960
-4674.92830819,0.74325943,0.00068077,0.74325940
-4696.94974736,0.73797991,0.00067594,0.73797987
-4693.73514799,0.74830980,0.00068539,0.74830976
-4849.85729884,0.71740885,0.00065709,0.71740881
-4857.98713163,0.67402585,0.29294489,0.66618188
-4730.67571331,0.74702909,0.00068422,0.74702905
-4741.36096565,0.74883626,0.00068589,0.74883622
-5165.81652172,0.63564983,0.00058220,0.63564980
-4771.62128283,0.74292650,0.00068048,0.74292646
-4774.87394486,0.75000882,0.00068697,0.75000878
-4890.85920983,0.70756585,0.07208744,0.70711586
-5135.97404222,0.66979365,0.00061348,0.66979362
-4821.02151256,0.74971049,0.00068681,0.74971046
-4830.75499167,0.73909779,0.00067696,0.73909775
-5003.50108975,0.71270950,0.04221255,0.71255635
-5009.64102789,0.71713769,0.00065686,0.71713765
-4871.32426509,0.74922321,0.00088763,0.74922314
-4869.67386696,0.74990645,0.00068686,0.74990641
-4882.83431640,0.75118790,0.00068804,0.75118787
-4903.56938388,0.74945517,0.00068644,0.74945513
-4919.45401677,0.74843681,0.00068551,0.74843677
-4933.34735571,0.75209249,0.00068886,0.75209245
-4938.99774942,0.75093338,0.00071290,0.75093334
-4960.21488924,0.74949381,0.00068648,0.74949377
-4977.70756456,0.74878507,0.00068585,0.74878503
-4981.07403865,0.74876379,0.00068581,0.74876375
-4989.85748138,0.74983134,0.00068678,0.74983130
-5017.31200031,0.74790718,0.00070355,0.74790714
-5026.24246457,0.74907869,0.00068610,0.74907865
-5038.67824649,0.74977975,0.00068678,0.74977971
-5051.37153502,0.75025723,0.00068719,0.75025719
-5068.45380393,0.74705623,0.00068425,0.74705619
-5070.04822027,0.75017026,0.00068711,0.75017022
-5085.77573467,0.75232495,0.00068907,0.75232491
-5110.19325631,0.74802728,0.00068516,0.74802724
-5111.63397637,0.74951650,0.00068651,0.74951646
-5118.62818499,0.75060875,0.00068752,0.75060871
-5133.07274422,0.75170226,0.00068851,0.75170222
-5147.87299128,0.75258701,0.00068931,0.75258697
-5163.49386735,0.75305151,0.00068974,0.75305147
-5171.41610578,0.75187886,0.00068867,0.75187882
-5155.45270716,0.75088150,0.00068777,0.75088146
-5147.92846324,0.75184212,0.00071745,0.75184208
-5133.39910235,0.75052192,0.00068743,0.75052188
-5128.58620209,0.75215161,0.00068893,0.75215158
-5124.56791589,0.75328352,0.00068996,0.75328348
-5117.81785224,0.75076175,0.00068765,0.75076172
-5110.88439812,0.74912560,0.00068625,0.74912557
-5097.93002223,0.74837397,0.00068797,0.74837393
-5077.08824944,0.75181113,0.00068860,0.75181109
-5112.64552708,0.74246648,0.00068006,0.74246645
-5071.34279648,0.74576512,0.00069458,0.74576508
-5109.61444919,0.74017628,0.00067797,0.74017624
-5049.40714362,0.74876347,0.00068581,0.74876344
-5031.17259336,0.74889291,0.00068594,0.74889287
-5027.96752405,0.74805684,0.00068516,0.74805680
-5010.19164253,0.75118811,0.00068803,0.75118807
-5002.48017916,0.74919652,0.00068621,0.74919649
-5000.80551479,0.74708836,0.00068429,0.74708832
-4982.74551421,0.75194702,0.00068873,0.75194698
-5058.14325136,0.72282907,0.00066206,0.72282903
-5103.14680509,0.71401864,0.00065398,0.71401861
-4952.82535057,0.75243405,0.00068919,0.75243401
-4939.24540461,0.75197982,0.00068875,0.75197978
-5075.18075450,0.71166701,0.00065183,0.71166697
-5133.39548075,0.69491881,0.00063649,0.69491878
-4922.79916271,0.73306992,0.00067145,0.73306988
-4995.05403610,0.71626733,0.00068955,0.71626729
-5292.36445244,0.66771705,0.00061158,0.66771702
-4938.39732549,0.72253913,0.00066179,0.72253909
-4951.10187879,0.71734276,0.04740646,0.71715084
-4860.95289812,0.74536459,0.00068271,0.74536456
-5360.16120133,0.61735991,0.00056545,0.61735988
-4839.43158251,0.74913026,0.00068615,0.74913022
-4915.11751642,0.69939785,0.24617884,0.69407014
-5100.53057941,0.65057094,0.00060091,0.65057090
-4970.01490483,0.70627388,0.09658381,0.70546443
-4800.25624246,0.74955856,0.00068655,0.74955852
-4791.41095884,0.74584148,0.00068316,0.74584144
-4793.06429581,0.74214588,0.00067976,0.74214584
-5073.46270736,0.66371812,0.05432501,0.66344571
-5065.93276252,0.66644709,0.00061278,0.66644706
-4945.46518995,0.70116608,0.00064221,0.70116604
-4830.65657252,0.71748188,0.00065716,0.71748184
-4722.56727592,0.74843544,0.00068551,0.74843541
-4795.91810339,0.72120090,0.00066057,0.72120086
-4877.86884967,0.70929900,0.00064966,0.70929896
-4863.23286244,0.71201440,0.00065216,0.71201436
-4816.50054508,0.71040436,0.00065068,0.71040433
-4660.75796154,0.75059478,0.00068751,0.75059474
-4660.05611282,0.75367710,0.00069031,0.75367706
-4647.34392905,0.75183683,0.00068862,0.75183679
-4645.44105211,0.74634140,0.00068359,0.74634137
-4630.22918193,0.74953197,0.00068653,0.74953193
-4606.72692825,0.75068518,0.00068758,0.75068514
-4604.10066971,0.74956677,0.00068655,0.74956673
-4603.47360965,0.74663339,0.00068386,0.74663335
-4586.65285044,0.75239744,0.00068914,0.75239740
-4583.57075507,0.74929101,0.00068629,0.74929097
-4557.34769005,0.75101191,0.00068787,0.75101187
-4561.16992299,0.74974971,0.00068671,0.74974967
-4546.41556693,0.75023098,0.00068715,0.75023095
-4538.98433622,0.75107586,0.00068797,0.75107582
-4534.23285219,0.74824452,0.00068533,0.74824448
-4538.13982447,0.75091420,0.00068778,0.75091416
-4541.16474841,0.75148278,0.00068835,0.75148274
-4562.65119960,0.74991823,0.00068686,0.74991819
-4575.75566074,0.74999655,0.00068696,0.74999652
-4683.23645513,0.71904226,0.00065861,0.71904222
-4607.29882895,0.74819362,0.00068528,0.74819358
-4619.13664597,0.74678569,0.00068400,0.74678565
-4626.30091610,0.75145046,0.00068828,0.75145043
-4644.73810266,0.75198778,0.00068876,0.75198774
-4658.26047626,0.74888188,0.00068592,0.74888184
-4677.49823218,0.74860434,0.00068568,0.74860430
-4691.25714093,0.74833175,0.00068541,0.74833171
-4702.38184710,0.74869603,0.00068575,0.74869599
-4715.95259427,0.74827267,0.00068536,0.74827263
-4725.52851432,0.74963662,0.00068663,0.74963658
-4905.83331104,0.71047303,0.00065105,0.71047300
-4945.33630962,0.67819498,0.26045960,0.67204028
-4954.16082751,0.70345244,0.00064433,0.70345240
-4783.80824898,0.74724727,0.00068443,0.74724723
-4786.40481856,0.75200542,0.00068880,0.75200539
-4802.06593159,0.74950992,0.00068650,0.74950988
-5042.43507269,0.61740446,0.49079548,0.59302651
-5259.38726302,0.63985410,0.00058605,0.63985407
-5383.68072118,0.61815524,0.00056618,0.61815521
-4855.81307737,0.74836592,0.00068546,0.74836588
-4882.10576418,0.72560565,0.00066466,0.72560562
-4884.05019577,0.74881266,0.00068586,0.74881262
-5135.83644798,0.68576519,0.00062811,0.68576516
-5341.60407756,0.63747418,0.00058388,0.63747415
-5104.29872681,0.66186344,0.23871249,0.65656890
-4935.44321643,0.73982885,0.00067765,0.73982882
-5587.92869697,0.60540837,0.00055450,0.60540834
-4970.83990953,0.73054129,0.00066913,0.73054125
-4981.70506524,0.73374178,0.00067205,0.73374175
-4987.97256265,0.73793943,0.00067592,0.73793939
-5508.68912120,0.65057883,0.00059610,0.65057879
-5166.11866538,0.69926652,0.00064047,0.69926648
-5122.89563344,0.70628994,0.03622771,0.70617612
-5329.23779207,0.67967726,0.00062256,0.67967723
-5236.74140248,0.70427371,0.00064506,0.70427368
-5057.48144845,0.74906501,0.00068608,0.74906497
-5164.61115792,0.71114060,0.13478595,0.70957414
-5236.35752144,0.71144018,0.00065162,0.71144014
-5094.02577651,0.75270238,0.00068941,0.75270234
-5120.10899000,0.74880086,0.00068585,0.74880082
-5129.46819478,0.74978988,0.00068687,0.74978984
-5130.81719624,0.74987022,0.00068684,0.74987018
-5149.56729289,0.74717563,0.00068436,0.74717559
-5158.07340529,0.75111387,0.00068796,0.75111384
-5179.81951847,0.74751912,0.00068468,0.74751908
-5199.19527151,0.74758470,0.00068474,0.74758466
-5212.51592014,0.74832954,0.00068551,0.74832950
-5217.93447951,0.74911460,0.00068613,0.74911456
-5244.20875335,0.74775413,0.00068488,0.74775409
-5250.54858885,0.74970877,0.00084735,0.74970871
-5261.26826418,0.75133001,0.00068816,0.75132997
-5260.79550896,0.75218505,0.00068897,0.75218501
-5287.21094946,0.74875465,0.00068580,0.74875461
-5292.44648517,0.75258457,0.00068931,0.75258453
-5313.77119275,0.74784963,0.00068497,0.74784959
-5317.41362891,0.74881185,0.00068587,0.74881181
-5334.81911150,0.75182883,0.00068861,0.75182879
-5354.70240258,0.74810429,0.00068520,0.74810426
-5367.82677204,0.74641228,0.00068366,0.74641224
-5375.44724879,0.74883224,0.00068587,0.74883220
-5360.41137297,0.74955167,0.00068655,0.74955163
-5344.66727540,0.74927440,0.00068629,0.74927436
-5341.12659781,0.75195982,0.00068874,0.75195978
-5337.67951244,0.74935993,0.00068638,0.74935989
-5318.50671929,0.74833146,0.00068542,0.74833143
-5314.19365519,0.75160231,0.00068841,0.75160228
-5308.81865864,0.74845680,0.00069402,0.74845676
-5294.56767819,0.75032538,0.00068724,0.75032534
-5298.17721042,0.74503975,0.00068561,0.74503971
-5268.47809957,0.75343234,0.00069009,0.75343230
-5328.31617042,0.72583133,0.00066482,0.72583129
-5304.16196966,0.73872776,0.00072405,0.73872771
-5250.06434204,0.74866458,0.00068617,0.74866454
-5231.66453546,0.74859211,0.00068565,0.74859207
-5228.57916560,0.74739060,0.00069685,0.74739056
-5207.38398542,0.74992934,0.00068688,0.74992930
-5208.21406793,0.74833956,0.00068543,0.74833952
-5196.70065113,0.74683284,0.00068404,0.74683280
-5184.75849419,0.74927072,0.00068630,0.74927068
-5170.44125288,0.74949670,0.00070089,0.74949666
-5165.46835538,0.74951719,0.00068650,0.74951715
-5308.31877536,0.71410114,0.00065562,0.71410111
-5135.79245067,0.75255038,0.00068930,0.75255034
-5238.75377301,0.67945430,0.36698718,0.66720304
-5513.96561629,0.66062913,0.00060508,0.66062909
-5322.30626741,0.70177869,0.00064278,0.70177865
-5316.05678673,0.69022929,0.00063219,0.69022926
-5751.66676078,0.62781740,0.00057503,0.62781736
-5251.38959644,0.68896295,0.00063131,0.68896291
-5548.37428781,0.59558375,0.00054551,0.59558372
-5709.33133792,0.54697962,0.37071708,0.53136747
-5841.56280081,0.60406024,0.00055327,0.60406021
-5366.92761920,0.58275839,0.54742146,0.55036146
-5508.31484748,0.62446983,0.00057196,0.62446980
-5593.71668952,0.62728497,0.00057454,0.62728494
-5303.02789406,0.57800176,0.72117370,0.51997579
-5014.57459273,0.73184657,0.00067033,0.73184654
-4986.45717451,0.73593988,0.00090738,0.73593981
-4980.34511978,0.72841444,0.04025084,0.72827820
-5640.41452896,0.61721205,0.00056531,0.61721201
-5482.76528951,0.62511964,0.00057256,0.62511961
-4944.61209911,0.74747639,0.00068464,0.74747635
-4935.21491260,0.74686376,0.00068408,0.74686372
-4930.32064357,0.74518881,0.00068254,0.74518877
-4910.63447643,0.74734283,0.00070002,0.74734279
-5121.00842287,0.69166691,0.00063352,0.69166688
-5100.86999118,0.69072084,0.00063266,0.69072080
-5019.41862809,0.70921935,0.00065321,0.70921931
-4879.01787199,0.74678655,0.00068400,0.74678651
-4862.91764365,0.75023221,0.00068716,0.75023217
-4850.87960375,0.75079646,0.00068768,0.75079642
-4849.91309415,0.74745548,0.00068462,0.74745544
-4829.38609484,0.75081473,0.00068769,0.75081469
-4822.61566191,0.75017855,0.00068710,0.75017851
-4802.12600884,0.75226167,0.00068902,0.75226163
-4807.42837382,0.75053158,0.00068743,0.75053154
-4787.92090198,0.75063664,0.00068752,0.75063661
-4786.72184061,0.74610992,0.00068340,0.74610988
-4762.92366340,0.75207733,0.00068886,0.75207729
-4749.19647350,0.75183438,0.00068863,0.75183434
-4749.45204262,0.74851869,0.00071508,0.74851864
-4747.51688009,0.74902289,0.00068605,0.74902285
-4729.90067097,0.75143143,0.00068826,0.75143139
-4741.28752254,0.75012510,0.00068706,0.75012506
-4749.32065676,0.74818441,0.00068530,0.74818438
-4768.95587239,0.74673751,0.00068398,0.74673747
-4778.10672910,0.74781532,0.00068494,0.74781529
-4783.10162329,0.74997674,0.00068695,0.74997670
-4807.48699309,0.74722952,0.00068440,0.74722948
-4806.35045698,0.75125581,0.00068809,0.75125577
-4837.24788805,0.74781650,0.00068494,0.74781646
-4825.24854609,0.75356162,0.00069021,0.75356158
-4856.80427313,0.74820940,0.00068531,0.74820936
-4861.22764427,0.74944850,0.00069211,0.74944846
-4869.24355159,0.75124096,0.00068808,0.75124092
-4931.30045425,0.73369705,0.00067201,0.73369701
-5027.73461155,0.71040216,0.00065067,0.71040213
-4907.89148318,0.75190509,0.00068870,0.75190505
-4920.44375278,0.75041582,0.00068733,0.75041578
-4944.91156698,0.74182582,0.00069083,0.74182578
-5286.59901556,0.65131370,0.00059656,0.65131367
-4960.88835199,0.74783536,0.00068496,0.74783533
-4971.07570919,0.74916589,0.00068618,0.74916585
-5120.84009366,0.69053034,0.09963182,0.68964929
-5002.45355642,0.75213962,0.00068892,0.75213958
-5487.27500059,0.58235791,0.38232510,0.56677562
-5865.79949501,0.61027109,0.00055897,0.61027106
-5841.30645513,0.56930861,0.00101964,0.56930850
-5997.62513434,0.53039007,0.20813082,0.52536379
-5316.57571192,0.65451433,0.04807706,0.65429800
-5319.15569957,0.65190130,0.30347753,0.64318988
-5899.23743640,0.60418025,0.00055338,0.60418022
-6050.45176680,0.57487563,0.00052654,0.57487560
-5991.70285601,0.57934123,0.00054164,0.57934119
-6090.53910126,0.60401758,0.00055323,0.60401755
-6072.13271435,0.57630083,0.00052784,0.57630080
-5958.79600766,0.58449803,0.00105205,0.58449791
-5951.91894788,0.58148132,0.00053260,0.58148129
-5976.84042247,0.61407515,0.00056244,0.61407512
-5871.31351433,0.58392018,0.00053482,0.58392015
-5682.93099255,0.66108511,0.00060550,0.66108508
-5701.18842483,0.65352744,0.00059858,0.65352741
-5513.93130760,0.64322894,0.00058914,0.64322890
-5289.99433000,0.73553176,0.00067369,0.73553172
-5470.79545054,0.70092715,0.00064199,0.70092711
-5286.36661414,0.74855093,0.00068563,0.74855089
-5374.59270396,0.72176547,0.00066108,0.72176543
-5299.12218279,0.75219809,0.00068895,0.75219805
-5321.29740406,0.74716348,0.00068435,0.74716344
-5336.85686227,0.74917813,0.00068623,0.74917809
-5345.46613834,0.75146956,0.00068829,0.75146952
-5354.26873840,0.75021883,0.00068714,0.75021879
-5383.48882095,0.74691907,0.00068412,0.74691903
-5408.79673507,0.74344996,0.00068095,0.74344992
-5410.84092842,0.74738823,0.00068455,0.74738819
-5462.42567315,0.73371789,0.00067203,0.73371785
-5435.87139375,0.74821664,0.00068531,0.74821660
-5444.88300967,0.75028501,0.00068723,0.75028497
-5456.19389625,0.75196707,0.00068877,0.75196703
-5464.21244613,0.74976104,0.00068672,0.74976100
-5484.54415970,0.74730699,0.00080169,0.74730694
-5491.93522622,0.74982464,0.00068678,0.74982460
-5504.49026553,0.75113121,0.00068798,0.75113118
-5527.23339542,0.74723262,0.00068443,0.74723259
-5532.18215826,0.75167558,0.00068848,0.75167554
-5553.94071907,0.74860436,0.00069273,0.74860432
-5547.32383782,0.75385069,0.00069049,0.75385065
-5571.77167901,0.75088815,0.00068775,0.75088811
-5567.98223203,0.74810004,0.00068786,0.74810000
-5550.26473963,0.75163728,0.00068844,0.75163724
-5545.04163852,0.74872575,0.00068577,0.74872571
-5526.66766277,0.75048836,0.00068739,0.75048832
-5523.97468383,0.74818460,0.00068528,0.74818456
-5506.13994854,0.75061997,0.00068751,0.75061994
-5504.80141478,0.74836316,0.00069490,0.74836312
-5492.03617628,0.74963121,0.00068660,0.74963117
-5473.99295087,0.75278029,0.00068950,0.75278026
-5467.38062134,0.74570028,0.00068301,0.74570024
-5471.05310235,0.74502524,0.00068238,0.74502520
-5456.08078557,0.74792351,0.00070633,0.74792347
-5440.26578457,0.75097741,0.00068784,0.75097737
-5433.72368033,0.75040529,0.00069050,0.75040525
-5411.67871855,0.75269169,0.00068942,0.75269165
-5427.59644507,0.74359333,0.00068110,0.74359329
-5404.37219315,0.75114390,0.00068945,0.75114386
-5392.28784654,0.74894512,0.00068597,0.74894508
-5381.13392083,0.74839807,0.00068547,0.74839803
-5515.73595750,0.72094202,0.00066034,0.72094198
-5366.62554746,0.74460465,0.00068202,0.74460461
-5685.27275926,0.64153376,0.00058759,0.64153372
-5497.58292697,0.70093064,0.00064200,0.70093060
-5679.12355120,0.66652711,0.02455350,0.66647171
-5898.48412784,0.61499300,0.00056328,0.61499297
-5999.42518259,0.63070824,0.00057768,0.63070821
-6167.86175454,0.59534758,0.00054530,0.59534755
-6249.32115175,0.60349356,0.00055275,0.60349353
-6328.29604477,0.57791656,0.02029881,0.57787289
-6409.30736115,0.56656897,0.00051895,0.56656894
-6382.81388520,0.58360187,0.00053453,0.58360184
-6381.51323414,0.59777958,0.00054752,0.59777955
-6308.46672857,0.59357245,0.00054366,0.59357242
-6320.93146051,0.60079157,0.00055028,0.60079154
-6353.57240244,0.57513382,0.00177806,0.57513348
-6463.68681706,0.47871639,0.47273320,0.44921430
-6410.45672753,0.46961574,0.48287012,0.43815112
-6278.13055974,0.56698482,0.00060223,0.56698478
-6169.96640731,0.58876788,0.00053926,0.58876785
-6140.01220801,0.59972876,0.00054930,0.59972873
-5150.67201526,0.74477757,0.00068218,0.74477753
-5138.64880298,0.74624432,0.00068351,0.74624429
-5123.71432913,0.74865262,0.00068572,0.74865258
-5120.77640497,0.75188005,0.00068866,0.75188002
-5138.92703413,0.72795937,0.00066678,0.72795933
-6206.93504566,0.46869696,0.64029447,0.41164871
-5094.81023428,0.74337909,0.00068087,0.74337906
-5074.84273184,0.74908665,0.00068612,0.74908662
-5073.76354887,0.74796749,0.00068508,0.74796745
-5225.72920005,0.71084449,0.00065108,0.71084445
-5175.18924913,0.70836061,0.00064880,0.70836057
-5032.75333072,0.75028645,0.00068724,0.75028641
-5031.42815573,0.74986887,0.00068682,0.74986883
-5018.03131086,0.75062952,0.00068752,0.75062949
-5010.23690187,0.74924756,0.00068628,0.74924752
-5003.68452172,0.74825047,0.00068534,0.74825043
-4989.65202021,0.75112559,0.00068797,0.75112555
-4976.56693790,0.75033534,0.00068725,0.75033530
-4963.08770474,0.75085589,0.00068774,0.75085585
-4948.59055679,0.75083244,0.00068771,0.75083240
-4939.50549920,0.75043707,0.00068734,0.75043704
-4933.68372817,0.74790803,0.00068504,0.74790799
-4925.62442786,0.75035510,0.00068727,0.75035506
-4930.81377706,0.74862505,0.00068571,0.74862501
-4949.46556777,0.74703055,0.00068423,0.74703051
-4963.56066896,0.74984490,0.00068681,0.74984487
-4980.18339283,0.74802415,0.00069892,0.74802411
-4988.22937383,0.74744908,0.00068461,0.74744904
-5002.06167026,0.75269132,0.00068943,0.75269128
-5000.69158975,0.75068871,0.00068759,0.75068867
-5029.98554035,0.74755597,0.00068470,0.74755594
-5035.30084313,0.75171427,0.00068853,0.75171423
-5173.98908272,0.70727445,0.00064780,0.70727442
-5066.30293952,0.74472775,0.00068211,0.74472771
-5074.88042395,0.74969919,0.00068667,0.74969915
-5249.22282477,0.71553592,0.02585401,0.71547870
-5329.94806194,0.69962201,0.00064080,0.69962197
-5309.35972945,0.69481923,0.05220468,0.69457894
-5132.38567077,0.74934373,0.00068636,0.74934369
-5165.24293880,0.74101907,0.00067874,0.74101904
-6377.18541564,0.36347861,0.95852453,0.13988376
-5365.03524833,0.68025967,0.00066712,0.68025963
-5172.78795863,0.74946627,0.00068647,0.74946624
-5189.48489765,0.74846344,0.00068553,0.74846341
-6272.56272529,0.45049013,0.54467906,0.40816496
-5933.95737525,0.49490708,0.73882625,0.42197708
-6391.51206536,0.58040197,0.00053161,0.58040194
-6530.96730401,0.58102317,0.00053217,0.58102314
-6655.65938426,0.55996533,0.00165263,0.55996503
-6688.02437625,0.52361515,0.19235907,0.51926879
-6705.48720533,0.49252899,0.55059935,0.45326344
-6637.99752838,0.57748870,0.00054404,0.57748867
-6637.91060903,0.59569380,0.00054562,0.59569377
-6656.76772607,0.58529644,0.00053608,0.58529641
-6662.62125586,0.59330332,0.00054342,0.59330329
-6692.15136345,0.58123080,0.00053236,0.58123077
-6697.20744481,0.57490797,0.00073236,0.57490791
-6631.73602597,0.57273953,0.05998127,0.57235465
-6511.25780850,0.59596185,0.00054585,0.59596182
-6446.05259080,0.59125287,0.00054154,0.59125284
-6254.38827174,0.63217250,0.00057902,0.63217246
-6150.05056287,0.58404530,0.00053494,0.58404527
-5611.18313566,0.71272557,0.02921854,0.71265220
-5655.43899835,0.70468406,0.00076726,0.70468401
-5930.02036283,0.59991048,0.00054947,0.59991045
-5492.08262743,0.73792500,0.00067591,0.73792496
-5677.19016305,0.70910784,0.00064951,0.70910781
-5496.56406815,0.75180559,0.00071964,0.75180555
-5522.40810245,0.74829265,0.00069062,0.74829261
-5555.29179814,0.73887391,0.00067675,0.73887388
-5726.77116795,0.70952650,0.00064987,0.70952647
-5592.94693860,0.73550656,0.00067366,0.73550653
-5578.58999909,0.74846664,0.00068557,0.74846660
-5637.86059520,0.73046429,0.00066906,0.73046425
-5590.68960658,0.75349080,0.00069018,0.75349076
-5603.23137188,0.75121322,0.00068806,0.75121318
-5631.01883600,0.74671776,0.00068404,0.74671772
-5639.36253374,0.74748588,0.00068464,0.74748584
-5657.68401994,0.74413032,0.00068156,0.74413029
-5668.20329015,0.74586582,0.00070033,0.74586578
-5680.64877160,0.74767921,0.00068482,0.74767917
-5690.32866497,0.75068334,0.00068757,0.75068330
-5690.24601985,0.75242499,0.00068919,0.75242495
-5712.39064062,0.75101105,0.00068789,0.75101101
-5749.16653637,0.74505641,0.00068242,0.74505637
-5740.44842674,0.75090500,0.00068777,0.75090496
-5759.03298951,0.74837529,0.00070918,0.74837525
-5758.78247082,0.75188215,0.00068867,0.75188211
-5746.41388620,0.74877814,0.00068583,0.74877810
-5742.22590133,0.74898842,0.00068601,0.74898838
-5722.79587469,0.75182608,0.00068863,0.75182605
-5723.38924933,0.74906958,0.00068675,0.74906954
-5721.02551927,0.74510914,0.00068246,0.74510911
-5696.39014280,0.75112867,0.00068798,0.75112864
-5682.29576444,0.75071656,0.00068760,0.75071652
-5674.66863389,0.74962811,0.00068661,0.74962807
-5665.63838400,0.74863207,0.00068569,0.74863203
-5654.18904976,0.74874382,0.00069131,0.74874378
-5655.88602857,0.74283091,0.01316561,0.74281662
-5636.81672692,0.74582152,0.00068312,0.74582148
-5621.06603892,0.74857823,0.00068564,0.74857819
-5616.11188479,0.74519236,0.00068254,0.74519232
-5764.78723871,0.69522487,0.00172998,0.69522461
-5773.05021742,0.70784744,0.00064834,0.70784740
-5693.80690584,0.70802059,0.00064850,0.70802056
-5567.77382403,0.75001983,0.00068696,0.75001979
-5656.12516785,0.72182199,0.00066136,0.72182195
-5779.93741144,0.70116162,0.00095732,0.70116154
-5818.07718942,0.60907851,0.21624479,0.60435776
-5541.05688609,0.73437876,0.00067263,0.73437872
-6134.53409933,0.58693575,0.00053758,0.58693572
-5945.99349372,0.64453695,0.06125741,0.64418026
-6399.72465865,0.57194316,0.00052388,0.57194313
-6533.25975417,0.61731772,0.00056541,0.61731769
-6686.77741426,0.59759718,0.00054735,0.59759715
-6783.73058279,0.59488192,0.00054486,0.59488189
-6909.72592701,0.58187542,0.00120709,0.58187526
-6965.29933620,0.56319803,0.21601525,0.55810022
-6948.10640481,0.58746056,0.00053806,0.58746053
-6933.65847960,0.59520980,0.00054516,0.59520977
-6946.13522368,0.59075719,0.00077895,0.59075713
-7119.94467396,0.55268123,0.14182656,0.55044753
-7046.69493496,0.56415761,0.00110560,0.56415748
-6985.71490784,0.54617780,0.16926647,0.54295527
-6902.34927918,0.56336098,0.00051599,0.56336095
-6824.03317081,0.58452803,0.00053540,0.58452800
-6764.50533866,0.59318064,0.00095600,0.59318054
-6610.87893517,0.57613404,0.00052769,0.57613401
-6413.61539679,0.57057252,0.00089400,0.57057244
-6618.85419225,0.38938711,0.85258775,0.25015266
-5427.97611288,0.70620733,0.00064683,0.70620729
-5455.99521017,0.70525486,0.00064596,0.70525482
-6601.70381149,0.50091252,0.09279185,0.49985857
-5364.05848461,0.68335547,0.26725220,0.67692340
-5296.40200526,0.73673073,0.00067479,0.73673070
-5261.70748137,0.75172283,0.00068854,0.75172279
-5618.44389961,0.64581537,0.00059151,0.64581534
-5543.23835140,0.66259732,0.08782476,0.66188393
-5373.28664682,0.71410886,0.00065436,0.71410882
-5230.71851258,0.74201258,0.00067963,0.74201254
-5378.40985820,0.70691758,0.00084458,0.70691752
-5362.88264428,0.71676800,0.00065651,0.71676796
-5230.96875679,0.73610884,0.00067423,0.73610880
-5189.92394455,0.74729036,0.00068446,0.74729033
-5178.55345185,0.74920575,0.00068622,0.74920571
-5161.45413413,0.74788355,0.00068501,0.74788352
-5139.59168638,0.75145538,0.00068828,0.75145534
-5125.73538401,0.75302779,0.00068973,0.75302775
-5130.08203549,0.75214889,0.00068891,0.75214885
-5124.44755203,0.74962405,0.00068661,0.74962402
-5113.52736777,0.74956587,0.00068656,0.74956583
-5107.40133131,0.75158141,0.00068840,0.75158138
-5134.25775534,0.75136385,0.00068820,0.75136382
-5149.99211393,0.74945522,0.00068644,0.74945518
-5162.73305174,0.74907733,0.00068610,0.74907730
-5174.03480280,0.74914172,0.00068616,0.74914169
-5187.70159954,0.74654173,0.00068377,0.74654169
-5201.29518757,0.74884609,0.00068589,0.74884605
-5211.72571874,0.74808264,0.00068518,0.74808260
-5223.36348048,0.74998268,0.00068693,0.74998264
-5372.83529927,0.71777531,0.00065745,0.71777528
-5535.58086033,0.68470771,0.00062714,0.68470768
-5624.30229998,0.64113081,0.00058730,0.64113078
-5260.82364619,0.75220543,0.00068896,0.75220539
-5293.79548291,0.74181286,0.00067944,0.74181282
-5983.45383365,0.58435286,0.00107638,0.58435274
-5933.34884000,0.49209014,0.74278738,0.41781025
-5312.83933464,0.74813699,0.00068523,0.74813696
-5564.21447043,0.66716640,0.00061112,0.66716637
-6859.71198576,0.52961074,0.00048509,0.52961071
-6769.89457043,0.49029132,0.13892049,0.48787444
-6153.48092803,0.57063722,0.00118967,0.57063707
-6514.22611229,0.56269385,0.00051540,0.56269382
-6685.18123564,0.59191893,0.00054215,0.59191890
-6852.34986874,0.58490267,0.00053574,0.58490264
-7004.99713977,0.58952485,0.00053996,0.58952482
-7091.56157902,0.59177833,0.00054203,0.59177830
-7156.59509936,0.57813210,0.00053332,0.57813207
-7192.67720364,0.57648982,0.00052802,0.57648979
-7358.55409535,0.57780229,0.00052923,0.57780226
-7229.23073515,0.57987603,0.00053114,0.57987600
-7186.05095832,0.59860174,0.00054827,0.59860171
-7206.88097001,0.60137178,0.00055081,0.60137175
-7169.58457997,0.60860334,0.00055743,0.60860331
-7167.89345796,0.55470646,0.34503778,0.54140142
-7088.85087244,0.59150505,0.00054177,0.59150502
-7017.36978537,0.60134995,0.00055079,0.60134992
-6923.22466159,0.59538768,0.00084163,0.59538761
-6833.37985098,0.61424054,0.00056259,0.61424051
-6655.27494091,0.58694864,0.00053760,0.58694861
-6485.23019468,0.56924127,0.16992786,0.56612576
-6381.59713371,0.60886962,0.00055767,0.60886958
-5637.23388202,0.74534208,0.00068268,0.74534204
-6047.33120772,0.63626001,0.00058276,0.63625997
-5905.89496388,0.69249640,0.00063430,0.69249637
-5695.47713930,0.74150747,0.00067916,0.74150743
-5695.30363033,0.74890158,0.00068594,0.74890154
-5859.27845710,0.71464410,0.00065456,0.71464406
-5872.02768710,0.71614675,0.00068285,0.71614671
-5736.77344145,0.73849559,0.00067641,0.73849555
-5742.97953972,0.74964982,0.00068662,0.74964978
-5750.68587377,0.75300506,0.00068970,0.75300502
-5772.84238817,0.75066705,0.00068758,0.75066701
-5777.59733536,0.75303002,0.00068974,0.75302999
-5797.21849776,0.74833396,0.00068541,0.74833392
-5809.43288009,0.75109733,0.00071036,0.75109729
-5827.05678721,0.74696358,0.00068417,0.74696354
-5830.97646466,0.75004085,0.00068698,0.75004081
-5848.26291447,0.75225450,0.00068901,0.75225446
-5862.91866571,0.75209172,0.00068887,0.75209168
-5879.48836577,0.74981102,0.00093243,0.74981095
-5894.19439452,0.74781106,0.00068494,0.74781102
-5905.80893130,0.74860048,0.00068566,0.74860044
-5917.16565685,0.74787308,0.00068880,0.74787304
-5929.51599658,0.75031152,0.00068724,0.75031148
-5930.37085982,0.75067767,0.00068756,0.75067763
-5923.92041350,0.75034486,0.00068728,0.75034482
-5908.94351775,0.75103213,0.00070442,0.75103208
-5900.93991672,0.75035062,0.00068726,0.75035058
-5888.27559364,0.74805314,0.00068516,0.74805311
-5883.04950685,0.75086275,0.00068776,0.75086271
-5868.78377413,0.75274824,0.00068947,0.75274820
-5865.66427419,0.75226888,0.00068903,0.75226884
-5856.54634364,0.74985426,0.00068681,0.74985422
-5854.35290243,0.75214997,0.00068897,0.75214993
-5862.47257797,0.74171822,0.00067936,0.74171818
-5833.75374794,0.74812520,0.00096517,0.74812512
-5820.88357805,0.74734298,0.00068451,0.74734295
-5795.87875164,0.75031415,0.00068723,0.75031411
-5792.65875106,0.75227563,0.00068903,0.75227559
-5777.68707232,0.74985816,0.00068682,0.74985813
-5916.39848042,0.72366316,0.00066306,0.72366312
-5953.68235155,0.71002526,0.00065033,0.71002523
-5759.14335937,0.74885141,0.00071118,0.74885137
-5743.38786421,0.75237955,0.00068912,0.75237951
-5727.76395567,0.75160010,0.00068842,0.75160007
-6311.95399790,0.62012111,0.00056798,0.62012108
-6318.44961806,0.56268072,0.12732426,0.56091326
-6655.84802647,0.59381029,0.00056477,0.59381026
-6803.39634457,0.57008256,0.20712355,0.56545456
-6944.24002625,0.60409215,0.00055330,0.60409212
-7108.29423166,0.60180547,0.00055120,0.60180544
-7136.58772413,0.60524615,0.00055436,0.60524612
-7254.03464149,0.60192343,0.00055132,0.60192340
-7325.10450402,0.60320057,0.00055249,0.60320054
-7398.04833404,0.60581362,0.00055488,0.60581359
-7424.38988916,0.61162306,0.00056020,0.61162303
-7446.60138868,0.61155399,0.00056013,0.61155396
-7466.78906220,0.59079248,0.00054112,0.59079245
-7790.72897839,0.57285595,0.00052490,0.57285592
-7520.15744301,0.59389594,0.00054396,0.59389591
-7474.74758354,0.57952263,0.00053079,0.57952260
-7445.69812044,0.58720894,0.00053784,0.58720891
-7368.61163392,0.59781267,0.00054756,0.59781264
-7290.19657781,0.59901757,0.00054865,0.59901754
-7163.51570283,0.58339533,0.00053434,0.58339530
-7027.78731105,0.58181588,0.00053290,0.58181585
-6773.11661219,0.58762218,0.00100800,0.58762208
-6800.61642430,0.55630571,0.00050953,0.55630569
-6989.25676125,0.56887462,0.00052104,0.56887459
-7043.55170328,0.54491434,0.00049910,0.54491431
-7156.61341419,0.40588885,0.56358644,0.35473388
-5471.41597607,0.73238115,0.00067081,0.73238111
-6402.24962374,0.55262283,0.00050616,0.55262280
-6261.44256519,0.55231818,0.00050589,0.55231815
-5436.60594873,0.74920579,0.00068653,0.74920575
-6025.81186651,0.49992199,0.80262468,0.41352959
-5991.73335768,0.61284979,0.00056132,0.61284976
-5708.36589172,0.65677910,0.00060156,0.65677907
-5380.43111579,0.75002662,0.00068698,0.75002658
-5386.01629528,0.74738764,0.00068457,0.74738760
-5391.05752922,0.74200928,0.00067971,0.74200924
-5353.55994293,0.74947092,0.00068647,0.74947089
-5347.86778270,0.75295185,0.00068965,0.75295181
-5345.42654224,0.74829392,0.00068538,0.74829388
-5324.26559656,0.75220613,0.00068899,0.75220609
-5324.02288563,0.74896872,0.00068601,0.74896868
-5302.16723698,0.75233193,0.00068908,0.75233190
-5302.97433083,0.74929043,0.00068631,0.74929039
-5305.51362918,0.75127006,0.00068810,0.75127002
-5325.04653380,0.74941305,0.00068640,0.74941301
-5329.39094244,0.75069002,0.00068758,0.75068998
-5341.73731863,0.75142413,0.00068826,0.75142409
-5436.86481134,0.72362474,0.00066300,0.72362470
-5382.12927465,0.74606231,0.00069417,0.74606227
-5381.74578814,0.74992623,0.00068688,0.74992620
-5525.45584690,0.71278478,0.00065288,0.71278474
-5597.43399773,0.68406571,0.00062655,0.68406568
-5423.86795502,0.75296812,0.00068966,0.75296808
-5432.23722790,0.75167184,0.00068847,0.75167180
-6282.87838431,0.54763568,0.00050159,0.54763565
-6487.01873775,0.57068757,0.00052270,0.57068754
-6496.52676499,0.42493825,0.86189117,0.29928683
-5489.06079354,0.74205941,0.00068254,0.74205937
-6779.16309959,0.58496909,0.00053578,0.58496906
-6642.75634105,0.56350582,0.05347690,0.56319489
-7182.35593179,0.46631423,0.31520511,0.45307623
-7263.84592879,0.56840666,0.00052084,0.56840663
-7247.78674405,0.59077614,0.00054110,0.59077611
-7219.49543807,0.57674812,0.00052825,0.57674809
-7188.62734855,0.57802110,0.00119242,0.57802095
-7367.21831671,0.57614467,0.00052884,0.57614464
-7521.61512727,0.57644659,0.00105668,0.57644647
-7575.42600201,0.59093361,0.00054125,0.59093358
-7616.00682691,0.59945205,0.00054905,0.59945202
-7684.79038817,0.59558657,0.00054657,0.59558654
-7727.15067280,0.58673660,0.00053740,0.58673657
-7815.09217568,0.59804711,0.00114741,0.59804698
-7843.96903847,0.60535897,0.00075492,0.60535891
-7743.70895866,0.59353859,0.00054363,0.59353856
-7725.88153196,0.60800108,0.00055689,0.60800105
-7668.35931698,0.61019955,0.00055889,0.61019951
-7669.44395200,0.61099992,0.00055964,0.61099989
-7573.49279623,0.60409919,0.00055330,0.60409916
-7495.63572062,0.59252224,0.00054270,0.59252221
-7495.97517824,0.58644026,0.00053714,0.58644023
-7283.99853722,0.60634453,0.00055536,0.60634449
-7183.46440035,0.60265958,0.00055200,0.60265955
-7050.10151878,0.59607332,0.00054601,0.59607329
-6959.42136105,0.57094975,0.00052297,0.57094972
-6701.34455756,0.58210517,0.00053316,0.58210514
-6617.75510463,0.52599177,0.47097174,0.49949483
-5996.28640633,0.70883165,0.00064923,0.70883161
-5871.46164518,0.74625820,0.00068351,0.74625816
-5884.79346359,0.75320772,0.00068988,0.75320768
-6136.33358405,0.69262429,0.00063484,0.69262426
-6055.84817345,0.72259892,0.00066185,0.72259888
-5942.11439998,0.73699275,0.00067504,0.73699271
-5927.77468134,0.75100030,0.00070505,0.75100026
-5953.51688352,0.74787600,0.00068499,0.74787596
-5972.78502152,0.74743013,0.00068460,0.74743009
-5975.84374573,0.75176282,0.00068856,0.75176279
-5988.44236171,0.74956766,0.00068655,0.74956762
-6007.40550603,0.75113468,0.00068801,0.75113465
-6002.97717767,0.75255502,0.00068929,0.75255498
-6037.07980148,0.74845148,0.00068663,0.74845144
-6046.45176197,0.74808434,0.00068518,0.74808431
-6058.94641874,0.75062968,0.00068754,0.75062964
-6089.22384767,0.74184620,0.00067947,0.74184616
-6091.10931728,0.74090206,0.00067862,0.74090202
-6091.61708391,0.75218192,0.00068895,0.75218188
-6108.71656019,0.75043502,0.00068734,0.75043498
-6118.13427277,0.74813926,0.00068524,0.74813922
-6132.79725506,0.74668352,0.00071264,0.74668348
-6135.22728608,0.74155471,0.00067922,0.74155468
-6114.33365977,0.74757100,0.00070103,0.74757096
-6163.56642351,0.73124202,0.01905733,0.73121160
-6080.13814191,0.74575731,0.00068305,0.74575727
-6074.48727755,0.75158731,0.00068841,0.75158727
-6082.80247524,0.75002043,0.00068696,0.75002040
-6072.98043216,0.74585856,0.00068315,0.74585853
-6037.84666584,0.74891934,0.00068597,0.74891930
-6033.78393024,0.74478112,0.00068217,0.74478108
-6035.81728439,0.75083271,0.00068772,0.75083267
-6019.11681056,0.75176097,0.00068855,0.75176093
-5999.04035441,0.75018767,0.00068712,0.75018763
-5990.93566204,0.74962843,0.00068662,0.74962839
-5990.88157098,0.74856281,0.00068564,0.74856277
-6117.96863090,0.71890874,0.00065846,0.71890870
-6113.14056617,0.71793628,0.00065759,0.71793624
-6270.11148701,0.67020518,0.00061385,0.67020515
-5949.41803207,0.74050958,0.00067826,0.74050954
-6096.34862918,0.70290802,0.00064382,0.70290798
-6105.98675726,0.71081571,0.00065106,0.71081568
-6528.01697174,0.58074109,0.28649107,0.57201903
-6953.10452297,0.59844953,0.00054814,0.59844950
-7171.16571474,0.57868826,0.00062830,0.57868822
-7264.72121742,0.59808546,0.00054780,0.59808542
-7419.09646476,0.59513949,0.00054515,0.59513946
-7866.77307895,0.56546602,0.00080354,0.56546595
-7923.31696579,0.56391400,0.00061020,0.56391396
-8048.85450119,0.55873454,0.00051198,0.55873451
-7814.36324544,0.59977940,0.00054935,0.59977937
-7866.21007174,0.61700141,0.00056513,0.61700137
-7928.18228921,0.61083765,0.00055948,0.61083762
-7995.21827987,0.60080054,0.00055029,0.60080051
-8386.16931529,0.55278091,0.07479204,0.55216074
-8038.53667695,0.59556076,0.00054548,0.59556073
-8043.46777058,0.59382619,0.00054390,0.59382616
-7997.89698527,0.59741734,0.00054718,0.59741731
-7954.73520818,0.59606598,0.00054596,0.59606595
-7912.43273894,0.59033610,0.00054071,0.59033607
-7842.99779856,0.58764445,0.00053823,0.58764442
-7822.59227857,0.57492074,0.00055604,0.57492071
-7737.00445889,0.56162890,0.00051442,0.56162887
-7525.92451484,0.57851069,0.00052987,0.57851066
-7488.12623290,0.58580856,0.00053655,0.58580853
-7510.51381561,0.59037244,0.00054074,0.59037241
-7420.65400433,0.57915511,0.00053046,0.57915508
-7014.47630444,0.56934828,0.00052148,0.56934825
-7004.04875181,0.57821055,0.00052959,0.57821052
-7107.95783474,0.58351602,0.00053445,0.58351599
-6540.67125500,0.57791894,0.00052933,0.57791891
-6842.35355752,0.56128672,0.00051410,0.56128669
-6826.43740610,0.56546313,0.00051792,0.56546310
-5574.38633861,0.74578711,0.00068308,0.74578707
-5569.03035366,0.75330444,0.00068997,0.75330440
-5576.65957925,0.73619629,0.00067430,0.73619625
-5813.13996215,0.66825649,0.00061207,0.66825645
-5545.14506884,0.75036856,0.00068769,0.75036852
-5532.34085627,0.75135047,0.00068819,0.75135043
-5680.96332907,0.70541295,0.01738230,0.70538671
-5520.86318234,0.73891682,0.00067775,0.73891678
-5507.61642590,0.74663858,0.00068386,0.74663855
-5491.61123018,0.75239000,0.00068915,0.75238997
-5481.30098890,0.75070273,0.00068759,0.75070269
-5465.26056064,0.75015126,0.00068709,0.75015122
-5484.82278465,0.74953301,0.00068653,0.74953297
-5494.00536553,0.74787515,0.00068501,0.74787511
-5500.64776632,0.75055015,0.00068744,0.75055011
-5508.46233544,0.75061236,0.00068753,0.75061232
-5532.23275241,0.74709990,0.00068429,0.74709986
-5709.33525557,0.71377077,0.00065380,0.71377073
-5674.06919421,0.70866677,0.00064908,0.70866674
-5560.97670563,0.75298539,0.00068970,0.75298535
-5587.38051596,0.74591460,0.00068320,0.74591457
-6323.97682642,0.46719156,0.70217528,0.39732771
-5603.37794020,0.74035001,0.00067812,0.74034998
-5616.83059938,0.73953900,0.00067860,0.73953896
-7056.88733176,0.50360677,0.21855647,0.49776332
-7097.85171172,0.57704960,0.00052854,0.57704957
-7211.77020885,0.57528447,0.00052691,0.57528444
-7220.20508599,0.57586438,0.00052744,0.57586435
-7297.62112858,0.58284054,0.00053384,0.58284051
-7301.56683423,0.57928751,0.00053058,0.57928748
-7426.42058353,0.57661529,0.00052813,0.57661526
-7577.76539420,0.59863856,0.00055351,0.59863853
-7670.14432472,0.60041351,0.00054994,0.60041348
-7817.31867486,0.58449293,0.00053536,0.58449290
-7948.75536004,0.57351392,0.00052529,0.57351389
-8038.90862058,0.58908394,0.00110643,0.58908381
-8125.27448215,0.59076139,0.00143983,0.59076118
-8175.86878402,0.58561575,0.00053639,0.58561572
-8202.66147933,0.59101408,0.00054134,0.59101405
-8251.74692491,0.59026273,0.00054063,0.59026270
-8298.98043224,0.59609063,0.00054599,0.59609060
-8468.61113488,0.56678867,0.00142722,0.56678845
-8273.07939693,0.59384749,0.00054392,0.59384746
-8183.51637550,0.60467887,0.00055384,0.60467884
-8153.74064197,0.60289523,0.00055220,0.60289520
-8081.42014108,0.61044613,0.00056092,0.61044610
-8025.48010939,0.60882009,0.00055765,0.60882006
-8125.41975209,0.58589545,0.00053665,0.58589542
-8025.26991937,0.57887433,0.00162774,0.57887405
-7965.66139578,0.55751936,0.10617179,0.55627957
-7646.96470121,0.59122914,0.00054154,0.59122911
-7501.63100252,0.60182601,0.00055122,0.60182598
-7332.35612988,0.59211786,0.00054233,0.59211783
-7187.38031547,0.58873185,0.00053925,0.58873182
-6795.63762200,0.58910957,0.00053961,0.58910954
-6238.23297383,0.70140473,0.00064244,0.70140469
-6173.11591733,0.70150456,0.00064253,0.70150453
-6530.17733856,0.59303653,0.00054317,0.59303650
-6398.80296092,0.66248163,0.00060688,0.66248159
-6259.52627573,0.70573665,0.00064643,0.70573661
-6224.61905287,0.72015059,0.00065960,0.72015056
-6101.54741905,0.74673014,0.00068394,0.74673010
-6101.99575974,0.75037251,0.00068728,0.75037247
-6117.09481557,0.75102355,0.00068788,0.75102351
-6129.59389846,0.74949309,0.00068647,0.74949306
-6144.74602392,0.74969870,0.00068667,0.74969866
-6158.71940849,0.75174880,0.00068855,0.75174877
-6164.52383773,0.75046982,0.00068737,0.75046978
-6185.03346119,0.74941669,0.00068642,0.74941665
-6203.68749996,0.74810637,0.00068522,0.74810633
-6220.59845969,0.74768532,0.00068482,0.74768528
-6224.09680890,0.74887438,0.00068591,0.74887434
-6230.52991739,0.75019631,0.00068713,0.75019627
-6260.54029211,0.74763292,0.00068519,0.74763288
-6250.34806300,0.75103476,0.00068790,0.75103472
-6278.93587547,0.74742800,0.00068458,0.74742796
-6276.15907273,0.75013727,0.00068708,0.75013723
-6272.98263625,0.74963407,0.00068661,0.74963403
-6275.57941622,0.74442786,0.00068186,0.74442782
-6248.05538405,0.75087859,0.00068776,0.75087856
-6238.12967030,0.74685766,0.00068408,0.74685762
-6247.20535651,0.74494899,0.00068231,0.74494896
-6215.75821166,0.75271458,0.00068944,0.75271454
-6222.50820637,0.74802186,0.00068514,0.74802182
-6207.89334107,0.74706231,0.00068426,0.74706227
-6193.41907287,0.75014004,0.00068707,0.75014000
-6181.53259900,0.75063729,0.00068755,0.75063726
-6169.80546345,0.75224559,0.00068901,0.75224555
-6151.35930711,0.75373432,0.00069037,0.75373428
-6139.57247076,0.75116534,0.00068803,0.75116530
-6131.20891895,0.75162603,0.00068844,0.75162599
-6275.54151438,0.71632841,0.00065610,0.71632837
-6374.43837680,0.67643311,0.00061979,0.67643308
-6552.07787523,0.63856355,0.00058487,0.63856352
-6746.15225529,0.61013616,0.00055883,0.61013613
-6717.09818493,0.59280513,0.01725044,0.59277438
-6795.58010568,0.59005441,0.00057703,0.59005438
-7141.97406587,0.57545114,0.00052708,0.57545111
-7400.63311444,0.58969695,0.00054012,0.58969692
-7550.10740285,0.60310621,0.00055239,0.60310618
-7682.78664889,0.60172978,0.00055113,0.60172975
-7842.45224512,0.59858426,0.00054826,0.59858423
-7954.04594065,0.58989968,0.00054030,0.58989965
-8055.72571437,0.60297598,0.00055228,0.60297595
-8143.16425513,0.60725604,0.00055620,0.60725601
-8234.45142181,0.60267869,0.00055200,0.60267866
-8321.06327935,0.60269458,0.00055202,0.60269455
-8385.98481159,0.59963360,0.00054921,0.59963357
-8439.18269894,0.59373695,0.00054381,0.59373692
-8489.92952102,0.59940219,0.00054903,0.59940216
-8506.94357940,0.59260889,0.00092329,0.59260881
-8513.46627204,0.59309336,0.00054322,0.59309333
-8492.25609974,0.60310438,0.00055239,0.60310435
-8661.29438700,0.57511509,0.00052676,0.57511506
-9111.96133141,0.49598083,0.39987230,0.47582507
-8391.66860487,0.58086587,0.00053202,0.58086584
-8283.22213570,0.58158271,0.00053268,0.58158268
-8231.20828437,0.58046500,0.00053169,0.58046497
-8099.12171339,0.58911473,0.00053958,0.58911470
-7937.62762194,0.59556877,0.00054549,0.59556874
-7850.50007617,0.59129266,0.00054159,0.59129263
-7739.83954801,0.58488769,0.00089064,0.58488760
-7642.00706599,0.58838934,0.00053892,0.58838931
-7547.04233058,0.58716615,0.00055278,0.58716612
-7459.26899832,0.59571856,0.00054563,0.59571853
-7527.52044534,0.59510961,0.00054507,0.59510958
-7385.28835911,0.56107752,0.00051390,0.56107749
-5725.76897181,0.75095274,0.00068783,0.75095270
-5727.79349436,0.73169848,0.00067020,0.73169845
-6756.68324832,0.53997659,0.00049458,0.53997656
-5702.91996660,0.74789515,0.00089942,0.74789508
-5696.29779691,0.74838157,0.00068546,0.74838153
-5704.96414300,0.73289896,0.00067128,0.73289892
-5868.49063119,0.70935716,0.00064972,0.70935712
-5829.42473866,0.71367938,0.00065368,0.71367934
-5650.46070405,0.75225958,0.00068902,0.75225954
-5641.47641317,0.74864956,0.00068570,0.74864952
-5638.92800366,0.74938201,0.00068639,0.74938197
-5624.78855340,0.74882287,0.00071232,0.74882283
-5604.72023712,0.75132996,0.00068818,0.75132992
-5621.78290754,0.75068796,0.00068758,0.75068792
-5639.00173761,0.74726629,0.00068444,0.74726626
-5655.87624101,0.74743609,0.00069308,0.74743605
-5663.12480314,0.74828356,0.00068537,0.74828352
-5715.72241771,0.73144320,0.00066995,0.73144316
-5866.32101364,0.70848465,0.00064891,0.70848461
-5962.91735448,0.68153515,0.00062423,0.68153512
-6050.85380374,0.67206145,0.00061555,0.67206142
-5728.90601578,0.74925455,0.00068626,0.74925451
-5739.84422769,0.75044559,0.00071778,0.75044554
-5758.78785679,0.73518896,0.05657345,0.73492227
-7312.31827681,0.51957767,0.07239230,0.51895952
-6002.54393340,0.65357820,0.26613042,0.64690676
-7560.32849514,0.32642138,0.88729784,0.10053348
-7535.98053736,0.58989772,0.00054030,0.58989769
-7678.20387678,0.59304436,0.00054319,0.59304433
-7811.68115085,0.57980196,0.00107095,0.57980184
-7896.68635503,0.57187340,0.00052379,0.57187337
-8017.61611514,0.57710975,0.00052859,0.57710972
-8129.69925857,0.58919516,0.00054074,0.58919513
-8210.00609451,0.59754690,0.00054730,0.59754687
-8349.15730471,0.59177859,0.00054202,0.59177856
-8578.71333333,0.57010656,0.00052217,0.57010653
-8552.71404112,0.58354325,0.00053448,0.58354322
-8630.05338076,0.59214553,0.00054238,0.59214550
-8711.49160668,0.59039368,0.00054076,0.59039365
-8702.40585370,0.60308145,0.00055237,0.60308142
-8760.25056062,0.60318593,0.00055249,0.60318590
-8747.68491601,0.61285458,0.00056133,0.61285455
-8746.10338638,0.60058903,0.00055010,0.60058900
-8719.80273724,0.59622542,0.00054609,0.59622539
-8684.58873335,0.59585081,0.00054575,0.59585078
-8624.55948223,0.59863803,0.00055314,0.59863800
-8544.52186892,0.60294306,0.00055225,0.60294303
-8461.70060206,0.60489872,0.00055404,0.60489869
-8368.90295010,0.60444117,0.00055362,0.60444114
-8279.76999764,0.60303729,0.00055263,0.60303725
-8168.23094917,0.59444782,0.00054447,0.59444779
-8038.25624004,0.59854860,0.00054822,0.59854856
-7916.51360615,0.60413976,0.00149556,0.60413953
-7747.74863702,0.60786186,0.00055676,0.60786183
-7617.51029067,0.58951053,0.00053994,0.58951050
-7384.20490942,0.57607281,0.00052763,0.57607278
-7213.24088399,0.57623413,0.00052780,0.57623410
-7082.90361919,0.58962416,0.00054007,0.58962413
-6964.28767746,0.60281351,0.00055213,0.60281348
-6738.23076627,0.62607791,0.00057344,0.62607788
-6521.17281074,0.66300417,0.00112782,0.66300406
-6265.55404934,0.73206231,0.00067053,0.73206227
-6231.97956959,0.75044282,0.00068736,0.75044278
-6253.19460110,0.74851425,0.00068658,0.74851421
-6253.13554551,0.75272482,0.00068946,0.75272478
-6273.19109741,0.74621041,0.00068347,0.74621038
-6285.74250978,0.75074346,0.00068763,0.75074342
-6309.03507899,0.74822228,0.00068533,0.74822224
-6310.52451886,0.75166350,0.00068847,0.75166346
-6321.41515629,0.75114281,0.00068799,0.75114277
-6343.36992948,0.74879859,0.00068595,0.74879855
-6441.42636556,0.72002322,0.00065948,0.72002318
-6370.07963809,0.74924943,0.00068630,0.74924940
-6377.73259160,0.74915094,0.00068619,0.74915090
-6387.00500691,0.74883289,0.00068588,0.74883285
-6402.33623023,0.74919417,0.00068621,0.74919414
-6420.25948048,0.74650290,0.00068374,0.74650286
-6432.12107218,0.74609863,0.00070068,0.74609859
-6417.34819395,0.74774640,0.00068488,0.74774636
-6402.49187159,0.74505530,0.00068243,0.74505526
-6397.39275521,0.75006650,0.00068702,0.75006646
-6384.64704716,0.74867161,0.00068575,0.74867157
-6369.77819348,0.75024883,0.00068718,0.75024879
-6367.76898408,0.74939191,0.00068646,0.74939187
-6355.23087678,0.74876381,0.00068583,0.74876377
-6370.56444312,0.73977730,0.00067758,0.73977726
-6329.31395372,0.75059547,0.00068749,0.75059543
-6317.97927687,0.75030357,0.00068722,0.75030353
-6313.30223678,0.74999021,0.00068695,0.74999017
-6306.04841732,0.74660185,0.00068669,0.74660181
-6286.18862855,0.75164553,0.00068846,0.75164549
-6280.94234311,0.74902354,0.00068605,0.74902350
-6269.00845493,0.75178845,0.00068858,0.75178841
-6525.74925154,0.67643599,0.00102776,0.67643589
-6930.97888733,0.60958317,0.00055833,0.60958314
-7173.82017052,0.60046175,0.00056084,0.60046171
-7300.19503247,0.59195961,0.00054219,0.59195958
-7431.87616015,0.58133235,0.00053247,0.58133232
-7642.88544550,0.58296163,0.00053394,0.58296160
-7836.03667712,0.58372386,0.00053464,0.58372383
-7993.70875621,0.59533793,0.00054531,0.59533790
-8294.75506479,0.57338623,0.00052520,0.57338620
-8257.60167361,0.58305896,0.00053403,0.58305893
-8415.25660597,0.59534782,0.00054530,0.59534779
-8474.00898542,0.60935208,0.00055812,0.60935205
-8595.26578902,0.60896027,0.00055776,0.60896024
-8688.22833449,0.60467638,0.00055383,0.60467635
-8784.50298434,0.59758694,0.00054734,0.59758691
-8907.81601030,0.59179744,0.00158014,0.59179718
-8936.87459458,0.59325097,0.00054337,0.59325094
-9036.16671031,0.58409968,0.00053499,0.58409965
-9029.30343885,0.59323059,0.00054335,0.59323056
-9019.58959941,0.60431678,0.00055351,0.60431675
-9075.23919466,0.59015631,0.00054053,0.59015628
-9165.12986310,0.56523635,0.00051771,0.56523632
-8946.59513949,0.59508035,0.00054504,0.59508032
-8899.99473606,0.58199968,0.03597259,0.58186348
-8802.31961442,0.58809076,0.00053947,0.58809072
-8693.03467321,0.59039571,0.00054075,0.59039568
-8597.99559004,0.59185993,0.00054209,0.59185990
-8453.61383509,0.58863560,0.00053914,0.58863557
-8355.12335485,0.59169979,0.00054195,0.59169976
-8245.41439258,0.58645333,0.00053714,0.58645330
-8156.74073906,0.58536848,0.00053616,0.58536845
-8038.47197145,0.57787999,0.00052967,0.57787996
-8005.96005292,0.57453506,0.00052623,0.57453503
-7700.07131635,0.55578565,0.00050905,0.55578563
-7178.50047215,0.57427474,0.00052600,0.57427471
-7826.89009949,0.48451824,0.17115083,0.48080097
-6208.63888059,0.68870140,0.00063079,0.68870136
-5855.07174603,0.75013828,0.00068707,0.75013824
-5846.09186957,0.75009357,0.00068703,0.75009354
-5836.66697492,0.74437451,0.00068180,0.74437447
-6247.72436327,0.64886376,0.00059432,0.64886373
-6173.79652620,0.65842407,0.00060306,0.65842404
-6000.94303091,0.70616994,0.00064680,0.70616990
-5922.23409706,0.71432991,0.00065428,0.71432988
-5789.37984736,0.74728379,0.00068448,0.74728375
-5771.72285165,0.75110690,0.00068797,0.75110686
-5770.69935405,0.74867789,0.00068574,0.74867785
-5760.37530573,0.74840172,0.00072228,0.74840168
-5759.82021089,0.75219592,0.00071138,0.75219588
-5808.67855552,0.73973247,0.00067754,0.73973244
-5783.19625381,0.75034127,0.00068726,0.75034123
-5805.30381301,0.74735939,0.00068453,0.74735935
-5926.37058289,0.72368374,0.00079015,0.72368369
-6062.64912840,0.66934143,0.25807985,0.66321852
-6255.89706808,0.63916621,0.03933264,0.63901794
-6407.12401217,0.63141882,0.00057833,0.63141879
-6544.74272223,0.58886640,0.00053935,0.58886637
-5880.22718178,0.73504952,0.00067332,0.73504948
-5897.41376230,0.74433876,0.00068176,0.74433873
-6254.69327805,0.64120693,0.00058741,0.64120690
-8161.20578209,0.48451861,0.47500483,0.45510291
-7899.11404671,0.56777882,0.00052004,0.56777879
-7803.11066790,0.57595094,0.00052752,0.57595091
-8048.22824378,0.57483319,0.00056668,0.57483316
-8231.25848740,0.57485996,0.00052654,0.57485993
-8326.72039622,0.57977559,0.00053103,0.57977556
-8456.85872625,0.58657570,0.00054007,0.58657567
-8572.74268654,0.59247933,0.00054266,0.59247930
-8693.38104867,0.59510553,0.00054507,0.59510550
-8807.25908795,0.58604595,0.00053677,0.58604592
-8944.62452996,0.59236864,0.00334368,0.59236749
-9017.97810496,0.59867412,0.00063126,0.59867408
-9119.17271935,0.59835172,0.00054804,0.59835169
-9290.27098534,0.58637535,0.00053707,0.58637532
-9436.18996217,0.59404003,0.00054409,0.59404000
-9517.79269844,0.58226942,0.00053332,0.58226939
-9291.46908727,0.59978277,0.00054947,0.59978274
-9528.35680928,0.56073005,0.07130406,0.56017440
-9336.57827435,0.57085280,0.00085236,0.57085272
-9220.88168258,0.57752675,0.00052897,0.57752672
-9113.74232868,0.59674962,0.00054657,0.59674958
-9036.86136326,0.58452185,0.00053537,0.58452182
-8917.05055164,0.60064671,0.00055023,0.60064668
-8811.22541282,0.61292772,0.00064181,0.61292768
-8686.94238209,0.60203331,0.00055141,0.60203327
-8586.40381766,0.59814607,0.00057294,0.59814604
-8433.04173400,0.59976706,0.00054934,0.59976703
-8427.10259318,0.57728927,0.00052875,0.57728924
-8165.51749664,0.59898513,0.00054864,0.59898510
-8013.25219889,0.59261936,0.00062099,0.59261932
-7831.70252187,0.58935000,0.00053980,0.58934997
-7673.42281109,0.59346029,0.00054357,0.59346026
-7521.17170472,0.58501258,0.13219557,0.58318003
-7332.87945398,0.60578850,0.00055485,0.60578847
-7094.14943321,0.59639538,0.00054625,0.59639535
-6355.40995361,0.74936116,0.00068635,0.74936112
-6367.31703072,0.75284251,0.00068956,0.75284247
-6386.13287002,0.74867937,0.00070228,0.74867933
-6405.65099848,0.74567637,0.00068993,0.74567633
-6409.67267735,0.74614636,0.00068341,0.74614632
-6426.15530688,0.74425669,0.00068170,0.74425665
-6436.53150026,0.74688304,0.00068408,0.74688300
-6441.17200513,0.74785975,0.00068498,0.74785971
-6468.13356084,0.75003736,0.00068698,0.75003732
-6480.60670848,0.74976480,0.00068695,0.74976476
-6481.75370861,0.75058694,0.00068748,0.75058691
-6504.86328449,0.74982698,0.00072668,0.74982694
-6502.70065909,0.75264708,0.00068938,0.75264704
-6534.88690092,0.74645530,0.00068371,0.74645526
-6534.28223715,0.75203895,0.00068882,0.75203891
-6547.09420476,0.74960928,0.00068660,0.74960924
-6561.61791338,0.74888550,0.00068593,0.74888546
-6563.53601242,0.75285932,0.00068958,0.75285928
-6559.08766884,0.75130997,0.00068815,0.75130993
-6556.00838732,0.74783053,0.00068501,0.74783049
-6551.79500099,0.74674282,0.00068398,0.74674278
-6532.42896810,0.74937665,0.00068637,0.74937661
-6507.44121601,0.75070137,0.00068758,0.75070133
-6512.56525468,0.74774565,0.00068488,0.74774561
-6505.53017262,0.74919659,0.00068624,0.74919655
-6502.43632034,0.74865315,0.00068792,0.74865311
-6469.88003915,0.75301213,0.00068971,0.75301209
-6475.61924180,0.73764930,0.00074345,0.73764925
-6604.29289488,0.72198838,0.00066129,0.72198834
-6590.20067522,0.71465939,0.00065457,0.71465935
-6431.82469340,0.74967654,0.00068664,0.74967650
-6503.18370190,0.72066793,0.00066009,0.72066789
-6407.52012052,0.74750036,0.00068467,0.74750032
-6573.49311505,0.69704439,0.00063844,0.69704435
-7015.59381592,0.51504742,0.75853757,0.44135007
-7504.11168973,0.58584482,0.00053658,0.58584479
-7696.47191003,0.59034191,0.00054070,0.59034188
-7848.17823632,0.59596674,0.00054586,0.59596671
-8089.20624808,0.57762598,0.00117157,0.57762583
-8236.24094085,0.58380732,0.00053472,0.58380729
-8355.87289460,0.59663911,0.00054647,0.59663908
-8462.05549469,0.60708541,0.00055604,0.60708538
-8605.75856522,0.60391501,0.00055316,0.60391498
-8764.84350787,0.60374585,0.00055300,0.60374582
-8906.76222963,0.59716233,0.00054695,0.59716230
-9052.14227618,0.59669549,0.00054653,0.59669546
-9175.85816371,0.59629601,0.00054621,0.59629598
-9306.62277785,0.58927290,0.00053972,0.58927287
-9689.77800216,0.53101869,0.29523831,0.52086760
-9749.99171237,0.55665317,0.00050987,0.55665314
-9805.17818256,0.56386724,0.00051646,0.56386721
-9603.40705435,0.57917259,0.00053051,0.57917256
-9611.63185866,0.59263186,0.00054280,0.59263183
-9779.98691922,0.57429947,0.10407576,0.57314308
-9824.50324698,0.57132299,0.00064676,0.57132295
-9483.96671726,0.59613137,0.00054602,0.59613134
-9393.79734243,0.59994579,0.00054981,0.59994576
-9287.69306114,0.59596567,0.00054585,0.59596564
-9190.87733648,0.59185118,0.00054209,0.59185115
-9066.12744872,0.58814290,0.00053869,0.58814287
-8959.74660740,0.58735241,0.00053797,0.58735238
-8874.64465467,0.58471053,0.00056368,0.58471050
-8676.14660957,0.59379309,0.00054387,0.59379306
-8522.65563923,0.58631820,0.00053702,0.58631817
-8424.16856247,0.57270613,0.00052457,0.57270610
-8284.98453924,0.57262241,0.00052447,0.57262238
-8369.57091225,0.57764129,0.00052907,0.57764126
-8185.36315005,0.60961336,0.00055835,0.60961333
-8020.58194814,0.55804936,0.00051114,0.55804933
-6843.85868113,0.42375835,0.71887257,0.34097781
-5985.89659949,0.74678287,0.00068400,0.74678283
-6794.40098060,0.56994005,0.00052202,0.56994002
-6816.89082074,0.60914088,0.00055796,0.60914084
-6603.63017636,0.62222699,0.00060360,0.62222696
-6374.82309069,0.62071949,0.00056865,0.62071946
-6120.45866973,0.69638825,0.00063784,0.69638822
-6065.44244686,0.71215165,0.00065229,0.71215162
-5934.06062139,0.74576716,0.00068306,0.74576712
-5914.40419266,0.75064975,0.00068757,0.75064971
-5903.91617619,0.74905754,0.00068608,0.74905750
-5895.21900595,0.74811044,0.00068523,0.74811040
-5893.97082031,0.74928059,0.00068634,0.74928056
-5905.56675259,0.75041382,0.00068732,0.75041378
-5917.17690356,0.74705072,0.00068426,0.74705069
-5921.81064131,0.75158954,0.00068840,0.75158950
-5939.54313347,0.75056188,0.00068746,0.75056184
-6005.24751958,0.72683375,0.00066572,0.72683371
-6095.15500554,0.71188119,0.00065203,0.71188116
-6149.31540478,0.70496272,0.00078316,0.70496267
-7001.83593188,0.58936758,0.00053985,0.58936755
-7101.98379385,0.61702687,0.00056514,0.61702684
-7041.35094170,0.58354879,0.00053448,0.58354876
-7159.10999295,0.58121190,0.00053235,0.58121187
-8231.07123416,0.36990670,0.89722318,0.19549249
-8259.22303730,0.58530422,0.00053609,0.58530419
-8308.52861794,0.58746617,0.00053842,0.58746614
-8389.72315879,0.57198281,0.00052389,0.57198279
-8549.50967423,0.57892814,0.00053212,0.57892811
-8705.19703661,0.58700874,0.00053765,0.58700871
-8845.60141333,0.59897654,0.00054884,0.59897651
-9356.15238539,0.56869387,0.00074861,0.56869381
-9117.19106326,0.59806099,0.00054777,0.59806096
-9281.68608647,0.58716278,0.00053779,0.58716275
-9439.98020333,0.57964864,0.00053091,0.57964861
-9552.62044520,0.58388557,0.00053479,0.58388554
-9644.66054779,0.58361701,0.00053454,0.58361698
-9730.56815979,0.60260170,0.00055193,0.60260167
-9878.25910391,0.59582900,0.00054573,0.59582897
-9998.79383963,0.59296412,0.00239831,0.59296352
-9943.75289146,0.58382650,0.00054000,0.58382647
-10024.83064760,0.55858968,0.12931889,0.55675292
-10090.11979025,0.56382126,0.00051644,0.56382123
-10305.05288857,0.49605133,0.46906854,0.46809596
-9861.45278113,0.55220025,0.25798383,0.54476789
-9587.31306058,0.58004767,0.00076552,0.58004761
-9397.38269198,0.59341641,0.00054352,0.59341638
-9267.20472710,0.59776371,0.00054750,0.59776368
-9123.85273572,0.60100193,0.00135917,0.60100174
-8962.10572937,0.60151250,0.00055094,0.60151247
-8809.94403920,0.59685865,0.00054667,0.59685862
-8666.26084889,0.60022477,0.00054976,0.60022474
-8681.45439447,0.59103760,0.00054135,0.59103757
-8481.82396033,0.57749399,0.00158419,0.57749372
-8322.46762300,0.57359920,0.00052538,0.57359917
-8028.25965777,0.60048567,0.00055000,0.60048564
-7850.01757700,0.59051374,0.00054088,0.59051371
-7677.33434725,0.57526621,0.00052690,0.57526618
-7242.61473526,0.55510370,0.15622373,0.55240420
-6681.30227281,0.70050913,0.00064161,0.70050910
-6687.69154169,0.67698504,0.05287971,0.67673200
-6656.35492777,0.69326550,0.00063499,0.69326547
-6519.99267644,0.74626600,0.00068352,0.74626597
-6725.70812389,0.70413792,0.00064494,0.70413788
-6704.27886786,0.71313895,0.00065319,0.71313891
-6578.42198824,0.74413523,0.00068158,0.74413519
-6553.81058083,0.75025061,0.00068717,0.75025058
-6625.75530560,0.73958345,0.00067799,0.73958341
-6591.49951005,0.74933177,0.00068634,0.74933173
-6612.07517519,0.74941064,0.00068647,0.74941060
-6627.45851545,0.74804930,0.00068518,0.74804926
-6641.96133513,0.74735731,0.00068455,0.74735727
-6647.19701603,0.74846489,0.00068554,0.74846485
-6662.86802818,0.74919022,0.00068620,0.74919019
-6679.08291884,0.74755802,0.00068470,0.74755798
-6679.04071930,0.74989521,0.00068686,0.74989517
-6689.74015677,0.75038868,0.00068729,0.75038864
-6676.29335411,0.75071624,0.00068760,0.75071620
-6672.59189584,0.75025528,0.00068719,0.75025524
-6667.71281930,0.74734212,0.00068451,0.74734208
-6654.66251428,0.74860832,0.00070139,0.74860828
-6646.63877780,0.74864968,0.00068746,0.74864964
-6636.68829784,0.74844407,0.00068552,0.74844403
-6617.51951716,0.74979235,0.00068677,0.74979231
-6607.69331987,0.74858857,0.00068567,0.74858853
-6595.02203188,0.74651611,0.00068375,0.74651607
-6587.54281223,0.74767947,0.00068482,0.74767943
-6574.22131639,0.75121698,0.00068806,0.75121694
-6785.62806086,0.69531228,0.00063689,0.69531225
-6873.94397503,0.67131449,0.00061493,0.67131445
-6696.80376896,0.66172813,0.37641203,0.64848098
-7004.62665704,0.62808087,0.00057527,0.62808084
-7186.17833976,0.59918284,0.00054880,0.59918281
-7514.61772517,0.57609287,0.03532512,0.57596018
-7817.64396603,0.58327155,0.00053423,0.58327152
-8011.26642810,0.59601195,0.00054590,0.59601192
-8214.44088148,0.59888728,0.00054854,0.59888725
-8337.28834118,0.59625738,0.00054612,0.59625735
-8512.45573327,0.60647650,0.00055548,0.60647646
-8677.93875645,0.60393703,0.00055316,0.60393700
-8836.41343725,0.60330786,0.00055260,0.60330783
-9011.46953920,0.59944045,0.00056012,0.59944042
-9198.63028642,0.59577230,0.00099140,0.59577220
-9351.47286230,0.59163852,0.00054191,0.59163849
-10035.50989796,0.49342309,0.49330532,0.46222933
-9662.62115346,0.59593985,0.00287581,0.59593900
-9995.33052593,0.57386410,0.00398628,0.57386240
-10787.54102784,0.42974592,0.65567324,0.36334267
-11121.98961709,0.41795218,0.62769347,0.35555469
-11168.99451174,0.46505564,0.23916969,0.45745982
-11151.08247175,0.46165244,0.26770443,0.45204417
-10968.00651732,0.45645580,0.53158386,0.41681612
-11061.11303996,0.42816549,0.72923539,0.34377626
-10209.99355756,0.57921554,0.00053052,0.57921551
-10041.19676815,0.60654052,0.00055555,0.60654048
-9928.14207172,0.58327468,0.00053423,0.58327465
-9859.63452266,0.58217523,0.00072951,0.58217517
-9799.96718367,0.56485365,0.00051786,0.56485362
-9508.41121696,0.58427351,0.00053517,0.58427348
-9336.08894291,0.59121508,0.00054150,0.59121505
-9209.45960888,0.58400437,0.00053490,0.58400434
-9049.94123100,0.59701635,0.00054683,0.59701632
-8910.37727390,0.58506089,0.00053587,0.58506086
-8794.55622495,0.57378614,0.00052555,0.57378611
-8573.02302448,0.57661468,0.00052813,0.57661465
-8422.24675980,0.57624644,0.00052779,0.57624641
-8076.00833237,0.57637814,0.00052792,0.57637811
-7775.09718346,0.56850726,0.00052071,0.56850723
-7607.86112217,0.55352734,0.14537155,0.55118394
-7415.30840078,0.59920797,0.00054882,0.59920794
-7368.62034937,0.61817895,0.00056620,0.61817892
-6593.14185281,0.64311943,0.02706905,0.64304964
-6285.66410662,0.70297066,0.00064422,0.70297062
-6247.95256207,0.71542614,0.00074488,0.71542609
-6062.51298218,0.75059912,0.00068749,0.75059908
-6083.32336556,0.73184070,0.00067031,0.73184067
-6058.27842404,0.74679381,0.00068525,0.74679377
-6048.99846751,0.74893303,0.00068597,0.74893299
-6034.26385562,0.74935910,0.00073447,0.74935906
-6018.50219613,0.75043651,0.00068735,0.75043647
-6026.16837875,0.75030735,0.00068723,0.75030731
-6044.83684536,0.74872281,0.00068577,0.74872277
-6119.81661248,0.72308018,0.00066230,0.72308014
-6139.65991919,0.72302619,0.00066223,0.72302615
-6081.87098615,0.75102619,0.00068790,0.75102615
-6101.09126194,0.74650400,0.00068375,0.74650397
-6093.07017775,0.75173602,0.00068855,0.75173598
-6406.24447267,0.66631513,0.00061029,0.66631510
-6732.01632730,0.60261980,0.04672615,0.60239785
-7331.62995759,0.50800514,0.58742850,0.46454050
-7624.00585407,0.60474458,0.00055390,0.60474455
-7795.65083789,0.59115141,0.00054145,0.59115138
-7999.85474412,0.58124328,0.00053493,0.58124325
-8216.80043783,0.58480362,0.00054659,0.58480359
-8519.27691128,0.57767315,0.00052910,0.57767312
-8717.75055204,0.57698813,0.00073678,0.57698807
-9035.48505178,0.58607548,0.00053680,0.58607545
-9066.24798593,0.59621404,0.00054608,0.59621401
-9222.75231588,0.59923149,0.00054885,0.59923146
-9402.38830480,0.59348825,0.00054359,0.59348822
-9570.83003346,0.59025792,0.00054063,0.59025789
-9787.73049386,0.56513973,0.14851908,0.56274401
-10216.05325242,0.56208367,0.00067196,0.56208362
-10500.11937624,0.55537338,0.00050996,0.55537335
-10501.90601642,0.56878741,0.00052125,0.56878738
-10500.56866504,0.56580640,0.15097367,0.56333359
-11408.29990767,0.49542476,0.17468596,0.49163766
-11709.56639607,0.44209233,0.46901899,0.41048535
-11711.13663615,0.42882373,0.67534826,0.35779619
-11807.03186855,0.41407976,0.69525266,0.33503501
-11641.41170654,0.45914125,0.44335316,0.43212480
-11745.88331068,0.45641972,0.46209559,0.42680352
-11310.33902565,0.41883700,0.63718451,0.35452635
-10593.55515899,0.51932188,0.35139232,0.50454865
-10025.68470708,0.57838715,0.00066591,0.57838710
-9833.00328239,0.58512387,0.00053594,0.58512384
-9640.41757280,0.58562951,0.00053639,0.58562948
-9435.11916547,0.59466512,0.00054467,0.59466509
-9296.03694101,0.59430924,0.00249439,0.59430860
-9036.23050208,0.60367650,0.00055292,0.60367647
-8880.69341630,0.60239669,0.00055175,0.60239666
-8709.02061066,0.61133889,0.00055994,0.61133886
-8542.07216180,0.60795690,0.00055684,0.60795687
-8383.10346325,0.60579908,0.00127970,0.60579892
-8217.29382742,0.59726018,0.00054704,0.59726015
-8031.40062560,0.57724236,0.00052871,0.57724233
-7800.33561096,0.57645980,0.00097603,0.57645970
-7545.99007053,0.59048138,0.00172883,0.59048107
-7339.83078705,0.59649170,0.00054634,0.59649167
-7254.93700287,0.59758145,0.00054733,0.59758142
-7089.83138689,0.64202098,0.00058804,0.64202094
-6674.62360185,0.75090575,0.00068777,0.75090571
-6691.48755669,0.74922756,0.00068752,0.74922752
-6855.76107636,0.71117845,0.00065138,0.71117842
-6838.40605262,0.71280511,0.00065289,0.71280507
-6716.81739044,0.74961585,0.00068659,0.74961581
-6744.16027902,0.74817603,0.00070518,0.74817599
-6753.18242281,0.74894249,0.00068597,0.74894245
-6774.15141193,0.74580178,0.00068311,0.74580175
-6772.52128966,0.75218410,0.00068896,0.75218407
-6786.83872292,0.75068523,0.00068757,0.75068519
-6810.39144594,0.74835956,0.00068544,0.74835952
-6805.69143610,0.75072151,0.00068760,0.75072147
-6828.91779012,0.75092540,0.00068779,0.75092536
-6840.19809683,0.74960615,0.00070224,0.74960611
-6828.96818490,0.74783618,0.00068498,0.74783615
-6822.57394328,0.74579611,0.00068311,0.74579608
-6795.18067575,0.75137988,0.00068821,0.75137984
-6795.98528593,0.75093492,0.00068780,0.75093488
-6789.98251012,0.74900868,0.00068605,0.74900864
-6767.51563188,0.75438225,0.00069098,0.75438221
-6878.04591607,0.70744537,0.00064796,0.70744533
-6941.15740193,0.69860000,0.00063990,0.69859997
-7000.57281373,0.68714270,0.00062937,0.68714267
-7023.96069897,0.66669189,0.10118488,0.66575061
-6798.94744119,0.72054609,0.00065996,0.72054605
-6852.58571864,0.71088823,0.00065112,0.71088820
-6982.33496950,0.67704544,0.00948886,0.67703729
-7438.09781550,0.60235636,0.00055171,0.60235632
-7590.18470646,0.60029536,0.00054983,0.60029533
-7837.08159423,0.57899611,0.00108994,0.57899598
-7987.59152942,0.58722300,0.00053785,0.58722297
-8192.72466912,0.59386127,0.00054393,0.59386124
-8373.21915687,0.59740495,0.00054717,0.59740491
-8534.38619535,0.60275185,0.00055207,0.60275182
-8699.05320936,0.61370563,0.00056267,0.61370560
-8846.74677786,0.62119897,0.00056897,0.62119893
-9043.56391383,0.61120669,0.00055982,0.61120665
-9239.23925034,0.60023366,0.00054977,0.60023363
-9419.40679281,0.60433718,0.00055353,0.60433715
-9655.90437037,0.58715578,0.00053779,0.58715575
-10331.51793770,0.52822765,0.29385821,0.51811799
-10698.78893126,0.46664046,0.59103958,0.41828299
-10957.52524374,0.46742861,0.50448217,0.43279670
-11308.66921384,0.47725936,0.41527602,0.45458867
-11881.09072551,0.47583711,0.39731925,0.45506350
-12366.79177536,0.43916619,0.48993501,0.40430495
-12924.39424898,0.33651969,0.76812178,0.20240836
-13576.50100161,0.31459718,0.74141824,0.17785672
-13196.75632226,0.33865902,0.74514772,0.21603797
-12262.98815008,0.46930609,0.21765335,0.46308208
-12017.25006056,0.38626981,0.71172575,0.29521442
-10987.69373508,0.51257766,0.49644902,0.48222848
-10825.64938777,0.57031111,0.00180122,0.57031076
-10833.44572174,0.56689834,0.00051923,0.56689831
-10785.81953215,0.51139645,0.28059900,0.50187766
-10312.59867541,0.55238549,0.06094466,0.55197349
-9892.64863319,0.58026397,0.00053149,0.58026394
-9620.47554990,0.59302511,0.00054316,0.59302508
-9844.57398035,0.55457007,0.08967213,0.55368125
-9234.67676380,0.60429367,0.00055350,0.60429364
-9068.45563965,0.60047804,0.00054999,0.60047801
-8869.10239171,0.58370118,0.00053463,0.58370115
-8681.78879920,0.58283747,0.00053383,0.58283744
-8437.60287526,0.58330421,0.00053426,0.58330418
-8198.89715277,0.58975849,0.00054018,0.58975846
-7975.53374475,0.59735298,0.00055350,0.59735295
-7850.99031238,0.56698863,0.00122167,0.56698847
-7332.31713015,0.58979511,0.00054023,0.58979508
-6881.98835490,0.61668969,0.00091004,0.61668961
-6400.54375690,0.66742980,0.26512800,0.66094755
-6228.71916981,0.74894767,0.00070040,0.74894763
-6218.70396688,0.75002537,0.00068696,0.75002533
-6206.13369660,0.75181464,0.00068860,0.75181460
-6314.86096196,0.70955749,0.00064991,0.70955746
-6345.10413713,0.71485954,0.00065478,0.71485951
-6167.01307471,0.75205423,0.00068883,0.75205419
-6158.14006977,0.75017175,0.00068710,0.75017171
-6166.38159654,0.75136476,0.00068820,0.75136472
-6179.54505110,0.75149496,0.00068833,0.75149492
-6368.07815186,0.70830207,0.00064875,0.70830204
-6402.21886034,0.70746455,0.00064798,0.70746452
-6470.85295164,0.62789067,0.30125844,0.61897415
-6225.19604929,0.75283674,0.00068954,0.75283670
-6364.73159348,0.70526654,0.00681816,0.70526250
-6450.05917315,0.69596263,0.15202352,0.69392569
-6950.23212083,0.59962709,0.00054921,0.59962706
-7393.46724192,0.58425676,0.00053514,0.58425673
-8066.01890197,0.49731548,0.55037812,0.45849260
-8162.61823391,0.58849478,0.00053901,0.58849475
-8320.17675337,0.59133583,0.00054161,0.59133580
-8559.93077838,0.59989709,0.00054947,0.59989706
-8787.67260196,0.59367549,0.00054376,0.59367546
-8974.52841750,0.59280886,0.00054296,0.59280883
-9213.99081531,0.60062565,0.00055012,0.60062562
-9407.66129494,0.59413833,0.00054418,0.59413830
-9988.38753847,0.56597658,0.00052153,0.56597656
-9947.09438442,0.58633603,0.00071925,0.58633597
-10637.38577658,0.49530803,0.19725444,0.49047289
-10962.55071385,0.50914825,0.23081853,0.50269820
-11193.35715018,0.45452077,0.68639946,0.38584188
-11052.39736280,0.54349025,0.10614496,0.54221903
-11861.99869117,0.42164135,0.63732768,0.35780382
-11914.94851261,0.45282573,0.57062850,0.40640260
-12184.00739657,0.47489459,0.45658956,0.44719885
-13399.49444076,0.33838002,0.77728326,0.20122203
-20585.33388783,0.18770860,0.53259760,0.02204867
-2510134.53706331,0.65846643,0.00060310,0.65846640
-13449.40670020,0.33412236,0.72700047,0.21654760
-12676.30627351,0.43019294,0.72197679,0.34815625
-12288.82960007,0.50325113,0.36032177,0.48719329
-11940.00545647,0.44988722,0.52179280,0.41115169
-11659.40100792,0.43594463,0.60826056,0.38042746
-11553.57835024,0.39852135,0.65479151,0.32603245
-10734.57049283,0.45182467,0.59234435,0.40145203
-10125.71474490,0.57537438,0.07349461,0.57479910
-9743.71526260,0.58537416,0.00053616,0.58537413
-9438.37895889,0.60164028,0.00055105,0.60164025
-9251.08052888,0.60074411,0.00055023,0.60074408
-9051.19044481,0.60561817,0.00055470,0.60561814
-8861.08712403,0.61567824,0.00056391,0.61567821
-8682.03427707,0.61190803,0.00056046,0.61190799
-8599.53200247,0.59703308,0.00054684,0.59703305
-8354.50485269,0.60356891,0.00055282,0.60356888
-8189.41695246,0.59001384,0.00054041,0.59001381
-8000.34426655,0.59380612,0.00054388,0.59380609
-7796.61857979,0.60209863,0.00055148,0.60209860
-7573.61175706,0.59887441,0.00055465,0.59887438
-7190.15496212,0.64086698,0.00058698,0.64086695
-6966.25081884,0.69689892,0.00080169,0.69689887
-7085.18753794,0.66859661,0.00061238,0.66859657
-7271.92392565,0.62806043,0.11162430,0.62684413
-7247.82108748,0.64615318,0.00063910,0.64615314
-7120.54859792,0.68247981,0.00067881,0.68247977
-7019.59327881,0.72173541,0.00191919,0.72173509
-6881.08923237,0.74849923,0.00068558,0.74849920
-6906.71233674,0.74625836,0.00068352,0.74625833
-6920.67632534,0.74652808,0.00068376,0.74652804
-6934.32109088,0.74874757,0.00068679,0.74874753
-6945.07376783,0.75061081,0.00071598,0.75061077
-6951.69699638,0.75276664,0.00068950,0.75276660
-6966.40404477,0.74830930,0.00068539,0.74830926
-6980.35531544,0.74720179,0.00068438,0.74720175
-6962.45015077,0.75223138,0.00068902,0.75223135
-6944.19999148,0.75168972,0.00068849,0.75168968
-6949.44508649,0.74672730,0.00068394,0.74672726
-6936.58208254,0.74895260,0.00068598,0.74895256
-6917.30023874,0.75150927,0.00068833,0.75150923
-6910.43459221,0.75077818,0.00068765,0.75077814
-7041.04599166,0.72040769,0.00065984,0.72040766
-7155.98759197,0.64264200,0.41610560,0.62592221
-7328.44407058,0.62759429,0.00057483,0.62759426
-7383.56801134,0.62454017,0.00057204,0.62454014
-7430.03664820,0.61754123,0.00056562,0.61754119
-7490.92957091,0.56798614,0.00052024,0.56798611
-7498.69370550,0.60146190,0.00340774,0.60146072
-7773.63238837,0.58641099,0.00106010,0.58641088
-8039.33971114,0.58348354,0.00053478,0.58348351
-8153.64853423,0.59752450,0.00054728,0.59752447
-8304.67273206,0.60775623,0.00055667,0.60775620
-8478.84280221,0.60140322,0.00055084,0.60140319
-8638.94378270,0.60992245,0.00055864,0.60992241
-8810.40283253,0.61512946,0.00056341,0.61512943
-8991.09403874,0.61258280,0.00056108,0.61258277
-9175.15026818,0.60349891,0.00055275,0.60349888
-9415.95033003,0.59513521,0.00054509,0.59513518
-9643.60318571,0.59526425,0.00160328,0.59526399
-10255.80707070,0.47007297,0.66969921,0.40746499
-11246.80935770,0.42466254,0.50489368,0.38614875
-11465.66417147,0.42596202,0.63921869,0.36247769
-12120.40053195,0.38684338,0.76711323,0.27849797
-12555.14218091,0.39058317,0.72146666,0.29798025
-12608.45625998,0.45131341,0.50153267,0.41577729
-12860.74173326,0.45833751,0.57679536,0.41148316
-988996.14353398,0.62697958,0.00057428,0.62697955
-15447.01322120,0.45448054,0.42963343,0.42888334
-15535.15123345,0.48539440,0.33071847,0.47139083
-15605.63797579,0.49823851,0.00045635,0.49823849
-13241.41673506,0.31134090,0.73575875,0.17498254
-12763.51856229,0.50709750,0.28087257,0.49747756
-12733.42701380,0.51140422,0.15317806,0.50858627
-12685.92024838,0.38578358,0.71990511,0.29213303
-12175.57222874,0.42824391,0.57072798,0.37880189
-11896.01175954,0.41983706,0.53332857,0.37605762
-11630.79718798,0.43173463,0.52184865,0.39119670
-13385.35317578,0.35962311,0.54075071,0.30579142
-10081.00826973,0.57470700,0.00052641,0.57470697
-10090.13837322,0.57288253,0.01919903,0.57284312
-9730.93880340,0.56453676,0.18507902,0.56080800
-9362.25722370,0.60051130,0.00055002,0.60051127
-9132.77942270,0.59788485,0.00054761,0.59788482
-8919.48145955,0.60416459,0.00055337,0.60416456
-8697.11189563,0.60329449,0.00055257,0.60329446
-8501.76001181,0.59237209,0.00054257,0.59237206
-8290.80164373,0.58582770,0.00111104,0.58582757
-8003.01730697,0.56018117,0.13655686,0.55813850
-7567.32185667,0.57950982,0.00098732,0.57950972
-7090.47802686,0.59177438,0.15823514,0.58917716
-6605.61684880,0.68682095,0.00062907,0.68682091
-6551.52030188,0.64761606,0.29153507,0.63952713
-6795.89403447,0.58144751,0.00053256,0.58144748
-6618.87560715,0.66834770,0.00061215,0.66834767
-6440.77206510,0.70712771,0.00077500,0.70712765
-6301.70563369,0.74774822,0.00094960,0.74774814
-6282.16373160,0.75041799,0.00068733,0.75041796
-6286.12791768,0.74542418,0.00068275,0.74542414
-6282.71248188,0.75054632,0.00068744,0.75054629
-6315.54080914,0.74042698,0.00067818,0.74042694
-6311.54802582,0.74913570,0.00068616,0.74913566
-6324.05249999,0.75214724,0.00068890,0.75214720
-6345.90548571,0.74775959,0.00068489,0.74775955
-6701.39708949,0.62560707,0.00298105,0.62560620
-7117.85261353,0.59225936,0.00054246,0.59225933
-7356.71742059,0.61259260,0.00056108,0.61259257
-7493.95124752,0.57943410,0.00053071,0.57943407
-7720.92509020,0.57368903,0.00052547,0.57368900
-8059.34744466,0.57298055,0.00052483,0.57298052
-8362.75881169,0.57589704,0.00134115,0.57589685
-8598.18585434,0.59053953,0.00054089,0.59053950
-8825.67241213,0.59321808,0.00054334,0.59321805
-9006.26467635,0.60151514,0.02425266,0.60145524
-9263.06209665,0.60421899,0.00055341,0.60421896
-9475.68280300,0.60294188,0.00055226,0.60294185
-9691.28708269,0.59501485,0.00054498,0.59501482
-9940.38087248,0.59437890,0.00054440,0.59437887
-10198.78931165,0.59027180,0.00054068,0.59027177
-12170.29771083,0.32624368,0.75230677,0.19262443
-12795.05043113,0.33411022,0.67414352,0.23655258
-12696.25486403,0.43364318,0.31490105,0.41940313
-12889.84579245,0.45798488,0.19900725,0.45265735
-13126.66943640,0.45472911,0.46199191,0.42500893
-13277.99400309,0.50319640,0.37024862,0.48622404
-13627.78713797,0.41119681,0.72795289,0.32275096
-15253.84420863,0.29775319,0.75752959,0.13549982
-15861.11884366,0.50751616,0.23084694,0.50104350
-16062.12865866,0.50591766,0.17244930,0.50230438
-15950.25591919,0.38446988,0.80054669,0.26326774
-15308.87304785,0.41603326,0.61403933,0.35622430
-15069.42348319,0.33586045,0.78050575,0.19538823
-14304.64841079,0.46106141,0.21617876,0.45481073
-14004.35173697,0.28863993,0.74318759,0.12511136
-12557.14164377,0.40743180,0.66351260,0.33476884
-12117.95161119,0.43088527,0.60940581,0.37439101
-11740.10189975,0.48802213,0.09408586,0.48690986
-10725.44217233,0.46675202,0.38094995,0.44730291
-9919.17743898,0.53178161,0.24707698,0.52470318
-9844.17180954,0.55343352,0.00050690,0.55343349
-9359.49182296,0.59646582,0.00054631,0.59646579
-9124.82360760,0.61273819,0.00056122,0.61273816
-8935.97600051,0.61876544,0.00056691,0.61876541
-8771.04792049,0.61392401,0.00056230,0.61392398
-8591.78160975,0.60985814,0.00055858,0.60985810
-8446.76809928,0.60746018,0.00055638,0.60746015
-8291.84221120,0.59986201,0.00054944,0.59986198
-8259.97152756,0.57556413,0.00052719,0.57556410
-8024.84434691,0.56247147,0.10711093,0.56122076
-7790.63110923,0.59502219,0.00054499,0.59502216
-7737.69821338,0.61184242,0.00056040,0.61184239
-7578.75636105,0.62629898,0.00057795,0.62629894
-7465.09419765,0.62044192,0.00056829,0.62044189
-7323.72263584,0.64350168,0.00058939,0.64350165
-7222.50131142,0.67986717,0.00068143,0.67986713
-7133.56788005,0.71595290,0.00065576,0.71595286
-6991.90440400,0.75104410,0.00068792,0.75104407
-7001.20985946,0.75060096,0.00068750,0.75060092
-7020.95096774,0.74754484,0.00080827,0.74754479
-7027.26605273,0.74772864,0.00068486,0.74772860
-7040.41792315,0.75164066,0.00068845,0.75164062
-7060.01513230,0.74658994,0.00073961,0.74658989
-7068.34072877,0.74835594,0.00068546,0.74835590
-7067.83562865,0.75186454,0.00068867,0.75186451
-7062.02597931,0.75160528,0.00068843,0.75160525
-7097.61686660,0.73501999,0.00067323,0.73501996
-7048.33729741,0.74234001,0.00067992,0.74233997
-7029.39873653,0.75018897,0.00068712,0.75018893
-7027.58315509,0.74683832,0.00068405,0.74683828
-7013.46650111,0.75002645,0.00068697,0.75002641
-7040.89010879,0.73350904,0.00067185,0.73350900
-7161.67649659,0.71076773,0.00065102,0.71076769
-7273.68291002,0.65985844,0.00307854,0.65985756
-6976.24926948,0.73279307,0.00067118,0.73279304
-7543.35969292,0.63499331,0.00058160,0.63499328
-7871.19823543,0.61147732,0.00056006,0.61147729
-7975.20275574,0.60741806,0.00055634,0.60741803
-8188.83978320,0.59568046,0.00054560,0.59568043
-8274.67055697,0.59515874,0.00054512,0.59515871
-8423.85852911,0.60594364,0.06393130,0.60553035
-8570.68008489,0.60668136,0.00055567,0.60668133
-8721.54423946,0.61661076,0.00056476,0.61661073
-8876.54258940,0.62025876,0.00056811,0.62025873
-9088.71606125,0.61299379,0.00056213,0.61299376
-9953.56106227,0.49620031,0.40522339,0.47549923
-9505.44194915,0.60088340,0.00055038,0.60088337
-10426.95533873,0.47686200,0.48570198,0.44553208
-10977.82101041,0.41928285,0.58795052,0.36531028
-11604.30489438,0.38687205,0.63749303,0.31604795
-12293.58087550,0.35185172,0.80602370,0.21027255
-12841.50663699,0.40181111,0.61509450,0.33927181
-13048.38921781,0.43877475,0.62285084,0.38078897
-14692.12573152,0.40901978,0.55949099,0.35909746
-14833.73031995,0.50253519,0.33097522,0.48900143
-15309.25841063,0.41547498,0.66617771,0.34388203
-16322.96367850,0.37988237,0.72576755,0.28246264
-16440.48191149,0.47820852,0.16989407,0.47449715
-16335.85781907,0.49696229,0.28065855,0.48715736
-16080.90954351,0.49959353,0.32692400,0.48631367
-15904.52785851,0.41930420,0.72761903,0.33310795
-14838.45816226,0.46563390,0.41894890,0.44194338
-14060.36014169,0.42187259,0.62922660,0.35982709
-13828.72073731,0.46078017,0.48709179,0.42808201
-13791.89558444,0.36795157,0.65954530,0.28653248
-13705.44241546,0.34929396,0.65317764,0.26408852
-13336.83691410,0.31929922,0.73687658,0.18824471
-10897.22963951,0.38503651,0.74127603,0.28450057
-10532.90305158,0.57685644,0.00102429,0.57685633
-10099.75799259,0.58807747,0.00053863,0.58807744
-9822.10638402,0.59736957,0.00055324,0.59736953
-9590.46104063,0.59990451,0.00054946,0.59990448
-9385.10384787,0.60529149,0.00055440,0.60529146
-9138.00996827,0.60824679,0.00055711,0.60824675
-8952.28065956,0.60393781,0.00055316,0.60393778
-8714.47293788,0.59234534,0.00054254,0.59234531
-8523.50539191,0.57496397,0.00052662,0.57496394
-8141.62104471,0.58700614,0.00053766,0.58700611
-7934.82075799,0.59738930,0.00054716,0.59738927
-7724.49789554,0.59884516,0.00054849,0.59884513
-7587.13860352,0.39002122,1.02074886,0.15646195
-6613.01753009,0.71140413,0.00065193,0.71140409
-6435.52327415,0.74885988,0.00068589,0.74885984
-6430.53498851,0.74688727,0.00068703,0.74688723
-6421.29514148,0.74813843,0.00073426,0.74813839
-6409.29065118,0.74831731,0.00068542,0.74831727
-6396.90254083,0.74057645,0.00067833,0.74057642
-6379.13696167,0.74906306,0.00068608,0.74906302
-6384.71828459,0.74967488,0.00069665,0.74967484
-6402.40104524,0.75101946,0.00068789,0.75101943
-6414.10999167,0.74980891,0.00068679,0.74980887
-6425.10452923,0.74955522,0.00068654,0.74955518
-6438.94279389,0.75073906,0.00068764,0.75073902
-6452.00261645,0.74617007,0.00068344,0.74617004
-6549.42685488,0.71582328,0.00065565,0.71582324
-6903.05845446,0.63221989,0.08231865,0.63156305
-8060.90017365,0.41041095,0.86921445,0.27547098
-8117.29212194,0.51974967,0.43536731,0.49691095
-8248.86490188,0.59000291,0.00054043,0.59000288
-8610.12118366,0.57413842,0.00052606,0.57413840
-8813.05608218,0.59212408,0.00054234,0.59212404
-9022.79700060,0.60348007,0.00055275,0.60348003
-9243.11297586,0.59788033,0.00054761,0.59788029
-9454.37845577,0.61834873,0.00056636,0.61834870
-9687.76948048,0.61183383,0.00056039,0.61183380
-9943.42346422,0.60258296,0.00055372,0.60258292
-10262.99468569,0.58341305,0.00053444,0.58341302
-10950.69631943,0.47211097,0.59013108,0.42453218
-11804.27677186,0.41007125,0.65126431,0.34088215
-13805.62331705,0.32012552,0.66746897,0.21887161
-31869.32694782,0.19654792,0.36784903,0.14851011
-2513606.93352100,0.64945072,0.00059487,0.64945069
-14483.87669465,0.35439937,0.77200990,0.22932291
-14567.55875404,0.36703444,0.77610815,0.24683428
-16768.12759506,0.42905566,0.38739259,0.40706857
-16803.30270615,0.42861277,0.51112089,0.38949512
-16472.96017856,0.51968672,0.21053490,0.51443608
-16450.92176522,0.52783651,0.08198092,0.52705605
-16476.34000114,0.55341003,0.00073005,0.55340997
-16902.17414697,0.50743597,0.00049357,0.50743594
-17617.05182342,0.26919386,0.72130794,0.09343663
-15149.61342961,0.34575532,0.74596526,0.22667131
-15596.82394601,0.43836160,0.34535398,0.42136730
-14125.41902534,0.33827246,0.78374859,0.19794236
-15473.47921768,0.24579760,0.65162721,0.09165563
-12500.20876671,0.43781153,0.36286654,0.41898580
-12049.70610470,0.39909121,0.64823734,0.32832586
-11676.94673691,0.41907972,0.44000872,0.38975745
-9941.66912091,0.52687787,0.07487050,0.52622581
-9623.17177679,0.59259229,0.00054278,0.59259226
-9663.96113603,0.58107157,0.00053874,0.58107154
-9882.86699038,0.48901611,0.43293393,0.46494769
-9013.63175349,0.61491574,0.00056321,0.61491570
-8834.02888008,0.61001176,0.00055872,0.61001173
-8712.65766634,0.61280747,0.00056128,0.61280744
-8548.83086851,0.61159994,0.00056017,0.61159990
-8400.37347416,0.60200974,0.00055139,0.60200971
-8249.06963934,0.60312907,0.00055242,0.60312904
-8091.56189448,0.59828208,0.00054798,0.59828205
-7786.67648501,0.61155412,0.00078239,0.61155406
-7285.51535430,0.70655048,0.00069866,0.70655044
-7219.10430278,0.70858379,0.00064900,0.70858376
-7150.08597241,0.71935179,0.00065888,0.71935175
-7129.51779714,0.73222463,0.00067069,0.73222459
-7089.15272012,0.74918887,0.00068620,0.74918883
-7098.54996795,0.75224960,0.00068900,0.75224956
-7119.20556210,0.75200450,0.00068877,0.75200446
-7129.84063404,0.75066175,0.00068757,0.75066172
-7143.96797895,0.75234441,0.00068910,0.75234438
-7156.63400748,0.74919265,0.00068620,0.74919261
-7171.04340795,0.74561783,0.00068295,0.74561779
-7190.43039751,0.74622189,0.00068348,0.74622185
-7197.46252631,0.74778519,0.00068491,0.74778516
-7181.68953387,0.75204193,0.00068883,0.75204189
-7167.40745950,0.74877348,0.00068582,0.74877344
-7154.87623838,0.74982256,0.00068678,0.74982252
-7151.37553696,0.74695440,0.00068422,0.74695436
-7143.02293856,0.74834572,0.00068544,0.74834568
-7195.14389780,0.72467648,0.00072202,0.72467644
-7254.28928838,0.71786331,0.00065750,0.71786327
-7194.63516051,0.70453953,0.18012767,0.70171313
-7193.22440582,0.71726816,0.00065697,0.71726812
-7082.54763422,0.75091772,0.00068779,0.75091768
-7480.84413178,0.61666972,0.00056482,0.61666969
-7784.62289781,0.61325807,0.00056171,0.61325804
-8121.97669432,0.59186348,0.00119902,0.59186334
-8342.62278211,0.60255852,0.00073243,0.60255846
-8521.74178331,0.59802961,0.00054775,0.59802958
-8692.40836753,0.59986594,0.00054943,0.59986591
-8824.84769202,0.59775691,0.00054750,0.59775688
-8960.18667733,0.60723415,0.00055618,0.60723412
-9112.43850669,0.61736859,0.00056546,0.61736855
-9647.75828259,0.54959988,0.00057957,0.54959984
-9717.01418403,0.59212850,0.00054234,0.59212847
-9756.53550380,0.59468126,0.00054653,0.59468123
-10009.73469439,0.51192198,0.41444433,0.49094095
-12600.64325247,0.31825199,0.74687329,0.18152525
-12565.74757781,0.43571732,0.48246594,0.40166509
-13848.40456565,0.32617056,0.73593388,0.20010346
-14649.57754611,0.32333473,0.80072348,0.16125595
-16171.60322388,0.36270045,0.73101053,0.25708075
-16081.93720375,0.48225514,0.41600429,0.45975018
-16822.59389465,0.40995037,0.49641656,0.37131079
-17001.00145497,0.53934691,0.00125514,0.53934673
-17066.10666573,0.53787374,0.10234843,0.53667956
-17134.91123386,0.48279269,0.38071606,0.46403992
-17339.22959511,0.48009121,0.00175089,0.48009082
-17306.88717802,0.41883478,0.54044971,0.37368710
-17244.83632067,0.49127928,0.00247866,0.49127852
-16666.18741040,0.48979525,0.47937686,0.46016152
-17264.15146273,0.33919834,0.74423504,0.21726597
-16491.48279712,0.42395503,0.62541881,0.36307321
-16425.66166146,0.47746051,0.25157950,0.46927096
-1515694.63954042,0.58140021,0.00053251,0.58140018
-12913.27356255,0.43170384,0.58122758,0.38076840
-12461.56939441,0.43116809,0.41390950,0.40610232
-11461.07763846,0.43497587,0.66653609,0.36712517
-10668.95314978,0.54816111,0.15053140,0.54562330
-10117.89913388,0.58910760,0.00053957,0.58910757
-9827.85269435,0.60206126,0.00055169,0.60206123
-9568.38930119,0.61066703,0.00055932,0.61066700
-9387.67020266,0.60204029,0.00055344,0.60204025
-9162.44602711,0.59738285,0.00054717,0.59738282
-8899.74889990,0.59697773,0.00054678,0.59697769
-8692.75099154,0.58408456,0.00053498,0.58408453
-8363.85081667,0.58050390,0.00053171,0.58050387
-8010.23396019,0.56795286,0.00052021,0.56795283
-7452.67962484,0.58934906,0.00053982,0.58934903
-6974.24416942,0.59621880,0.54017249,0.56544941
-6723.76364335,0.71511461,0.00065501,0.71511457
-6557.06233133,0.74817047,0.00085821,0.74817041
-6539.35174673,0.75047638,0.00068738,0.75047634
-6535.09634639,0.74982684,0.00068679,0.74982680
-6520.54684299,0.75086947,0.00068775,0.75086944
-6515.47976501,0.74907760,0.00068636,0.74907757
-6503.01319522,0.75063919,0.00068754,0.75063915
-6505.10560632,0.74580936,0.00068310,0.74580932
-6651.72212362,0.71101745,0.00073358,0.71101740
-6542.68794751,0.74612060,0.00068340,0.74612056
-6543.52409262,0.75229738,0.00068906,0.75229734
-6674.62839638,0.72064944,0.00066006,0.72064940
-6727.47034120,0.70366523,0.00064450,0.70366520
-6751.54369496,0.71481639,0.00065474,0.71481635
-7108.76447577,0.61378015,0.00056217,0.61378012
-7595.58304768,0.57901063,0.00053034,0.57901060
-7940.99138630,0.59016183,0.00054054,0.59016180
-8367.56948019,0.58513307,0.00053607,0.58513304
-8740.72374515,0.56492822,0.16192971,0.56207811
-8975.51885420,0.59556003,0.00054666,0.59556000
-9190.98251641,0.60076447,0.00055026,0.60076444
-9433.04369628,0.59733045,0.00098762,0.59733035
-9646.10100621,0.59514503,0.00054512,0.59514500
-9876.01229484,0.59800889,0.00054774,0.59800886
-10151.15439384,0.59825914,0.00054796,0.59825911
-11125.86167337,0.47949978,0.41568193,0.45689505
-11868.09958396,0.44308994,0.60590400,0.38904567
-12569.13951532,0.43428946,0.56491328,0.38667076
-13352.47718864,0.31979551,0.73823317,0.18843596
-1814301.69499689,0.67262206,0.00061607,0.67262203
-16297.96236831,0.53186893,0.06727214,0.53134751
-17103.38200445,0.50574975,0.00071904,0.50574969
-16961.79234698,0.51280731,0.12196980,0.51102734
-17212.29894999,0.54068073,0.00198653,0.54068028
-17328.44404866,0.51854140,0.00219565,0.51854083
-17333.79065579,0.53314903,0.00049396,0.53314900
-17359.22454597,0.54013747,0.00205963,0.54013699
-18690.66086529,0.47603556,0.15362708,0.47298911
-17268.52915130,0.51981948,0.20450497,0.51486801
-17151.53522301,0.53483191,0.00544489,0.53482852
-17067.29268611,0.48619459,0.00143695,0.48619433
-16293.52374799,0.54018277,0.00169998,0.54018244
-16490.71266609,0.47885108,0.00374994,0.47884928
-14648.91798581,0.42233590,0.70050068,0.34388474
-14100.45075347,0.43543050,0.47549086,0.40237234
-13582.95763676,0.38139472,0.62261292,0.31300989
-15594.40835343,0.22495337,0.62544346,0.05181241
-10661.77109645,0.50851262,0.22110978,0.50258942
-10425.92502144,0.52040155,0.21977403,0.51468529
-9583.48186181,0.60670104,0.00055570,0.60670101
-9383.40159458,0.60338592,0.00055265,0.60338589
-9212.92259228,0.61661526,0.00056477,0.61661523
-9040.01784172,0.61283671,0.00056131,0.61283668
-8920.96323054,0.61516462,0.00056344,0.61516459
-9179.80909797,0.55669664,0.00123422,0.55669647
-8646.35563055,0.59916485,0.00201731,0.59916443
-8441.61068218,0.59443662,0.00054446,0.59443659
-8245.87430267,0.59164224,0.00113028,0.59164211
-8000.50901118,0.56534433,0.20244906,0.56088633
-7630.08032781,0.60709816,0.00055606,0.60709813
-7450.62865507,0.66014298,0.00060464,0.66014294
-7424.12518454,0.69359204,0.00063528,0.69359200
-7399.24202980,0.70110163,0.00064215,0.70110160
-7350.68920883,0.71275565,0.00065284,0.71275562
-7393.15488022,0.71005392,0.00065036,0.71005388
-7226.11078459,0.75112723,0.00068798,0.75112719
-7238.82460322,0.75018795,0.00068713,0.75018792
-7246.26732687,0.75229674,0.00068905,0.75229670
-7263.10441704,0.74825388,0.00068535,0.74825384
-7273.52071211,0.75145744,0.00068829,0.75145740
-7297.52573421,0.74742174,0.00068467,0.74742170
-7292.46204339,0.75130375,0.00068814,0.75130371
-7285.52493689,0.75169459,0.00068853,0.75169455
-7271.39245604,0.74887095,0.00068593,0.74887091
-7261.01517539,0.75167644,0.00068847,0.75167640
-7263.71293785,0.74823750,0.00068539,0.74823747
-7247.96949738,0.75129207,0.00068814,0.75129203
-7236.63105468,0.74833285,0.00068550,0.74833281
-7228.02782889,0.75139538,0.00068838,0.75139534
-7208.81996795,0.74799181,0.00068512,0.74799177
-7429.92055367,0.68784015,0.03834709,0.68770919
-7458.79152545,0.64756305,0.35099298,0.63580373
-7899.48730305,0.59770003,0.00054744,0.59770000
-8097.54498379,0.59688572,0.00054670,0.59688568
-8301.03700277,0.59649414,0.00054634,0.59649411
-8524.55400302,0.59693467,0.00054675,0.59693464
-8745.49631488,0.59746292,0.00151716,0.59746269
-8944.74711385,0.58632033,0.00053737,0.58632030
-9122.43823543,0.60283968,0.00055215,0.60283965
-9135.77496206,0.61829885,0.00056633,0.61829882
-9301.36892707,0.61547362,0.00056372,0.61547359
-9494.27438499,0.60885010,0.00055766,0.60885007
-9698.39712686,0.60560232,0.00055468,0.60560229
-10505.86239285,0.45572466,0.66869679,0.39103507
-11046.63592722,0.47616530,0.56492054,0.43317356
-12828.99673482,0.24674458,0.68419159,0.05948461
-1230157.97671140,0.65161438,0.00059682,0.65161435
-14371.45650769,0.41276315,0.62607872,0.34979499
-18256.86680053,0.23688078,0.66396281,0.04592161
-16937.66696760,0.42108690,0.42660714,0.39372573
-16562.29554231,0.51159019,0.22232734,0.50563763
-17580.17865995,0.39303848,0.58585717,0.33531141
-18075.17631562,0.46788613,0.10427864,0.46646046
-17719.80651026,0.52725000,0.06451023,0.52676633
-18022.07970126,0.51829739,0.00153675,0.51829711
-18371.48337873,0.47818511,0.00043798,0.47818509
-18112.92651749,0.49196804,0.21352367,0.48625867
-17571.35276541,0.53398728,0.00048910,0.53398726
-17943.89608967,0.47061002,0.31726690,0.45732172
-17030.90113035,0.54411134,0.00187995,0.54411094
-17091.30447320,0.52278359,0.00397492,0.52278174
-16804.37938768,0.43811604,0.55814733,0.39215230
-16106.74393956,0.52722880,0.00048448,0.52722877
-13914.21397803,0.30724362,0.73301380,0.16905105
-13147.23558518,0.40301414,0.68964646,0.32273502
-12142.43485019,0.47216737,0.33682925,0.45721321
-11206.47976946,0.50226334,0.00048768,0.50226331
-10261.67820979,0.58060695,0.06606071,0.58014639
-9941.02171292,0.60020176,0.00054973,0.60020173
-9746.32938012,0.59305931,0.00054321,0.59305928
-9530.25880630,0.59295103,0.00054311,0.59295100
-9303.61042653,0.59173638,0.00054198,0.59173635
-9126.98539987,0.58846543,0.00111848,0.58846530
-8888.44708505,0.57590783,0.00052749,0.57590780
-8447.12563560,0.58872550,0.01720529,0.58869470
-8045.87296961,0.58386161,0.00053477,0.58386158
-7747.32961943,0.58446243,0.00053532,0.58446240
-7422.09411361,0.56937087,0.19158228,0.56540868
-7024.77954581,0.65364755,0.00059894,0.65364751
-6851.39583184,0.71211217,0.00070858,0.71211213
-6660.58187029,0.74555436,0.00068287,0.74555432
-6639.84281780,0.75366880,0.00069032,0.75366876
-6626.06909503,0.75306452,0.00068975,0.75306448
-6741.94197030,0.72263651,0.00066203,0.72263647
-6691.44919880,0.72606011,0.00066504,0.72606007
-6618.26404722,0.75114520,0.00068801,0.75114516
-6635.37702352,0.75045191,0.00068738,0.75045187
-6829.41839450,0.69912475,0.00109137,0.69912464
-6956.60999225,0.63181318,0.00057869,0.63181315
-6747.89227304,0.71934545,0.00065891,0.71934541
-6868.93216970,0.70893262,0.00066021,0.70893258
-7252.87025739,0.61598232,0.00056420,0.61598229
-7570.45737201,0.59204758,0.00054227,0.59204755
-7816.66982028,0.59146243,0.00054176,0.59146240
-8131.53568005,0.59027334,0.00054066,0.59027331
-8508.35981325,0.57521123,0.08710270,0.57440279
-8952.26285933,0.57283372,0.00052470,0.57283369
-9312.88110906,0.58109214,0.00053225,0.58109211
-9347.50228056,0.58563877,0.11054691,0.58435926
-9550.32734080,0.59882229,0.00054847,0.59882226
-9777.97525206,0.59496596,0.00078475,0.59496590
-10003.14018828,0.59582697,0.00054573,0.59582694
-10295.44271192,0.58400214,0.00053492,0.58400211
-11945.47396649,0.34896931,0.85939203,0.17693681
-12709.62834947,0.44569168,0.39975228,0.42316113
-13276.53901183,0.40416317,0.55476802,0.35446627
-16538.79549762,0.29197301,0.76441626,0.11690827
-16525.60933611,0.50726849,0.12923145,0.50524793
-17186.21303344,0.49090703,0.00102926,0.49090690
-17131.28210264,0.54148482,0.00049598,0.54148479
-17227.02969884,0.50000739,0.18117474,0.49597018
-17869.51738439,0.48332588,0.14418755,0.48068402
-18340.43671446,0.47784489,0.00062992,0.47784484
-84722.70230839,0.71895598,0.00065850,0.71895595
-18279.28310792,0.56440472,0.00051695,0.56440469
-18309.42892077,0.52086834,0.00047714,0.52086831
-18146.28549276,0.47190543,0.23203199,0.46486501
-402748.76021816,0.73690729,0.00067495,0.73690725
-32679.18728352,0.50080963,0.00045870,0.50080961
-17051.64278436,0.48432023,0.22088169,0.47811031
-17030.70381406,0.46868030,0.29323976,0.45730461
-17068.60305998,0.40420330,0.60174520,0.34499767
-843027.42806006,0.61221917,0.00056074,0.61221914
-13330.67432484,0.22603431,0.64531333,0.00888374
-11444.61345035,0.34123777,0.70493996,0.23572870
-10450.93396515,0.56834211,0.00052798,0.56834208
-10055.16654208,0.59232148,0.00054256,0.59232145
-9809.13108110,0.60282654,0.00122207,0.60282639
-9592.65295874,0.60510297,0.00055422,0.60510294
-9379.72094227,0.61361421,0.00056202,0.61361417
-9231.53706097,0.61144715,0.00056003,0.61144712
-9089.97598551,0.59944943,0.00054906,0.59944940
-8935.39512087,0.60218089,0.00055155,0.60218086
-8798.80599033,0.59323129,0.00054335,0.59323126
-8588.58725401,0.60025406,0.00054978,0.60025403
-8438.68317941,0.58748169,0.00053808,0.58748166
-8215.89235410,0.58453625,0.00205082,0.58453580
-7795.13862009,0.61659537,0.00078560,0.61659531
-7441.47090612,0.68489065,0.03384440,0.68478821
-7568.25766239,0.67743857,0.00095379,0.67743849
-7450.42717703,0.70402007,0.00084809,0.70402001
-7466.32603937,0.71093179,0.00065117,0.71093175
-7428.85117113,0.70689078,0.00064745,0.70689075
-7333.41891145,0.74825404,0.00068599,0.74825400
-7341.38814345,0.74919381,0.00070031,0.74919377
-7349.69481877,0.74896609,0.00068601,0.74896605
-7356.97020304,0.75005332,0.00068699,0.75005328
-7369.79803197,0.75049901,0.00068741,0.75049897
-7385.54713422,0.74939559,0.00068639,0.74939555
-7391.24513276,0.75085637,0.00068775,0.75085633
-7386.64689960,0.75012592,0.00068706,0.75012588
-7371.28724166,0.75134468,0.00068819,0.75134464
-7364.93762894,0.74915186,0.00068619,0.74915183
-7347.49440740,0.74987917,0.00068684,0.74987914
-7336.69923115,0.75275075,0.00068947,0.75275071
-7344.74517703,0.72568816,0.00066470,0.72568813
-7319.36881212,0.74590912,0.00068321,0.74590908
-7462.98875101,0.69995936,0.00064111,0.69995932
-7554.42468862,0.68047150,0.07598075,0.67995167
-7759.71244254,0.63079586,0.00057777,0.63079583
-8160.39639884,0.57675495,0.00147900,0.57675472
-8244.59080943,0.60731850,0.00055625,0.60731847
-8542.83575300,0.58446772,0.00053532,0.58446769
-8681.75709077,0.59568690,0.00054561,0.59568687
-8827.81866909,0.60518540,0.00055430,0.60518537
-8983.38412163,0.59648714,0.00054633,0.59648711
-9116.41339987,0.61580563,0.00056403,0.61580560
-9286.76373318,0.62044319,0.00056847,0.62044316
-9464.58014326,0.61254696,0.00056104,0.61254693
-9647.70071301,0.60788230,0.00055677,0.60788227
-9871.45619627,0.60169044,0.00055110,0.60169041
-10146.43516805,0.59047727,0.00054083,0.59047724
-10642.41844399,0.54437623,0.08064624,0.54364397
-11398.61058179,0.35453531,0.80706993,0.21425092
-17284.24384101,0.17462063,0.49891610,0.00000000
-2562949.87505944,0.66714248,0.00061105,0.66714245
-16996.05361683,0.52758680,0.03716550,0.52742642
-17195.67738387,0.51566565,0.07601044,0.51497894
-17500.22574285,0.51840263,0.00218296,0.51840207
-18417.79153013,0.44978405,0.24730427,0.44137701
-18342.97004289,0.49594972,0.00048266,0.49594969
-18285.45164321,0.51617457,0.00131958,0.51617436
-18288.95982142,0.52656136,0.00048231,0.52656133
-1802297.83903728,0.85880261,0.00078659,0.85880256
-18187.80232004,0.52641130,0.00048215,0.52641127
-18686.85326124,0.47237526,0.20100195,0.46710723
-17900.04525992,0.49962948,0.00115046,0.49962932
-17428.01131086,0.50647027,0.14424991,0.50394757
-17401.30181332,0.52045392,0.00092976,0.52045382
-17156.60919523,0.53068953,0.00073738,0.53068947
-16860.97729589,0.48899011,0.16815950,0.48543519
-16286.67742872,0.37797546,0.81619760,0.24750470
-15607.26563480,0.43672366,0.50792811,0.39890308
-11450.91422557,0.31968962,0.84135147,0.12444715
-11714.39537072,0.46711276,0.47116741,0.43703488
-10459.01423837,0.57101908,0.00052434,0.57101905
-10081.81739438,0.58528387,0.00086904,0.58528379
-9837.88630167,0.59628175,0.00054615,0.59628172
-9656.69054974,0.58485729,0.00053569,0.58485726
-9391.88053750,0.58573939,0.00053650,0.58573936
-9274.79435092,0.56020458,0.16727243,0.55713697
-8910.14379619,0.58790544,0.00053849,0.58790541
-8574.80108847,0.59235737,0.00054255,0.59235734
-8294.60422533,0.57827949,0.00052966,0.57827946
-7979.54161382,0.59418676,0.00054423,0.59418673
-7763.36632420,0.58753570,0.00119420,0.58753555
-7410.10311953,0.60362066,0.16771243,0.60075976
-7429.22084298,0.58889256,0.00053938,0.58889253
-7228.13868697,0.64801300,0.00059354,0.64801297
-6734.05057991,0.74479171,0.00113323,0.74479161
-6718.87522954,0.74943344,0.00068642,0.74943340
-6737.37556775,0.73958439,0.00067741,0.73958435
-6704.37868724,0.75020114,0.00068712,0.75020110
-6724.75204856,0.74021284,0.00067798,0.74021280
-6726.61524321,0.74796283,0.00068812,0.74796279
-6730.35881747,0.75127147,0.00068810,0.75127143
-6785.42747895,0.73215543,0.00067059,0.73215539
-6948.22589419,0.71045303,0.00065072,0.71045299
-7291.65786176,0.60291933,0.27386572,0.59525114
-7550.72198661,0.61061584,0.00055936,0.61061581
-8066.66672857,0.56224401,0.00109614,0.56224387
-8156.06764766,0.59238281,0.00054259,0.59238278
-8458.94900717,0.58113861,0.00053228,0.58113858
-8638.14303189,0.59644002,0.00054629,0.59643999
-8895.39485043,0.58390409,0.13967960,0.58185390
-9182.80297862,0.58337535,0.00053432,0.58337532
-9418.75886889,0.59384920,0.00054932,0.59384916
-9668.50066455,0.59552190,0.00054545,0.59552187
-9855.00611963,0.60775860,0.00055667,0.60775857
-10147.69414192,0.58124161,0.00053239,0.58124158
-11176.10858719,0.44039379,0.64103001,0.37895785
-11512.70206897,0.53197649,0.13049704,0.53001215
-11672.27676634,0.35971561,0.84776191,0.20335816
-15765.62814874,0.48295421,0.25466344,0.47465800
-16002.66920776,0.49790723,0.20385957,0.49276837
-17193.52811022,0.50640181,0.00046393,0.50640179
-17682.86322549,0.50125859,0.11509118,0.49963741
-17729.79429350,0.51638635,0.00047297,0.51638633
-17680.55588825,0.52184875,0.00285439,0.52184780
-17978.75824558,0.49305033,0.12173315,0.49120597
-18513.24955663,0.50477292,0.00046234,0.50477290
-18299.21016646,0.52565191,0.00048147,0.52565189
-255563.06328900,0.84984187,0.00080341,0.84984182
-18306.92085279,0.55105544,0.00050473,0.55105541
-18318.22829635,0.53454292,0.00048961,0.53454289
-18406.56271025,0.52477071,0.00048066,0.52477068
-18375.07803462,0.52745654,0.00048311,0.52745651
-22657.84993893,0.47394764,0.00043410,0.47394762
-17799.30840834,0.50656873,0.00047054,0.50656870
-16955.76452023,0.53147350,0.00049547,0.53147347
-17916.00953936,0.16853437,0.48152677,0.00000001
-11590.72122929,0.35437880,0.85898183,0.18761059
-11365.39134829,0.55811537,0.01604354,0.55808712
-11000.03949065,0.49215413,0.27391622,0.48272612
-10482.47091716,0.54550351,0.11904316,0.54391001
-9966.54601757,0.59110169,0.00111954,0.59110156
-9709.54373999,0.60307703,0.09014435,0.60225117
-9499.40255280,0.62418228,0.00057170,0.62418225
-9337.63186666,0.61716899,0.00056528,0.61716896
-9179.10961229,0.60879435,0.00055760,0.60879432
-9036.41094232,0.60777445,0.00055667,0.60777441
-8880.25226959,0.60311556,0.00055240,0.60311553
-8744.71895475,0.59589499,0.00054580,0.59589496
-8664.88767235,0.57251226,0.00052439,0.57251223
-8323.93210112,0.53367407,0.46471444,0.50828435
-7760.46437510,0.62899674,0.21839676,0.62433485
-7543.68417902,0.69227105,0.00063406,0.69227101
-7369.74054875,0.75142137,0.00068825,0.75142133
-7384.40726165,0.74372906,0.00068120,0.74372902
-7909.00009689,0.61661533,0.00056477,0.61661530
-7990.09483087,0.60779125,0.00055669,0.60779122
-7801.49832816,0.55005655,0.70063097,0.49237074
-7434.25596238,0.75007808,0.00068703,0.75007804
-7455.71187945,0.74643881,0.00068368,0.74643877
-7473.72484877,0.74729604,0.00068447,0.74729600
-7473.25105093,0.74948565,0.00068648,0.74948561
-7495.03363633,0.74695133,0.00068416,0.74695129
-7496.57326120,0.74616745,0.00068345,0.74616742
-7485.85892991,0.74807023,0.00068518,0.74807020
-7479.62543421,0.74590625,0.00068320,0.74590621
-7474.26575176,0.74762591,0.00070963,0.74762587
-7455.29130688,0.74485601,0.00068225,0.74485598
-7783.01579626,0.66298126,0.00069983,0.66298121
-7890.30559362,0.61314570,0.14767999,0.61096318
-7923.57604273,0.62187599,0.00117713,0.62187585
-7957.42655558,0.58773050,0.00327961,0.58772938
-7878.69012810,0.62183409,0.00056955,0.62183406
-7885.78158805,0.59931224,0.00054893,0.59931221
-8084.29770749,0.58383193,0.00125344,0.58383177
-8366.00290029,0.58687083,0.00062432,0.58687079
-8630.70666503,0.57045962,0.13102510,0.56861336
-8802.58985117,0.58897017,0.00069537,0.58897012
-8963.32961754,0.59853777,0.00054821,0.59853774
-9110.63083635,0.60465199,0.00055382,0.60465196
-9214.66269845,0.60984002,0.00055856,0.60983999
-9384.48680656,0.60437736,0.00055356,0.60437733
-9534.78356711,0.61304148,0.00056151,0.61304145
-9731.44146660,0.60303070,0.00055233,0.60303067
-9968.23502912,0.59992459,0.00054948,0.59992455
-10458.39004590,0.56580461,0.00051873,0.56580458
-10988.93807192,0.55497030,0.00318354,0.55496918
-11624.87573262,0.39442516,0.80520284,0.27594952
-12389.35077024,0.25814680,0.72621455,0.04510868
-18384.52523398,0.15690363,0.44829609,0.00000000
-17363.36793414,0.49881777,0.00434265,0.49881546
-17222.46657535,0.44670454,0.53947110,0.40483810
-18278.86015051,0.50014897,0.00045865,0.50014894
-18576.01725430,0.47652799,0.27763674,0.46651513
-18320.94592073,0.53187912,0.00048716,0.53187909
-1460836.75102425,1.00000000,0.04492313,0.99987638
-22798.62642227,0.62915171,0.00057625,0.62915168
-19127.89565974,0.51271671,0.00630514,0.51271196
-18330.54722763,0.54424490,0.00116981,0.54424475
-18311.95448412,0.52565673,0.00048147,0.52565671
-18157.88133066,0.51226037,0.00046921,0.51226034
-17888.34209064,0.50943194,0.00330803,0.50943063
-17628.98139531,0.53134049,0.04927372,0.53106054
-17794.24023726,0.52381045,0.00107888,0.52381031
-1612054.68430988,0.73658494,0.00067465,0.73658491
-15805.28816910,0.39085007,0.53335497,0.34338972
-12532.71818366,0.29417317,0.79571496,0.09473896
-11657.19560615,0.37852702,0.63389232,0.30669173
-11495.23300120,0.52630331,0.05791071,0.52591288
-10402.26288889,0.59289599,0.00138812,0.59289579
-10153.88379680,0.60565400,0.00055474,0.60565397
-9927.43917097,0.60082549,0.00055031,0.60082546
-9720.45921309,0.59849686,0.00054817,0.59849682
-9490.81364667,0.59765041,0.00054741,0.59765038
-9231.02703964,0.59979062,0.00054937,0.59979059
-8997.39040218,0.59555835,0.00054550,0.59555831
-8758.08225494,0.59543672,0.00054537,0.59543668
-8544.61023065,0.58941956,0.00053987,0.58941952
-8329.14430167,0.57817475,0.00098945,0.57817465
-8033.84929506,0.58809700,0.00053866,0.58809697
-7715.67614549,0.60344059,0.00055270,0.60344056
-7463.14843410,0.61871126,0.00059601,0.61871123
-7163.46105125,0.67072582,0.00061434,0.67072578
-7016.99226364,0.70752622,0.00064804,0.70752619
-6870.60143229,0.73184442,0.00067034,0.73184438
-6846.08357107,0.73737400,0.00067540,0.73737396
-6866.73068215,0.73013035,0.00066875,0.73013031
-6925.63709343,0.72744620,0.00066628,0.72744616
-6970.85457155,0.72038474,0.00065982,0.72038470
-7080.07083394,0.68565659,0.00062802,0.68565655
-7258.45172778,0.63642004,0.00058291,0.63642001
-7466.37910634,0.60978124,0.00055851,0.60978121
-7669.70668836,0.59666679,0.00134261,0.59666661
-7847.78737827,0.59329106,0.00054340,0.59329103
-8098.34953923,0.59550361,0.00054543,0.59550358
-8394.01286289,0.57494587,0.00052660,0.57494584
-8582.91327810,0.59149830,0.00054200,0.59149827
-9102.74038644,0.54239233,0.14836824,0.53990076
-9299.94204701,0.59191594,0.00098617,0.59191584
-9268.01499134,0.60848454,0.00055732,0.60848451
-9509.30723240,0.59652982,0.00054637,0.59652979
-9792.14363743,0.58910925,0.00053959,0.58910922
-9983.36627918,0.58844472,0.00053897,0.58844469
-10181.75846465,0.59622823,0.00054610,0.59622820
-10465.43126885,0.59865679,0.01209683,0.59864182
-10707.55431529,0.56679158,0.13054839,0.56494685
-11100.25652456,0.56401510,0.04564793,0.56378876
-12177.76110105,0.30772252,0.80986208,0.11978425
-15554.23108397,0.23807589,0.67716234,0.02253656
-17647.99696105,0.32159272,0.82377214,0.14245460
-17543.38878617,0.51360682,0.00047167,0.51360679
-18032.84618768,0.49988653,0.17000969,0.49633244
-18131.35701693,0.52765404,0.00048329,0.52765401
-18180.31721530,0.54845645,0.00050234,0.54845643
-18309.98147260,0.54998901,0.00050375,0.54998898
-18355.79580655,0.54027469,0.00049487,0.54027466
-18642.55224216,0.53067968,0.00048606,0.53067966
-18351.91928243,0.54566999,0.00049979,0.54566996
-1063061.63023225,0.93903831,0.00086008,0.93903826
-18741.01032271,0.50999172,0.00046713,0.50999170
-18212.52194701,0.46853377,0.38432564,0.44880941
-17753.80996841,0.50843503,0.00047220,0.50843500
-17235.76250455,0.53040110,0.00186845,0.53040070
-2603981.83226754,0.65907811,0.00060366,0.65907808
-13336.24670338,0.26411762,0.73296168,0.06282593
-12473.68000099,0.27039107,0.72810324,0.09038736
-11013.21176351,0.58351601,0.00056220,0.58351598
-11020.58440591,0.55897588,0.00051198,0.55897585
-10507.89469442,0.57064718,0.00052267,0.57064715
-10052.17602678,0.59326383,0.00054338,0.59326380
-9776.57850484,0.60227809,0.00055164,0.60227806
-9607.73510605,0.59900677,0.00054864,0.59900674
-9420.23749039,0.61091619,0.00055955,0.61091616
-9256.98937659,0.60988908,0.00055862,0.60988905
-9131.70254684,0.60637697,0.00055539,0.60637694
-8971.70119544,0.61357348,0.00056198,0.61357345
-8834.86609943,0.59864162,0.00054832,0.59864159
-8655.40062132,0.59600239,0.00054589,0.59600236
-8427.65305221,0.59956859,0.00054916,0.59956856
-8255.81388426,0.60612076,0.00055516,0.60612073
-8117.80124871,0.63075941,0.00057772,0.63075938
-8014.88071967,0.62797142,0.00057517,0.62797139
-8024.37391268,0.60791595,0.00055680,0.60791592
-8009.72972635,0.61531906,0.00056360,0.61531902
-7919.79478828,0.59590605,0.48516086,0.57120035
-7738.50715782,0.70652799,0.00064716,0.70652796
-7575.74548034,0.73476331,0.00067299,0.73476327
-7566.32236889,0.74903794,0.00068628,0.74903790
-7568.13460659,0.74988949,0.00068686,0.74988945
-7588.22474753,0.74918474,0.00098622,0.74918466
-7602.92141418,0.74936519,0.00070005,0.74936515
-7606.25822131,0.75127604,0.00068814,0.75127601
-7599.42572945,0.74928807,0.00068802,0.74928803
-7588.14070279,0.74976063,0.00068672,0.74976059
-7582.00058662,0.74770296,0.00068531,0.74770292
-7559.18185781,0.74839350,0.00068547,0.74839346
-7791.11509682,0.69550260,0.00063703,0.69550257
-7833.39021951,0.67327445,0.01244301,0.67326037
-8065.99100705,0.60785283,0.00055775,0.60785280
-8129.36376719,0.60569788,0.00302479,0.60569696
-8109.92115930,0.61647607,0.00155622,0.61647583
-8133.37869751,0.62365093,0.00057121,0.62365090
-8301.19251819,0.61030646,0.00056823,0.61030643
-8481.92549140,0.59293384,0.00054309,0.59293381
-8637.62965695,0.60139334,0.00056225,0.60139331
-8811.06987648,0.60810976,0.00055698,0.60810973
-8961.61460811,0.60817893,0.00055704,0.60817890
-9141.79445422,0.60952350,0.00055827,0.60952346
-9263.52957732,0.61322105,0.00056166,0.61322102
-9444.75109072,0.61064912,0.00055931,0.61064909
-9620.62904787,0.60188656,0.00077744,0.60188650
-9824.24277397,0.60545681,0.00055455,0.60545678
-10014.86305426,0.60083032,0.00055253,0.60083028
-10325.48908978,0.59098839,0.00054132,0.59098836
-11318.35436078,0.43346023,0.74347435,0.34666322
-11028.02417791,0.57269900,0.00113015,0.57269887
-11342.89438396,0.54614072,0.16776009,0.54297524
-15560.73724457,0.22347526,0.63850073,0.00000000
-14099.84414562,0.24142928,0.68977739,0.00186297
-16793.19126359,0.41271049,0.65825797,0.34241826
-18285.00241865,0.37564806,0.75380481,0.26740290
-17535.96012043,0.47691775,0.36540530,0.45944990
-18283.20950672,0.52381655,0.00047978,0.52381653
-19999.54391316,0.53451004,0.00048957,0.53451001
-18472.99142739,0.53288643,0.00060116,0.53288638
-23533.09711321,0.57584214,0.00052744,0.57584211
-19093.00236495,0.50924003,0.04062474,0.50904149
-18246.18248594,0.54305934,0.00049740,0.54305931
-18932.33916629,0.51997160,0.00308863,0.51997048
-18431.97798753,0.52222647,0.00047832,0.52222644
-30785.38441521,0.54027270,0.00049485,0.54027268
-17708.27606767,0.51023053,0.00071266,0.51023047
-19318.94524134,0.20886845,0.59676701,0.00000000
-13900.19571754,0.20461539,0.58461540,0.00000000
-11522.40777453,0.36362265,0.82713289,0.22003000
-11098.21122476,0.53177510,0.33765830,0.51847676
-10697.17294182,0.57972450,0.00075291,0.57972444
-10425.33284768,0.58312939,0.00053410,0.58312936
-10200.22328375,0.59283590,0.00054301,0.59283587
-9975.77666731,0.59338684,0.00055858,0.59338681
-9755.26415899,0.59923023,0.00054886,0.59923020
-9546.70375685,0.59930585,0.00054891,0.59930582
-9345.29098807,0.60498798,0.00055412,0.60498795
-9395.73463471,0.58583230,0.00053658,0.58583227
-8932.30624712,0.58548234,0.00053625,0.58548231
-8700.70887212,0.59857235,0.00054825,0.59857232
-8476.94430615,0.60168997,0.00055110,0.60168994
-8230.45961971,0.60156660,0.00055098,0.60156657
-8043.64474562,0.60167290,0.00055109,0.60167287
-7845.44245818,0.60234672,0.00055170,0.60234669
-7703.75904037,0.59265868,0.00054650,0.59265865
-6953.29969365,0.74105402,0.00067875,0.74105398
-6928.91832653,0.74752539,0.00068468,0.74752535
-6913.35022526,0.74792163,0.00068505,0.74792159
-6984.73009027,0.72652972,0.00066546,0.72652969
-6909.67163114,0.75078943,0.00068767,0.75078939
-6922.81752437,0.75084986,0.00068774,0.75084982
-6932.61023853,0.75121105,0.00068807,0.75121101
-6952.01144922,0.74850733,0.00068558,0.74850729
-6983.28253393,0.72624601,0.00066518,0.72624597
-7979.08241513,0.47836051,0.69004765,0.41291460
-8133.80012312,0.57493199,0.00070046,0.57493194
-8314.65328637,0.58895149,0.00053943,0.58895146
-8598.05011274,0.59557870,0.00054552,0.59557867
-8731.48722042,0.59437330,0.00054440,0.59437327
-8968.07962646,0.58505568,0.00053589,0.58505565
-9191.69386148,0.58623209,0.00147999,0.58623187
-9323.74368266,0.60289698,0.00055224,0.60289695
-9518.33876401,0.60360890,0.00055286,0.60360887
-9766.22618108,0.58914362,0.00053967,0.58914359
-9958.72117952,0.59589924,0.00055404,0.59589920
-10133.05248353,0.59631593,0.00054618,0.59631590
-10367.43603741,0.59060058,0.00054094,0.59060055
-10649.50309356,0.58191615,0.02502516,0.58185023
-11107.88900031,0.56010258,0.09169246,0.55918242
-11343.79221599,0.49037140,0.62916414,0.43814699
-13851.78764993,0.15729250,0.44940713,0.00000000
-16818.13870677,0.30074385,0.81054631,0.09983066
-751710.38278984,0.67993338,0.00062276,0.67993335
-17558.72363440,0.49949846,0.34471806,0.48470813
-17967.71368512,0.38974204,0.72730360,0.29512703
-18300.90637577,0.53897570,0.00050933,0.53897567
-18315.68570063,0.54378877,0.00124656,0.54378860
-18241.84941365,0.52466307,0.00048055,0.52466304
-18699.75727750,0.53026500,0.06501400,0.52977655
-18168.15341358,0.57478528,0.00052646,0.57478525
-18573.05360820,0.52377336,0.00047974,0.52377334
-17697.53441714,0.50069830,0.22883823,0.49425078
-17364.16183818,0.53979585,0.00057573,0.53979581
-17248.88289353,0.53268126,0.06025717,0.53226360
-16045.65172790,0.23506702,0.67162007,0.00000000
-1338156.07006079,0.58493163,0.00053575,0.58493160
-11670.24862592,0.42708850,0.75132172,0.33653418
-11270.78539143,0.56438012,0.00051693,0.56438010
-10931.50740004,0.57329991,0.00052509,0.57329988
-10600.69205065,0.58471864,0.00053557,0.58471861
-10310.68963065,0.58907022,0.00053954,0.58907019
-10038.96173339,0.59950320,0.00054909,0.59950317
-9821.84041584,0.60210719,0.00055166,0.60210716
-9653.37240835,0.60118474,0.00055064,0.60118471
-9478.70493621,0.60578958,0.00055485,0.60578955
-9303.43550191,0.60876798,0.00055777,0.60876795
-9158.29383633,0.59766202,0.00054741,0.59766199
-9057.82209043,0.59037413,0.00054073,0.59037410
-8818.57261627,0.60326559,0.00055254,0.60326556
-8643.48377648,0.60124131,0.00134400,0.60124113
-8400.06004737,0.60172156,0.00447651,0.60171952
-8238.12012478,0.61530236,0.00056357,0.61530233
-8216.64803751,0.60582793,0.00055491,0.60582790
-8103.88129630,0.60081947,0.21358210,0.59615092
-8154.70364633,0.58226358,0.29606353,0.57296885
-8104.25739878,0.58089283,0.39831178,0.56391629
-7943.41359189,0.64276606,0.21921222,0.63817051
-8058.42584883,0.63439651,0.00058105,0.63439648
-7647.54571558,0.74746075,0.00068461,0.74746071
-7662.81986838,0.74497698,0.00068235,0.74497694
-7673.57632277,0.74836127,0.00068544,0.74836123
-7683.80719052,0.75280795,0.00068952,0.75280791
-7696.64366437,0.74976506,0.00068673,0.74976503
-7708.20790074,0.74746396,0.00068463,0.74746392
-7700.06664693,0.74714731,0.00068435,0.74714727
-7684.68420719,0.75116280,0.00068801,0.75116276
-7673.34789712,0.74817862,0.00070119,0.74817858
-7664.50453512,0.74660110,0.00068802,0.74660106
-7727.24689348,0.71553327,0.00065537,0.71553323
-7875.86362458,0.69371610,0.00063539,0.69371606
-7904.60177993,0.67774494,0.04679019,0.67754705
-7897.21795968,0.67418176,0.00062133,0.67418173
-7885.81383922,0.67731747,0.00114627,0.67731735
-7830.42433649,0.67683002,0.20678826,0.67294919
-8096.25195110,0.61920955,0.11550619,0.61788843
-8256.13959377,0.62550793,0.00057292,0.62550790
-8602.57484443,0.59344487,0.01440297,0.59342346
-8828.24354745,0.60136784,0.00055080,0.60136781
-9020.55018122,0.59740699,0.00091560,0.59740690
-9149.96358482,0.60300467,0.00055231,0.60300464
-9314.80484526,0.60889914,0.00055771,0.60889911
-9491.28826614,0.61521590,0.00056349,0.61521587
-9667.54310194,0.60866137,0.00055750,0.60866134
-9833.20618672,0.60650317,0.00056370,0.60650314
-10032.23976146,0.59770312,0.00054745,0.59770309
-10270.36487297,0.58818031,0.00053873,0.58818028
-10556.18984971,0.59395581,0.00063073,0.59395577
-10863.67189446,0.58212272,0.00053318,0.58212269
-11215.19694542,0.56463183,0.00051717,0.56463180
-11581.50981345,0.55863010,0.09908446,0.55755261
-12633.68112097,0.28736834,0.81659035,0.02991883
-15133.01756388,0.20778176,0.59366217,0.00000000
-2483894.74534494,0.65085732,0.00059613,0.65085728
-17288.53545604,0.51180774,0.27114858,0.50293217
-19113.32783837,0.43306326,0.66145107,0.36598893
-18279.28764564,0.54440064,0.00070895,0.54440059
-18308.57418769,0.54717702,0.00050117,0.54717699
-18112.99643248,0.58159802,0.00099272,0.58159791
-20372.93656964,0.43235216,0.12896251,0.42998959
-18297.46607536,0.50085373,0.29803643,0.48987070
-18137.80887877,0.52605657,0.00048183,0.52605654
-17141.61713633,0.50393694,0.03604940,0.50377896
-17996.75156688,0.43182472,0.54816654,0.38686301
-19015.30735789,0.32598876,0.78826931,0.17364052
-17025.97733977,0.34745031,0.75982257,0.22360401
-11524.79491737,0.28541648,0.80513596,0.04530657
-11300.99268598,0.59488240,0.00209404,0.59488195
-11456.74039955,0.47239832,0.40712722,0.45039481
-10791.10348000,0.56192201,0.00051788,0.56192198
-10341.08629828,0.59501792,0.00054499,0.59501789
-10131.73281517,0.59853245,0.00054821,0.59853242
-9970.36923185,0.59027536,0.00054065,0.59027533
-9779.14841932,0.58632022,0.00053703,0.58632019
-9617.58868634,0.59300652,0.00054315,0.59300649
-9397.48153950,0.59787649,0.00054761,0.59787646
-9215.90927266,0.59356133,0.00054366,0.59356130
-9221.36936375,0.55513873,0.00050851,0.55513871
-8793.68433464,0.59077243,0.00054611,0.59077240
-8589.27873057,0.58556604,0.00092018,0.58556595
-8431.88845163,0.57723980,0.00052873,0.57723977
-8219.25325175,0.55952160,0.00051248,0.55952157
-7768.51299474,0.60733639,0.00055627,0.60733636
-7583.80995966,0.56364573,0.00051627,0.56364570
-7147.50688632,0.70027317,0.09121845,0.69954501
-7019.16385058,0.74878757,0.00068584,0.74878753
-7024.59661687,0.74433764,0.00068177,0.74433760
-7088.14026380,0.71683425,0.00069107,0.71683421
-7175.99631892,0.71085107,0.00065184,0.71085103
-7202.94773873,0.68923939,0.00063129,0.68923936
-7058.51087254,0.71894066,0.00065850,0.71894062
-7069.16001212,0.72026218,0.00083318,0.72026212
-7659.01299187,0.56187844,0.00051464,0.56187841
-7796.03169807,0.59929863,0.05536463,0.59898527
-8171.78594997,0.57644461,0.00052798,0.57644458
-8420.29679115,0.58495774,0.00053577,0.58495771
-8593.45635181,0.58997607,0.00054037,0.58997604
-8825.66972589,0.59101890,0.00097222,0.59101880
-9182.07738955,0.56683496,0.00360107,0.56683356
-9220.52704786,0.58750577,0.00053811,0.58750574
-9383.59579217,0.59128689,0.00054157,0.59128686
-9584.58084434,0.59094533,0.00054128,0.59094530
-9742.91358724,0.59670035,0.00060308,0.59670031
-9939.02978620,0.59248195,0.00054267,0.59248192
-10104.22391105,0.59553089,0.00054546,0.59553086
-10338.78220903,0.58170530,0.00053279,0.58170527
-10541.77699270,0.57432363,0.08804865,0.57349624
-11303.56733638,0.54924493,0.00164162,0.54924463
-11315.51365549,0.51676177,0.48513265,0.48806956
-11585.68322711,0.56652544,0.00208023,0.56652497
-11666.66035937,0.39846756,0.90233687,0.24297212
-16962.22664411,0.46601106,0.32910128,0.45155134
-17298.89679016,0.41612095,0.68168038,0.34092866
-17320.16625056,0.53828270,0.00049312,0.53828267
-17412.79108340,0.39220729,0.83683362,0.26084664
-22035.86890498,0.38210730,0.24219373,0.37258611
-18299.06270446,0.43318034,0.68175218,0.36153688
-18731.95250401,0.50708530,0.33123663,0.49365482
-18213.46032523,0.45843296,0.57173065,0.41245421
-19126.93336033,0.34895626,0.89330559,0.15497128
-17684.17290745,0.39603565,0.89743265,0.24121470
-17333.34009556,0.40206084,0.73552609,0.30883747
-14463.24027169,0.24439671,0.69827631,0.00000000
-13865.69458041,0.34943022,0.85579677,0.17995538
-12040.43153862,0.33592893,0.84166033,0.16146273
-11586.96003753,0.58298068,0.00053397,0.58298065
-11150.54371397,0.55959977,0.08054264,0.55888928
-10753.32086231,0.58645358,0.00053714,0.58645355
-10648.95088655,0.57228013,0.00110805,0.57228000
-10339.02448389,0.59019363,0.00054057,0.59019360
-10064.34700865,0.59482694,0.00054482,0.59482690
-9846.07800923,0.60639704,0.00055541,0.60639701
-9682.03239470,0.60805106,0.00055694,0.60805103
-9507.48333599,0.61104818,0.00055967,0.61104815
-9345.99805748,0.60550333,0.00055459,0.60550330
-9182.51115955,0.60649236,0.00056271,0.60649233
-9024.70577683,0.60772605,0.00106990,0.60772593
-8804.22236906,0.61185799,0.00056041,0.61185796
-8593.34115246,0.58878837,0.00053930,0.58878834
-8223.55783467,0.61201994,0.00067913,0.61201990
-7853.01676204,0.70010079,0.00064124,0.70010076
-7820.62050428,0.71343854,0.00065345,0.71343850
-7859.37149576,0.70112102,0.00064217,0.70112099
-7912.08897905,0.69984937,0.00064101,0.69984933
-7927.32088499,0.67681690,0.00074437,0.67681685
-7963.26322235,0.66883578,0.01294737,0.66882043
-7732.41835881,0.74660952,0.00068482,0.74660948
-7740.27994797,0.74857467,0.00068564,0.74857463
-7746.88718540,0.74971362,0.00068670,0.74971358
-7767.09501065,0.74870351,0.00068579,0.74870347
-7780.57413381,0.74713094,0.00069994,0.74713090
-7784.61805890,0.75106718,0.00068792,0.75106714
-7801.58528775,0.74838653,0.00083626,0.74838647
-7795.47895753,0.74502758,0.00068239,0.74502754
-7773.85611440,0.74734233,0.00068455,0.74734229
-7760.74888013,0.75022946,0.00068716,0.75022942
-7763.94713168,0.74628952,0.00068356,0.74628949
-7743.50255829,0.74985744,0.00068681,0.74985740
-7741.11677717,0.74743794,0.00068463,0.74743790
-7730.77716588,0.74652278,0.00068376,0.74652274
-7792.59587417,0.71806530,0.00065769,0.71806527
-7848.25753412,0.70975262,0.00065008,0.70975258
-7928.42255260,0.68956787,0.00063159,0.68956783
-8123.28427678,0.63207842,0.00057893,0.63207839
-8329.25107147,0.61832680,0.00056634,0.61832677
-8590.15908496,0.59410526,0.00054415,0.59410523
-8926.62087803,0.58615022,0.00062249,0.58615018
-9092.04430684,0.59337429,0.00129441,0.59337412
-9163.24387996,0.60643604,0.00055545,0.60643601
-9324.39175704,0.60626818,0.00055529,0.60626815
-9485.53640201,0.61213467,0.00056068,0.61213464
-9664.14693882,0.61170292,0.00056027,0.61170289
-9841.14081314,0.59412592,0.00054417,0.59412589
-10020.79332660,0.59658290,0.00134526,0.59658271
-10196.59554288,0.60279218,0.00055212,0.60279215
-10464.56947930,0.58294365,0.00084054,0.58294358
-10704.47441942,0.57921609,0.00160130,0.57921582
-11013.84022102,0.56749895,0.08419583,0.56673333
-11786.00273227,0.53618522,0.07225483,0.53558850
-11884.44135712,0.57679520,0.00052854,0.57679517
-11795.97688655,0.33180776,0.90030471,0.10394321
-16457.15304591,0.17154581,0.49013087,0.00000000
-13143.24132086,0.27511336,0.78603817,0.00000001
-17321.13277536,0.43944546,0.60526402,0.38501312
-17313.40611183,0.44385250,0.61381952,0.38839435
-1514500.49152283,0.57580612,0.00052739,0.57580609
-15718.78290503,0.24604764,0.70299325,0.00000003
-16784.18396915,0.31791411,0.83457500,0.12548402
-16866.41323688,0.51058077,0.30594936,0.49922551
-17022.76248223,0.51339256,0.24971134,0.50589854
-17353.10018201,0.46800736,0.49977214,0.43408962
-17255.48326600,0.48123552,0.25362656,0.47297742
-16746.05355605,0.45335901,0.48919205,0.41978454
-11584.01821962,0.57298552,0.13962130,0.57089787
-11705.89490584,0.39020144,0.91152165,0.22466726
-11097.77998702,0.55484915,0.28785729,0.54562534
-10764.54730250,0.56112724,0.26675364,0.55330551
-10476.63321479,0.57061051,0.17566085,0.56728864
-10297.65487922,0.59293066,0.00054308,0.59293063
-10107.06240791,0.59783683,0.00054757,0.59783680
-9948.85773630,0.59320251,0.00054333,0.59320248
-9758.78591203,0.59553834,0.00072656,0.59553829
-9596.16155874,0.59245210,0.00054264,0.59245207
-9403.85498851,0.59360261,0.00285182,0.59360177
-9233.47754774,0.59690078,0.00054671,0.59690075
-9065.52790498,0.58975500,0.00054017,0.58975497
-8836.72684564,0.60548427,0.00055457,0.60548424
-8638.49390859,0.59770528,0.00054745,0.59770525
-8457.55488126,0.58574019,0.00053650,0.58574016
-8260.78623161,0.60025468,0.00054978,0.60025465
-8002.54429726,0.61436839,0.00056271,0.61436836
-7828.36554079,0.62029715,0.00056815,0.62029712
-7662.24350200,0.58269800,0.19560924,0.57866203
-7441.19681120,0.65751414,0.00060829,0.65751411
-7378.56512601,0.67497061,0.00089078,0.67497054
-7257.74726441,0.70818110,0.00064865,0.70818106
-7099.82959617,0.75098741,0.00068787,0.75098738
-7306.50392711,0.70355036,0.00064442,0.70355033
-7413.48953363,0.65698056,0.19149150,0.65355299
-7563.32818318,0.62967823,0.00069938,0.62967818
-7602.42941448,0.60980110,0.09913248,0.60881323
-7529.81430524,0.61538399,0.49283017,0.59071522
-8075.61185821,0.51719056,0.66186532,0.46241002
-8383.59209571,0.57819970,0.00052959,0.57819967
-8620.09492762,0.58831009,0.00053884,0.58831006
-8867.63069439,0.58924607,0.00053970,0.58924604
-9004.54678776,0.59842816,0.00054811,0.59842813
-9193.78020345,0.59560848,0.00054553,0.59560844
-9396.41016434,0.59179904,0.00054204,0.59179900
-9563.43337927,0.60187796,0.00055136,0.60187793
-9727.58044712,0.59193055,0.00054216,0.59193052
-9923.21805199,0.58856403,0.00053908,0.58856400
-10052.01684805,0.59465185,0.00054465,0.59465182
-10237.06690842,0.59132352,0.00054790,0.59132349
-10396.58749611,0.59686278,0.00054668,0.59686275
-10651.49625469,0.57829814,0.00052968,0.57829811
-11084.30121581,0.58249488,0.00281500,0.58249405
-11459.07378017,0.50151694,0.47679360,0.47293874
-11428.70674438,0.58304214,0.00088142,0.58304206
-12051.14977341,0.43779754,0.76111177,0.34742413
-12530.02157193,0.28515743,0.79592323,0.06092432
-12399.90479504,0.48917000,0.70302623,0.42277911
-12756.17491481,0.31179671,0.85635798,0.08591822
-12770.42518043,0.47470672,0.82495504,0.37680100
-13380.48766027,0.29346171,0.83846203,0.00000109
-13657.01255139,0.45572884,0.89847400,0.32984841
-13970.61319540,0.28211726,0.80455019,0.01719817
-13990.71246447,0.38964449,0.85798991,0.24828383
-13966.24765280,0.36161007,0.91822343,0.16576459
-13074.94093430,0.23690559,0.67687312,0.00000001
-11838.14038179,0.46630389,0.77788626,0.37856797
-11735.06508804,0.48531622,0.62315393,0.43354646
-11291.52847406,0.54468585,0.28127277,0.53571556
-11177.84401240,0.57266618,0.03116347,0.57256230
-10892.03912549,0.57422137,0.00092739,0.57422128
-10631.15548699,0.56889865,0.09069434,0.56801238
-10378.35445564,0.59169533,0.00075734,0.59169527
-10201.70046229,0.59178211,0.00054202,0.59178208
-9964.87836731,0.60921620,0.00055799,0.60921617
-9866.17505490,0.60833235,0.00055719,0.60833232
-9672.70523264,0.60916679,0.00056341,0.60916676
-9483.62794101,0.61530125,0.00056358,0.61530122
-9332.03187257,0.60310705,0.00067249,0.60310700
-9184.18655454,0.59894429,0.00054858,0.59894426
-9054.18806257,0.59536719,0.00055154,0.59536715
-8822.94996199,0.59792210,0.00054766,0.59792207
-8581.36856183,0.58614862,0.00053687,0.58614859
-8130.02442765,0.61891090,0.27140507,0.61157768
-8025.18090228,0.64228427,0.39964877,0.62686800
-7945.38766839,0.71032332,0.00065061,0.71032328
-7922.03792466,0.70969004,0.00065002,0.70969000
-7920.97365539,0.71773775,0.00065739,0.71773771
-7811.63021903,0.74134062,0.00067901,0.74134058
-7812.29614598,0.75061885,0.00068753,0.75061881
-7840.53634350,0.74556259,0.00068288,0.74556256
-7842.84839626,0.74925959,0.00068626,0.74925955
-7866.95022948,0.74263423,0.00068022,0.74263419
-7870.88779632,0.74595778,0.00068325,0.74595774
-7876.58655567,0.74831082,0.00068745,0.74831078
-7891.79672161,0.74764887,0.00068480,0.74764883
-7899.52146981,0.74734972,0.00068451,0.74734968
-7884.63820588,0.74836786,0.00068544,0.74836782
-7872.44805818,0.75027850,0.00068719,0.75027846
-7857.51830499,0.75081009,0.00068771,0.75081005
-7855.30992110,0.74727899,0.00068445,0.74727895
-7844.35071301,0.74786000,0.00068498,0.74785996
-7833.40856187,0.74740453,0.00068456,0.74740449
-7810.67126442,0.74567500,0.00068298,0.74567496
-7804.20191196,0.75049445,0.00068742,0.75049442
-7928.01786665,0.71035590,0.00065065,0.71035586
-8087.72909990,0.66982971,0.00061351,0.66982967
-7983.84908068,0.69456124,0.00079730,0.69456118
-8351.34322630,0.59590116,0.00054580,0.59590113
-8599.58544516,0.59735438,0.00054713,0.59735435
-8842.08888541,0.59692411,0.00054674,0.59692408
-8985.26371743,0.60609176,0.00055513,0.60609173
-9124.51128556,0.60473357,0.00055389,0.60473354
-9283.72721007,0.60230525,0.00055166,0.60230522
-9478.54924850,0.60674656,0.00055573,0.60674653
-9606.51749810,0.60945146,0.00055821,0.60945143
-9768.08915458,0.60784581,0.00055674,0.60784578
-9936.03988750,0.58651086,0.21724121,0.58156148
-10136.89183054,0.59387820,0.00054394,0.59387817
-10292.06358893,0.59781330,0.00054755,0.59781327
-10496.24377981,0.58908783,0.00053956,0.58908780
-10756.62354655,0.57954104,0.00053081,0.57954101
-11041.77455762,0.57869896,0.00081765,0.57869889
-11425.50903254,0.55385038,0.12739018,0.55205278
-11710.22578136,0.55719371,0.00051036,0.55719368
-11750.23891253,0.52896620,0.44146941,0.50589581
-12070.06935769,0.45370948,0.83172720,0.34800927
-1536965.24468264,0.61722166,0.00056532,0.61722163
-2346292.58680229,0.65088124,0.00059615,0.65088120
-1144345.01989544,0.63137959,0.00057829,0.63137955
-12431.19950299,0.47218554,0.90135145,0.35133455
-13030.54848501,0.25571277,0.73060791,0.00000001
-12649.62470504,0.32102804,0.85204060,0.11885827
-12835.79727878,0.27780365,0.78282993,0.04587032
-12286.81421141,0.41929811,0.72663181,0.33336416
-12540.38811503,0.31977776,0.87795678,0.08850890
-11774.92328165,0.44487805,0.75433031,0.35806736
-11647.26006280,0.50522417,0.50064075,0.47386488
-11008.58790489,0.52903006,0.44448292,0.50563928
-10871.30178746,0.53351619,0.41385408,0.51347669
-10567.90997037,0.59392140,0.00116071,0.59392126
-10364.97394042,0.57393632,0.24742875,0.56736525
-10211.81740287,0.59424671,0.00054569,0.59424668
-10111.60643663,0.58789515,0.00053846,0.58789512
-9917.89653116,0.59202909,0.00054225,0.59202906
-9718.58113288,0.59881497,0.00054847,0.59881494
-9585.17868667,0.60172286,0.00055113,0.60172283
-9397.43749321,0.60927670,0.00055975,0.60927666
-9225.38961701,0.59451953,0.00054453,0.59451950
-9095.58288337,0.58716677,0.00053881,0.58716674
-8889.61419093,0.58756422,0.00053816,0.58756419
-8677.61463623,0.57928646,0.00053098,0.57928643
-8433.35551394,0.51305896,0.48490831,0.48417490
-7784.97573344,0.59447800,0.24394518,0.58831472
-7405.55231997,0.70682131,0.00064739,0.70682127
-7247.75696824,0.74914854,0.00068698,0.74914850
-7236.02855060,0.74305643,0.00068058,0.74305640
-7424.13527659,0.67644340,0.00066088,0.67644336
-7378.68836355,0.71374391,0.00065374,0.71374387
-7218.74048192,0.74131118,0.00067898,0.74131115
-7210.29443615,0.74843316,0.00068550,0.74843312
-7379.84634257,0.66706085,0.24543549,0.66150658
-7224.84730037,0.75003227,0.00068699,0.75003224
-7257.29803679,0.74345632,0.00068095,0.74345628
-7261.39231167,0.74800028,0.00069080,0.74800024
-7263.07541980,0.74899101,0.00068602,0.74899097
-7543.86826288,0.67885510,0.00062178,0.67885507
-8131.09385455,0.55332317,0.28745357,0.54409963
-8690.29813083,0.55020204,0.14965483,0.54770312
-8836.39601484,0.57894110,0.00053367,0.57894107
-8993.23205926,0.59531348,0.00687860,0.59530861
-9182.79915629,0.59539083,0.00054566,0.59539080
-9357.40612568,0.59645579,0.00054630,0.59645576
-9509.63974726,0.60480452,0.00055395,0.60480449
-9673.39959772,0.60554584,0.00055463,0.60554581
-9847.69928757,0.60094824,0.00055688,0.60094821
-9960.39793338,0.60692873,0.00055590,0.60692870
-10119.23001547,0.60468512,0.00055384,0.60468509
-10292.94226561,0.59396968,0.00054403,0.59396965
-10455.50141525,0.59693289,0.00054680,0.59693286
-10621.80448291,0.59461274,0.00054462,0.59461271
-10831.10030283,0.58539737,0.00054479,0.58539734
-11045.42556128,0.58285389,0.00068258,0.58285385
-11278.08054015,0.56716718,0.16290774,0.56429389
-11549.66656137,0.56222125,0.17143503,0.55901025
-11650.67097021,0.34192115,0.89815028,0.13450844
-11993.01912780,0.38381465,0.90554461,0.21647709
-12128.40158604,0.40646333,0.95007251,0.23375054
-12322.76008576,0.50761223,0.55588425,0.46884623
-12530.21857964,0.48907274,0.52178176,0.45369678
-12240.97299526,0.46497524,0.81506883,0.36717934
-12022.89762316,0.49242680,0.66567400,0.43382222
-12021.93410186,0.43163146,0.92389645,0.28590488
-11777.12571963,0.56193998,0.19983010,0.55757050
-11574.61956175,0.49780676,0.67261744,0.43862379
-11300.70591931,0.58278814,0.00053766,0.58278811
-11221.69299913,0.54230199,0.23639506,0.53595320
-10857.23662954,0.57120082,0.00052777,0.57120079
-10606.20616087,0.58617076,0.00053688,0.58617073
-10408.45863664,0.58888768,0.00053937,0.58888765
-10219.60011423,0.59833983,0.00054804,0.59833980
-10056.75036641,0.59947437,0.00058742,0.59947433
-9904.53597550,0.59997311,0.00054953,0.59997308
-9717.76717504,0.61363934,0.00056205,0.61363931
-9580.21825299,0.60404275,0.00055325,0.60404272
-9390.91374082,0.61940067,0.00056732,0.61940064
-9237.14564622,0.60857361,0.00055740,0.60857357
-9091.90604681,0.60956541,0.00055842,0.60956538
-8953.59079327,0.60702251,0.00055598,0.60702247
-8786.67401043,0.60856490,0.00055740,0.60856487
-8604.49558521,0.60491533,0.00055405,0.60491530
-8424.99446709,0.60985440,0.00056151,0.60985437
-8232.92512942,0.62795207,0.00057515,0.62795204
-8021.01719502,0.69525737,0.00063680,0.69525734
-7990.77005973,0.71023270,0.00065054,0.71023267
-7903.83791242,0.72184160,0.00066115,0.72184157
-7916.08382346,0.72258233,0.00066183,0.72258229
-7911.63950254,0.72967303,0.00066834,0.72967299
-7867.50418692,0.74874877,0.00068579,0.74874873
-7875.11751903,0.75043260,0.00068735,0.75043256
-7876.63267923,0.75199654,0.00068878,0.75199651
-7896.59465323,0.75121065,0.00068808,0.75121061
-7901.67094925,0.74984483,0.00068680,0.74984479
-7929.53294043,0.74445582,0.00068186,0.74445578
-7929.48580055,0.74609081,0.00068336,0.74609078
-7915.15586198,0.74641491,0.00068368,0.74641487
-7899.55992504,0.74966770,0.00073915,0.74966765
-7879.95651068,0.75055187,0.00068745,0.75055183
-7874.81320743,0.74874221,0.00068580,0.74874217
-7863.03401542,0.74949309,0.00068648,0.74949305
-7856.02126910,0.74747188,0.00068463,0.74747184
-7991.39381037,0.71584848,0.00067157,0.71584844
-7956.43252482,0.71690533,0.00065755,0.71690529
-7955.95621059,0.71483146,0.00065475,0.71483142
-8006.81545078,0.68643198,0.16492961,0.68400047
-8201.85304614,0.63963128,0.01243403,0.63961647
-8363.15798759,0.62612195,0.00057348,0.62612192
-8501.36394861,0.61727311,0.00056537,0.61727307
-8676.25154523,0.60911200,0.00055790,0.60911197
-8869.54089221,0.59934773,0.00054896,0.59934770
-8977.76882692,0.60839558,0.00055724,0.60839555
-9173.40964666,0.59420255,0.00054425,0.59420252
-9307.60977935,0.60503271,0.00055416,0.60503268
-9457.56336378,0.60899906,0.00055780,0.60899903
-9630.31708565,0.60124049,0.00055069,0.60124046
-9777.72062424,0.60693193,0.00074941,0.60693187
-9941.32460686,0.59153876,0.00054182,0.59153872
-10105.73965119,0.58889807,0.00053944,0.58889804
-10222.08471820,0.60126622,0.00055071,0.60126619
-10457.29704965,0.58476336,0.00054365,0.58476333
-10617.78907254,0.59046776,0.00054082,0.59046773
-10849.64003637,0.57493762,0.00052705,0.57493759
-11071.70667346,0.57254919,0.09243379,0.57163444
-11474.02905154,0.49347373,0.55622370,0.45344976
-11711.14842412,0.56364226,0.02181665,0.56359053
-11678.84899917,0.55600517,0.09847550,0.55493587
-11778.61405001,0.58226550,0.01556843,0.58224000
-11871.90358816,0.59886315,0.00130325,0.59886298
-12334.67608037,0.37148129,0.91984885,0.18533325
-12135.30165250,0.50807178,0.34433205,0.49357145
-11707.79296133,0.53765691,0.30772011,0.52675917
-11554.21063011,0.48364260,0.69361175,0.41830102
-11370.53209902,0.53626129,0.38642766,0.51892552
-11208.91718200,0.57909995,0.00062909,0.57909991
-10997.19018905,0.58182726,0.00053291,0.58182723
-10788.95938669,0.59322330,0.00054335,0.59322327
-10595.07407888,0.59295101,0.00054310,0.59295098
-10470.07644926,0.58508778,0.00053591,0.58508775
-10310.57936923,0.56841526,0.23527114,0.56241908
-10148.68365026,0.59603864,0.00054592,0.59603861
-10067.38671160,0.59363981,0.00054373,0.59363978
-9876.75987472,0.60248603,0.00055184,0.60248600
-9690.52168812,0.60865658,0.00055748,0.60865655
-9558.94040039,0.61162253,0.00056020,0.61162250
-9416.02765610,0.60813339,0.00055700,0.60813336
-9233.50958464,0.60110237,0.00055390,0.60110233
-9071.56856479,0.59591786,0.00054582,0.59591783
-8910.53333730,0.59282973,0.00054299,0.59282969
-8711.28622121,0.58505143,0.00053587,0.58505140
-8475.15674377,0.57954656,0.00116394,0.57954641
-7971.36243982,0.61259984,0.00075051,0.61259978
-7408.74844574,0.68706386,0.00062931,0.68706382
-7228.12010346,0.74902153,0.00068605,0.74902149
-7233.24432864,0.74504519,0.00068244,0.74504515
-7203.72555186,0.74500592,0.00068236,0.74500588
-7201.52460735,0.74721291,0.00068441,0.74721287
-7184.52208924,0.74877621,0.00068582,0.74877617
-7172.27680794,0.74950744,0.00068649,0.74950740
-7175.07034435,0.74929316,0.00068629,0.74929312
-7204.16645347,0.74207864,0.00067969,0.74207860
-7304.01037819,0.71257685,0.00542193,0.71257432
-7215.57147398,0.74529919,0.00068264,0.74529915
-7243.94856470,0.70638496,0.10564830,0.70541649
-7563.77520167,0.65397645,0.00059899,0.65397641
-7932.84054999,0.58657842,0.00053726,0.58657839
-8144.31964459,0.60760779,0.00055652,0.60760775
-8423.91449157,0.58870816,0.00053921,0.58870813
-8658.84404611,0.59387034,0.00054394,0.59387031
-8889.63339936,0.58677835,0.00053746,0.58677832
-9058.41465492,0.58532551,0.00054258,0.58532548
-9236.32685741,0.57960785,0.00053090,0.57960782
-9344.08990450,0.59840198,0.00054809,0.59840195
-9466.00253005,0.60560832,0.00055469,0.60560829
-9646.21243176,0.59789803,0.00054763,0.59789800
-9772.09601694,0.60070357,0.00055019,0.60070354
-9896.47230648,0.61252016,0.00056103,0.61252013
-10049.32316936,0.60504219,0.00055417,0.60504216
-10139.81506783,0.60892047,0.00055775,0.60892044
-10310.81119394,0.59328365,0.00054340,0.59328362
-10461.22389877,0.59687003,0.00054668,0.59687000
-10636.33386167,0.58602272,0.00065166,0.58602267
-10765.60485013,0.58741949,0.00053803,0.58741946
-10984.13084871,0.53938646,0.31716959,0.52783963
-11101.37419654,0.57491226,0.00052658,0.57491223
-11241.84662354,0.58115050,0.00053242,0.58115047
-11415.63052499,0.53400323,0.30703842,0.52307845
-11424.95863437,0.53555042,0.35874539,0.52062339
-11530.52377267,0.57252995,0.01305865,0.57251171
-11920.39446597,0.46371673,0.69033599,0.39579559
-11424.02697469,0.56331907,0.00246911,0.56331841
-11365.41252208,0.49749126,0.67593606,0.43763979
-11164.46551906,0.58860722,0.00054251,0.58860719
-11108.45679674,0.57069663,0.00099330,0.57069652
-10821.82562687,0.58580359,0.00053786,0.58580356
-10630.47851821,0.58366310,0.00053459,0.58366307
-10448.13165685,0.59269352,0.00054302,0.59269349
-10306.95046998,0.58972374,0.00054016,0.58972371
-10137.45382801,0.60050506,0.00055001,0.60050503
-9987.40417558,0.60078064,0.00055027,0.60078061
-9853.52945218,0.59561943,0.00133480,0.59561925
-9680.06918111,0.60062352,0.00055014,0.60062349
-9512.09887574,0.60595278,0.00055500,0.60595275
-9394.08997670,0.60337467,0.00055264,0.60337464
-9249.48240721,0.60829058,0.00055714,0.60829055
-9100.30560763,0.59792039,0.00054765,0.59792036
-8970.78468927,0.58276336,0.00054118,0.58276333
-8764.93178609,0.59972695,0.00054934,0.59972692
-8583.23982205,0.60373634,0.00055297,0.60373631
-8432.32847628,0.60630144,0.00055532,0.60630140
-8367.07826023,0.59385072,0.00054392,0.59385069
-8179.86216028,0.64992829,0.00059528,0.64992825
-7993.93235808,0.71014588,0.00065045,0.71014585
-7957.38346353,0.71617710,0.00065596,0.71617706
-7962.33961792,0.71956915,0.00065907,0.71956911
-8012.58538466,0.71176643,0.00075246,0.71176638
-7851.16475763,0.75066689,0.00068755,0.75066685
-7861.53257045,0.75103502,0.00068790,0.75103498
-7874.30969509,0.74976729,0.00068673,0.74976725
-7891.33070485,0.74780344,0.00068493,0.74780340
-7912.99918681,0.74723559,0.00068488,0.74723555
-7921.80514469,0.74939207,0.00068638,0.74939203
-7925.60703738,0.75021334,0.00068717,0.75021330
-7926.70804395,0.74827928,0.00068536,0.74827924
-7933.28465099,0.74708043,0.00068427,0.74708039
-7907.71257797,0.74884059,0.00068589,0.74884055
-7905.81157515,0.74976738,0.00068682,0.74976734
-7890.12210782,0.74995401,0.00068690,0.74995397
-7877.05978787,0.74969979,0.00068668,0.74969975
-7863.04055026,0.74927533,0.00068629,0.74927529
-8029.09751134,0.70546683,0.00114064,0.70546672
-7993.50700092,0.71638398,0.00065617,0.71638395
-7960.27955159,0.71955548,0.00065906,0.71955544
-7968.07849088,0.70840520,0.00064885,0.70840516
-7969.13034310,0.71012282,0.00065043,0.71012278
-8038.53770500,0.68452617,0.00062697,0.68452614
-8080.77996080,0.65484432,0.26901060,0.64804025
-8265.54769340,0.62501570,0.06287532,0.62462817
-8590.28563090,0.59416606,0.00054421,0.59416603
-8829.73643807,0.59926474,0.00054889,0.59926471
-9036.14378031,0.58587749,0.07155665,0.58534194
-9166.41468365,0.60700110,0.00055597,0.60700107
-9313.55280043,0.60152679,0.00055095,0.60152676
-9482.43008876,0.60283491,0.00055215,0.60283488
-9609.40692987,0.60202128,0.00055143,0.60202125
-9750.90457737,0.60949696,0.00056748,0.60949693
-9896.89446826,0.60518337,0.00055430,0.60518334
-10018.03597240,0.60237082,0.00055173,0.60237079
-10175.24082758,0.58719675,0.00053783,0.58719672
-10294.85247312,0.60350178,0.00055312,0.60350175
-10420.01261132,0.60431457,0.00055350,0.60431454
-10680.27020644,0.57747041,0.00052892,0.57747038
-10915.61546537,0.57352509,0.00240495,0.57352448
-11200.56659195,0.44478590,0.83607414,0.33496948
-11030.27836095,0.54577640,0.38178013,0.52916610
-11122.08319334,0.58174230,0.04132561,0.58156246
-11218.05969921,0.53074192,0.45095184,0.50673039
-11187.96550088,0.61618088,0.00056437,0.61618085
-11136.73445862,0.58717541,0.00070547,0.58717536
-11077.84085343,0.52618066,0.48333196,0.49824581
-11582.33482047,0.46031837,0.65035008,0.40010123
-11011.63382330,0.56684534,0.00060976,0.56684530
-10704.54134125,0.59544991,0.00234603,0.59544935
-10596.58985040,0.59118566,0.00054149,0.59118563
-10452.56603953,0.59600594,0.00054589,0.59600591
-10331.12803282,0.60126170,0.00055071,0.60126167
-10196.82524348,0.59878679,0.00056487,0.59878675
-10057.04652729,0.60396187,0.00055318,0.60396184
-10108.51993226,0.59928872,0.00054892,0.59928869
-9865.01501509,0.60153797,0.00055217,0.60153794
-9700.23491029,0.60387675,0.00055310,0.60387672
-9541.57723018,0.61003511,0.00055874,0.61003508
-9438.47065457,0.60599486,0.00057876,0.60599483
-9300.45916323,0.58802802,0.00053859,0.58802799
-9204.73321657,0.58295491,0.00053401,0.58295488
-9029.77305613,0.59178356,0.00054204,0.59178353
-8837.84449776,0.58338970,0.00053434,0.58338967
-8750.38985985,0.55403585,0.12030751,0.55243341
-8522.64538588,0.45107221,0.79267845,0.35566079
-7970.04779180,0.59085806,0.26791561,0.58336982
-7857.62398033,0.62012489,0.00056799,0.62012486
-7740.23614989,0.63517121,0.00161954,0.63517096
-7580.05007905,0.66504919,0.00060913,0.66504916
-7465.23805807,0.69952774,0.00064071,0.69952770
-7415.78664711,0.70814757,0.00064861,0.70814753
-7237.01178817,0.74872387,0.00068577,0.74872383
-7221.05531078,0.74815768,0.00080930,0.74815763
-7227.20822700,0.74742117,0.00068458,0.74742114
-7238.15560061,0.75164687,0.00068846,0.75164683
-7252.75775133,0.74706228,0.00068425,0.74706224
-7426.07102733,0.71674144,0.00065648,0.71674141
-7443.92824221,0.71478662,0.00065472,0.71478658
-7475.62762727,0.69878726,0.00064004,0.69878722
-7569.97979284,0.67810545,0.00062109,0.67810542
-7573.79659229,0.68448683,0.00062695,0.68448679
-7863.66080060,0.60111002,0.13227402,0.59932457
-8568.91252156,0.57145293,0.00052341,0.57145290
-8923.22076761,0.57406124,0.00052579,0.57406121
-8933.95804942,0.60203496,0.00055171,0.60203493
-9084.75632736,0.58555171,0.00053756,0.58555167
-9215.38453130,0.58407314,0.00053496,0.58407311
-9363.54186576,0.59300604,0.00054844,0.59300601
-9472.52107389,0.60250072,0.00055186,0.60250069
-9610.35759539,0.61604083,0.00070645,0.61604078
-9818.77441078,0.59484567,0.00054484,0.59484564
-9851.07896802,0.59892988,0.00054872,0.59892985
-9934.06154258,0.60809119,0.00055696,0.60809116
-10052.72325248,0.60865930,0.00121738,0.60865915
-10194.24212309,0.59939958,0.00054901,0.59939955
-10281.84773757,0.59907839,0.00054872,0.59907836
-10404.79267024,0.59713415,0.00054693,0.59713412
-10536.30161434,0.58850187,0.00108872,0.58850175
-10606.34647216,0.54389771,0.41515526,0.52412915
-10688.95639233,0.57790726,0.00052932,0.57790723
-10897.70638555,0.57564003,0.00052724,0.57564000
-10899.37371016,0.54208279,0.43744768,0.52001163
-11038.55408504,0.55161620,0.33502832,0.53900886
-10931.96772025,0.59091177,0.00054575,0.59091174
-10851.60687334,0.59407222,0.00073608,0.59407217
-10742.59353396,0.59311967,0.00054326,0.59311964
-10676.97038156,0.58711150,0.00084273,0.58711143
-10553.70408748,0.59159042,0.00054185,0.59159039
-10433.50731034,0.59665334,0.00054650,0.59665331
-10322.43390502,0.59375455,0.00054383,0.59375451
-10179.50138984,0.59998369,0.00054953,0.59998366
-10039.30743338,0.60761648,0.00055653,0.60761645
-9953.77519173,0.59806297,0.00054778,0.59806294
-9820.86301183,0.60476450,0.00055391,0.60476447
-9663.83195430,0.61803578,0.00056612,0.61803574
-9542.76799875,0.60668089,0.00055567,0.60668086
-9399.89252934,0.61581075,0.00105476,0.61581064
-9275.27767834,0.60834025,0.00055719,0.60834022
-9113.59827831,0.61853898,0.00056658,0.61853895
-8943.20159502,0.59635745,0.00054621,0.59635742
-8702.31720018,0.61592168,0.00056500,0.61592164
-8476.87675295,0.60737271,0.00055631,0.60737267
-8116.37119534,0.66412793,0.17463635,0.66130924
-8022.46726308,0.70247328,0.06917778,0.70205590
-8054.27575793,0.68482326,0.16433980,0.68240345
-8042.89515875,0.71223577,0.00065235,0.71223573
-7879.48416898,0.75046228,0.00068737,0.75046224
-7892.29689222,0.74712823,0.00068431,0.74712819
-7914.37078324,0.74300649,0.00068056,0.74300645
-7997.08738357,0.72253286,0.00066178,0.72253282
-7931.65647569,0.75000599,0.00068694,0.75000595
-7961.85542009,0.74582324,0.00068311,0.74582320
-7963.00828634,0.75036294,0.00068731,0.75036290
-7975.06197182,0.74841728,0.00068550,0.74841724
-7990.36211578,0.75154929,0.00068836,0.75154925
-8004.85836795,0.74785986,0.00068499,0.74785982
-8016.64317663,0.75123077,0.00068808,0.75123073
-8030.22926355,0.74787245,0.00068499,0.74787241
-8004.54516017,0.75025683,0.00068717,0.75025679
-8006.08962359,0.75283841,0.00068956,0.75283837
-7999.73862827,0.74753355,0.00068470,0.74753351
-7982.00141554,0.75110320,0.00068795,0.75110316
-7973.10820035,0.74750506,0.00068466,0.74750502
-7959.24667133,0.74693501,0.00068413,0.74693498
-7949.36793749,0.74976787,0.00068674,0.74976783
-7942.27175645,0.74585334,0.00068316,0.74585330
-7930.86721395,0.74857389,0.00068563,0.74857385
-8045.99260872,0.71871115,0.00065829,0.71871111
-8054.03629628,0.70228212,0.00064324,0.70228209
-8056.80420107,0.70997741,0.00065028,0.70997737
-8043.45583275,0.71328962,0.00065334,0.71328958
-8142.95985911,0.67523718,0.00061847,0.67523714
-8498.60319325,0.61691129,0.00056504,0.61691126
-8712.59029515,0.61496718,0.00056326,0.61496715
-8875.58048404,0.60589014,0.00055494,0.60589011
-9082.70254028,0.59841131,0.00054810,0.59841128
-9198.30173995,0.60643940,0.00055545,0.60643937
-9367.45065749,0.60403256,0.00055325,0.60403253
-9493.42263643,0.61223269,0.00056075,0.61223266
-9622.45987748,0.61833925,0.00083585,0.61833918
-9738.84414254,0.61224010,0.00056077,0.61224007
-9876.37029315,0.60652837,0.00055553,0.60652833
-10007.72049939,0.59639391,0.00054625,0.59639387
-10101.11299847,0.59232393,0.00054252,0.59232390
-10249.72348509,0.58929767,0.00053975,0.58929764
-10311.87380947,0.59201034,0.00054434,0.59201031
-10446.08280893,0.56440102,0.27069303,0.55639227
-10504.33498418,0.59496400,0.00054542,0.59496397
-10612.97086013,0.58885102,0.00088762,0.58885094
-10648.62173184,0.59669732,0.00054653,0.59669729
-10657.56190830,0.61729504,0.00056863,0.61729501
-10768.74955749,0.59049426,0.00054084,0.59049423
-10687.62306839,0.59749021,0.00055082,0.59749018
-10627.70944649,0.56339867,0.27554397,0.55508316
-10544.64184268,0.58839526,0.00053893,0.58839523
-10452.28063537,0.60580199,0.00055486,0.60580196
-10408.27344735,0.59468791,0.00054469,0.59468788
-10254.92224619,0.60776369,0.00055666,0.60776366
-10185.77318210,0.60518519,0.00055430,0.60518516
-10098.41226061,0.60496330,0.00055411,0.60496327
-10022.21164356,0.59896305,0.00054860,0.59896302
-9911.19852436,0.59664861,0.00054648,0.59664858
-9804.97305085,0.60508206,0.00055422,0.60508203
-9699.06727073,0.61281863,0.00056130,0.61281859
-9557.09946200,0.60890481,0.00055771,0.60890478
-9434.58261162,0.60999346,0.00055873,0.60999343
-9336.74430177,0.58571412,0.00053649,0.58571409
-9184.99368168,0.59163334,0.00077552,0.59163328
-9051.57048879,0.58227182,0.00057803,0.58227179
-8969.76046571,0.57721541,0.00052871,0.57721538
-8996.54576652,0.55559888,0.00050888,0.55559885
-8574.21215320,0.59174873,0.00054200,0.59174870
-8309.23552249,0.57774913,0.00052917,0.57774910
-7900.84456143,0.61785645,0.00056590,0.61785642
-7682.98061818,0.67405915,0.00114829,0.67405903
-7403.59181125,0.72702486,0.00066591,0.72702482
-7356.67504456,0.75043862,0.00068734,0.75043858
-7343.95684085,0.75352887,0.00069020,0.75352883
-7340.14743112,0.75231833,0.00068907,0.75231829
-7333.38524758,0.74946500,0.00068647,0.74946496
-7326.19530893,0.74775165,0.00068489,0.74775161
-7326.59439278,0.74963266,0.00068662,0.74963263
-7338.12980367,0.75104745,0.00068790,0.75104741
-7352.19970789,0.75017444,0.00068710,0.75017441
-7366.70766462,0.74820897,0.00068530,0.74820893
-7453.34227765,0.72314722,0.00066235,0.72314718
-7605.01245901,0.70356648,0.00067889,0.70356644
-7764.42383957,0.65145781,0.00061912,0.65145777
-8082.28874533,0.57758212,0.00052903,0.57758209
-7498.59583855,0.71349379,0.05699758,0.71321485
-7852.83407116,0.48191075,1.07419860,0.30147123
-8581.36989648,0.54045571,0.33364418,0.52768917
-8832.03143162,0.54781363,0.16112030,0.54490339
-9007.14042869,0.57379868,0.00130646,0.57379850
-9127.50699282,0.58314703,0.00191292,0.58314664
-9249.12722367,0.58677274,0.00093127,0.58677265
-9372.90293192,0.59483540,0.00055201,0.59483536
-9497.15973689,0.59186538,0.00054210,0.59186535
-9587.89226246,0.60492069,0.00055406,0.60492066
-9689.71005905,0.61595107,0.00074500,0.61595101
-9773.93087670,0.61611685,0.00056431,0.61611682
-9857.35188836,0.60549518,0.00055458,0.60549515
-9976.46842767,0.59906748,0.05211335,0.59878975
-10096.45417898,0.60048884,0.00056724,0.60048881
-10153.05713511,0.60481775,0.00055416,0.60481772
-10235.52966576,0.60349135,0.00055275,0.60349132
-10308.30528262,0.61032264,0.00055900,0.61032261
-10387.22426491,0.60221746,0.00055343,0.60221743
-10447.34698079,0.58673988,0.00053741,0.58673985
-10505.78446281,0.56679515,0.30115850,0.55690792
-10544.77898481,0.60274349,0.00055207,0.60274346
-10521.47382946,0.60180864,0.00137808,0.60180844
-10480.45088705,0.60213339,0.00055151,0.60213336
-10411.98118785,0.59830221,0.00054800,0.59830218
-10353.90179858,0.59282077,0.00054297,0.59282074
-10292.61527608,0.60242268,0.00055516,0.60242265
-10189.14170017,0.60387759,0.00055310,0.60387756
-10115.09271665,0.59837894,0.00054807,0.59837891
-9971.66551292,0.60500133,0.00055413,0.60500130
-9904.49259520,0.61045031,0.00055912,0.61045028
-9771.50640963,0.61872823,0.00056671,0.61872820
-9696.79719460,0.60726946,0.00055621,0.60726943
-9561.49300744,0.61149392,0.00056008,0.61149388
-9439.97215536,0.60659651,0.00055559,0.60659648
-9298.76326999,0.60961711,0.00055836,0.60961708
-9183.64766364,0.60543367,0.00055453,0.60543363
-9010.28016100,0.60207890,0.00055145,0.60207887
-8882.74243827,0.58493348,0.00053576,0.58493345
-8595.27926811,0.60771448,0.00078124,0.60771442
-8577.15530128,0.60499414,0.00055413,0.60499410
-8455.38997317,0.62519490,0.00072331,0.62519484
-8211.71004924,0.67840029,0.00062136,0.67840025
-8115.18672813,0.71473837,0.00065466,0.71473833
-7968.38606531,0.74698470,0.00068684,0.74698466
-7974.10970745,0.74980528,0.00068678,0.74980524
-7986.37469125,0.74982316,0.00068678,0.74982312
-7992.86434663,0.75205639,0.00068885,0.75205635
-8021.90923347,0.74598200,0.00068328,0.74598197
-8023.17368649,0.75067817,0.00068757,0.75067814
-8039.84915928,0.74854923,0.00068561,0.74854919
-8057.63001595,0.74614570,0.00068343,0.74614566
-8058.20376962,0.75027414,0.00068719,0.75027410
-8070.71339978,0.75057031,0.00068749,0.75057027
-8086.59366585,0.74995582,0.00068690,0.74995578
-8097.97342066,0.75087055,0.00068776,0.75087051
-8106.75065050,0.75194769,0.00068873,0.75194765
-8093.96712383,0.75129417,0.00068814,0.75129413
-8091.64701108,0.74908040,0.00068610,0.74908036
-8078.69223664,0.74982847,0.00070505,0.74982843
-8071.26907610,0.74828562,0.00068878,0.74828558
-8059.14805603,0.74627140,0.00068354,0.74627136
-8039.64468123,0.74812875,0.00068523,0.74812871
-8029.28679002,0.75050811,0.00068741,0.75050807
-8027.14560025,0.74741243,0.00068457,0.74741240
-8006.80352539,0.74928375,0.00068629,0.74928371
-8054.21831528,0.72767385,0.00066649,0.72767381
-8121.40823646,0.70846348,0.00064892,0.70846345
-8183.12398926,0.70502638,0.00064576,0.70502634
-8288.00371659,0.66142301,0.04289434,0.66125261
-8168.05444580,0.69284489,0.01664735,0.69282039
-7954.16610110,0.74434253,0.00068176,0.74434249
-8346.89268871,0.63766544,0.02311997,0.63761409
-8703.01356963,0.60146998,0.00055091,0.60146995
-8947.95368631,0.61250425,0.00056110,0.61250422
-9086.80612856,0.61567987,0.00056391,0.61567984
-9257.52876130,0.59782610,0.00054760,0.59782607
-9370.88151885,0.60314830,0.00055245,0.60314827
-9487.33147998,0.60146197,0.00055089,0.60146194
-9618.49682038,0.60068229,0.00055018,0.60068226
-9747.96609524,0.60445168,0.00055366,0.60445164
-9817.95323055,0.60577385,0.00055484,0.60577382
-9930.39706331,0.59486037,0.00054485,0.59486034
-10007.80255983,0.58606008,0.00150997,0.58605984
-10067.09963367,0.59808332,0.00054797,0.59808329
-10124.39734864,0.60882165,0.00055763,0.60882162
-10184.79973450,0.61039818,0.00055908,0.61039815
-10269.34950020,0.60091202,0.00055039,0.60091199
-10293.92857624,0.61665097,0.00058257,0.61665093
-10339.82777568,0.61376092,0.00056306,0.61376088
-10374.70526468,0.60242011,0.00055177,0.60242008
-10347.27469021,0.57790261,0.23152629,0.57219305
-10292.47692201,0.60636844,0.00055538,0.60636840
-10276.10831274,0.58858673,0.00053910,0.58858670
-10179.84219209,0.61459037,0.00056292,0.61459034
-10142.90613497,0.60853417,0.00055737,0.60853414
-10089.23016039,0.60203052,0.00055141,0.60203049
-9973.63699861,0.61550093,0.00056376,0.61550089
-9906.64079949,0.60320219,0.00055250,0.60320216
-9790.29436940,0.61375741,0.00056215,0.61375738
-9747.24381095,0.61509760,0.00106427,0.61509749
-9652.63850200,0.60408141,0.00055329,0.60408138
-9545.49509694,0.59397221,0.00054403,0.59397218
-9419.98216387,0.59622254,0.00054612,0.59622251
-9281.07839456,0.60494946,0.00055408,0.60494943
-9176.34162996,0.59542030,0.00054562,0.59542027
-9099.84461446,0.58295616,0.00053408,0.58295613
-8933.06406290,0.58442518,0.00053529,0.58442515
-8713.99297069,0.57511709,0.00052689,0.57511706
-8252.78642338,0.59917068,0.00054880,0.59917065
-7844.00362812,0.66249778,0.00060679,0.66249775
-7677.81310807,0.71000069,0.00065031,0.71000065
-7540.08859293,0.73281314,0.00067122,0.73281310
-7503.93320031,0.74075562,0.00067847,0.74075558
-7707.77702682,0.68910719,0.00063118,0.68910715
-7624.62419843,0.71374681,0.00065375,0.71374677
-7469.74908870,0.74415525,0.00068160,0.74415522
-7439.33466525,0.75303233,0.00068973,0.75303229
-7433.60902058,0.74921096,0.00068622,0.74921092
-7429.47064436,0.74816036,0.00068633,0.74816032
-7436.89437814,0.74844484,0.00068554,0.74844480
-7439.84518007,0.74878461,0.00068584,0.74878458
-7453.43718086,0.74928155,0.00068631,0.74928151
-7474.18871794,0.73850580,0.00067642,0.73850577
-7636.01467029,0.71653114,0.00065629,0.71653110
-7494.31431206,0.74795028,0.00068506,0.74795024
-7492.41982952,0.75053248,0.00068744,0.75053244
-7659.75056505,0.67617292,0.28487337,0.66878143
-7706.22094899,0.70377789,0.00070124,0.70377785
-7758.71541902,0.68676094,0.00415821,0.68675940
-8362.35743093,0.61087014,0.00055951,0.61087011
-8611.55498668,0.62199885,0.00056970,0.62199882
-8977.70576438,0.58330738,0.00053433,0.58330735
-8979.43126455,0.59504379,0.00054501,0.59504376
-9163.51262985,0.57248793,0.00052435,0.57248790
-9238.94303686,0.58604041,0.00053902,0.58604038
-9334.76409985,0.59275877,0.00054292,0.59275874
-9503.56333276,0.59089652,0.00146911,0.59089630
-9687.27131044,0.59596083,0.00094192,0.59596074
-9727.28067057,0.59574755,0.00054680,0.59574752
-9738.85365124,0.60315799,0.00055245,0.60315796
-9797.34466226,0.61107771,0.00055970,0.61107767
-9879.73480041,0.60330445,0.00055258,0.60330442
-9958.15386710,0.61728058,0.00056538,0.61728055
-10034.34823111,0.60445728,0.00055363,0.60445725
-10069.65897998,0.60745253,0.00055638,0.60745250
-10116.36984510,0.61038444,0.00055906,0.61038441
-10171.05353236,0.60502156,0.00055416,0.60502153
-10172.31886498,0.58631782,0.28547776,0.57774141
-10198.03197981,0.61015914,0.00055885,0.61015911
-10186.43832799,0.61866044,0.00056665,0.61866041
-10173.03609815,0.60630629,0.00055533,0.60630626
-10130.75978076,0.60049220,0.00055002,0.60049217
-10091.65450702,0.60135899,0.00064529,0.60135895
-10032.23272685,0.60509884,0.00123825,0.60509869
-9973.23906121,0.60363419,0.00055289,0.60363416
-9892.33104944,0.60418275,0.00055338,0.60418272
-9815.63145249,0.60535911,0.00055446,0.60535908
-9754.40005490,0.60303921,0.00055233,0.60303918
-9661.44612853,0.60565418,0.00055473,0.60565415
-9553.92597164,0.59981259,0.00054938,0.59981256
-9438.17416232,0.61017182,0.00055887,0.61017179
-9315.15031252,0.60923044,0.00055800,0.60923041
-9169.79750090,0.59779135,0.00054753,0.59779132
-9107.40817692,0.59625915,0.00054612,0.59625912
-8979.97375582,0.60106427,0.00055052,0.60106424
-8754.05900738,0.60091112,0.00055038,0.60091109
-8228.15269508,0.67686682,0.00062791,0.67686679
-8027.10925461,0.74534020,0.00068267,0.74534017
-8177.89056474,0.71480115,0.00065472,0.71480111
-8215.09070814,0.71005869,0.00065037,0.71005865
-8230.12774967,0.71076074,0.00242233,0.71076023
-8221.92709158,0.71874010,0.00065831,0.71874006
-8238.47279833,0.71412828,0.00065409,0.71412824
-8189.49386541,0.71530671,0.00065517,0.71530668
-8121.63821196,0.74534567,0.00068268,0.74534563
-8124.73173935,0.74986428,0.00068682,0.74986424
-8138.69540811,0.74924770,0.00068626,0.74924766
-8148.66363747,0.75126019,0.00087051,0.75126013
-8162.49882333,0.75099293,0.00068786,0.75099289
-8176.39852584,0.74933166,0.00069282,0.74933162
-8196.29466017,0.74984340,0.00068680,0.74984336
-8196.44146398,0.75170912,0.00068851,0.75170908
-8214.48131964,0.74824792,0.00087612,0.74824786
-8223.76858889,0.75062228,0.00068752,0.75062224
-8200.18544992,0.75234735,0.00068909,0.75234731
-8209.88853808,0.74736501,0.00068453,0.74736497
-8189.48766125,0.75345481,0.00069010,0.75345477
-8168.72701087,0.75267129,0.00068940,0.75267125
-8173.62152025,0.74889876,0.00068593,0.74889872
-8163.09629547,0.74847174,0.00068643,0.74847170
-8137.38909959,0.75402924,0.00069066,0.75402920
-8132.92550798,0.74941677,0.00068641,0.74941673
-8285.98288308,0.65858559,0.36011333,0.64641240
-8105.76108342,0.74957488,0.00068657,0.74957484
-8097.94820050,0.74964411,0.00068663,0.74964407
-8088.34333458,0.74606976,0.00068334,0.74606972
-8079.96767285,0.74992745,0.00068688,0.74992741
-8071.02797350,0.74570727,0.00068302,0.74570723
-8140.81633242,0.71607986,0.00065597,0.71607983
-8540.79611556,0.62285080,0.04515388,0.62265027
-8769.70889821,0.61263787,0.00103273,0.61263776
-8912.10328656,0.54486168,0.44066566,0.52257673
-8933.59182026,0.58781131,0.03214608,0.58770362
-9135.98888511,0.58456200,0.00065378,0.58456195
-9260.30206910,0.59167511,0.00054193,0.59167508
-9410.91550073,0.59280765,0.00054296,0.59280762
-9476.72608917,0.57565181,0.30151196,0.56589628
-9566.14288570,0.60284755,0.00055216,0.60284752
-9683.96111564,0.60617971,0.00055521,0.60617968
-9759.05310341,0.60557259,0.00055465,0.60557256
-9856.63449725,0.59652475,0.00054637,0.59652472
-9896.98557652,0.60291411,0.00055223,0.60291408
-9935.26191354,0.60770676,0.00065287,0.60770671
-9978.78450653,0.61187705,0.00056043,0.61187702
-10009.74360279,0.60892845,0.00055773,0.60892841
-10079.88084449,0.60479258,0.00074178,0.60479253
-10110.02718259,0.61505515,0.00056334,0.61505512
-10093.11504252,0.61476483,0.00056309,0.61476480
-10066.11841698,0.61614431,0.00056436,0.61614428
-10069.53083224,0.61124742,0.00125544,0.61124727
-10030.12322322,0.61633454,0.00056451,0.61633451
-9986.98933483,0.60569638,0.00055477,0.60569634
-9935.91166288,0.60971537,0.00055845,0.60971534
-9867.60031753,0.58928982,0.24236655,0.58315234
-9825.40872267,0.61108771,0.00055971,0.61108767
-9767.17466033,0.60169392,0.00055110,0.60169389
-9669.05581978,0.61096204,0.00055959,0.61096201
-9762.58541483,0.57168436,0.00054665,0.57168432
-9533.14683228,0.57789998,0.00052931,0.57789995
-9405.23500285,0.59208172,0.00120739,0.59208157
-9348.54930551,0.57606416,0.00078345,0.57606409
-9131.73849402,0.59103384,0.00054135,0.59103381
-9028.20989197,0.58864350,0.00108332,0.58864338
-8960.03126902,0.53200586,0.40825425,0.51245778
-8792.89246678,0.55732404,0.32026040,0.54593559
-8687.23518756,0.58064509,0.00053185,0.58064506
-8424.65754965,0.62287909,0.00057052,0.62287906
-8202.16033793,0.60939116,0.00055815,0.60939113
-7944.32080451,0.58389447,0.51534755,0.55533668
-7791.77086776,0.66764964,0.10512428,0.66663505
-7621.40714952,0.73555410,0.00067371,0.73555406
-7584.83241092,0.74987338,0.00068682,0.74987334
-7671.63290342,0.71354430,0.00065402,0.71354426
-7561.15223537,0.75241979,0.00068917,0.75241975
-7561.27288885,0.74793334,0.00068505,0.74793330
-7533.94724332,0.74935757,0.00069964,0.74935753
-7527.91297645,0.75125726,0.00068809,0.75125722
-7545.55862142,0.74904948,0.00068617,0.74904944
-7553.26390600,0.74490081,0.00068228,0.74490077
-7562.84664921,0.75061749,0.00068752,0.75061745
-7583.72540705,0.74588039,0.00068335,0.74588035
-7583.21987683,0.74880205,0.00068585,0.74880201
-7725.87769857,0.71462033,0.00065455,0.71462029
-7783.33021898,0.70791046,0.00064839,0.70791043
-7848.37549088,0.69338942,0.00063509,0.69338939
-7995.05246802,0.65359182,0.00059864,0.65359178
-8227.64796122,0.60526575,0.15316390,0.60288712
-8278.99115086,0.59732176,0.33198373,0.58591140
-8224.79577872,0.61735987,0.00056545,0.61735984
-8446.61799243,0.57107688,0.18803206,0.56727215
-8754.62047113,0.57924910,0.00054307,0.57924907
-8986.79712303,0.58744721,0.00061099,0.58744717
-9011.25230039,0.59922493,0.00054884,0.59922490
-9143.34283100,0.59176365,0.00054201,0.59176362
-9293.05714558,0.59166191,0.00105796,0.59166180
-9353.72381235,0.59202393,0.00054226,0.59202390
-9467.90047713,0.59838679,0.00054807,0.59838676
-9585.54235172,0.59071232,0.00054105,0.59071229
-9633.23918606,0.60745185,0.00055637,0.60745182
-9707.90207471,0.60200851,0.00055139,0.60200848
-9770.08662869,0.59983679,0.00054942,0.59983676
-9829.37463757,0.60554327,0.00055463,0.60554324
-9890.83149690,0.60409994,0.00095567,0.60409985
-9871.40706438,0.62536728,0.00057278,0.62536725
-9945.45669575,0.62177267,0.00056961,0.62177264
-9939.85373208,0.61930688,0.00056723,0.61930685
-9955.64357727,0.61404950,0.00117902,0.61404936
-9949.18387408,0.62051208,0.00056834,0.62051205
-9956.91288428,0.61389309,0.00056235,0.61389306
-9917.46127539,0.60944493,0.00055820,0.60944490
-9875.69784330,0.61836136,0.00056637,0.61836132
-9843.68860314,0.60851939,0.00055736,0.60851935
-9799.02588021,0.61038016,0.00077795,0.61038010
-9758.50727375,0.60480619,0.00055395,0.60480616
-9700.10452558,0.59686471,0.00054668,0.59686468
-9629.56592802,0.60020166,0.00060552,0.60020162
-9506.10326784,0.61262167,0.00056116,0.61262164
-9437.69704777,0.60434699,0.00055353,0.60434696
-9292.17978024,0.58733337,0.16397624,0.58452261
-9183.40592248,0.59579877,0.00054572,0.59579874
-9000.67219449,0.59196750,0.00054219,0.59196747
-8860.40991383,0.58911814,0.00057616,0.58911811
-8384.42350020,0.60627206,0.62818872,0.56499977
-8639.46285785,0.62714773,0.00057441,0.62714770
-8591.22551940,0.64158475,0.00058765,0.64158472
-8431.35596602,0.66724532,0.00061114,0.66724529
-8159.53065285,0.73121577,0.00066973,0.73121573
-8296.05755863,0.70828386,0.00064873,0.70828382
-8155.50498267,0.75226077,0.00068901,0.75226073
-8165.01580448,0.74952557,0.00068651,0.74952554
-8185.55348546,0.74717495,0.00092161,0.74717488
-8192.79217071,0.74838877,0.00068547,0.74838873
-8214.74753096,0.73982632,0.00067763,0.73982628
-8221.68086186,0.74953676,0.00068652,0.74953673
-8230.93497122,0.74662010,0.00070093,0.74662005
-8246.18595301,0.75127247,0.00068812,0.75127243
-8264.31411932,0.74483181,0.00068221,0.74483177
-8261.97643654,0.74760433,0.00068476,0.74760429
-8278.45613645,0.75090420,0.00068779,0.75090416
-8297.70030781,0.74846517,0.00068553,0.74846514
-8319.41920459,0.74806234,0.00068518,0.74806230
-8325.35200178,0.74741387,0.00068458,0.74741383
-8305.10654971,0.74653712,0.00068378,0.74653708
-8295.99528589,0.74789845,0.00068501,0.74789841
-8282.32638380,0.74998208,0.00068693,0.74998205
-8279.89134508,0.74895510,0.00068599,0.74895506
-8264.45559006,0.74600509,0.00068329,0.74600505
-8249.77136487,0.74956050,0.00068655,0.74956047
-8253.80546873,0.73946274,0.00067730,0.73946270
-8225.07451239,0.74657051,0.00068380,0.74657047
-8219.92566073,0.74764299,0.00068478,0.74764295
-8199.30736800,0.74732259,0.00068449,0.74732255
-8201.16938708,0.74750501,0.00068467,0.74750497
-8187.59327024,0.74577247,0.00068307,0.74577243
-8205.85193032,0.73469212,0.00067292,0.73469208
-8313.26766760,0.71578382,0.00065560,0.71578378
-8359.11882245,0.69659118,0.00063802,0.69659114
-8460.04991125,0.66329989,0.00060753,0.66329985
-8130.09408378,0.74410998,0.00068156,0.74410994
-8280.29073393,0.68970785,0.00063173,0.68970781
-8635.62535271,0.60343844,0.00055271,0.60343841
-8819.05309123,0.59610806,0.00054600,0.59610803
-9070.27115431,0.59433932,0.00054437,0.59433929
-9180.74419389,0.60612088,0.00055516,0.60612085
-9351.54658832,0.60239512,0.00055175,0.60239509
-9416.91540224,0.60769636,0.00055660,0.60769633
-9522.92587675,0.60449741,0.00055368,0.60449738
-9616.38172474,0.59853913,0.00054821,0.59853910
-9644.09787387,0.60179564,0.00055121,0.60179561
-9700.76144510,0.60051131,0.00055010,0.60051128
-9760.69217874,0.59727341,0.00054706,0.59727338
-9801.75064314,0.60027584,0.00054980,0.60027581
-9790.75159210,0.61317107,0.00056161,0.61317104
-9841.51558276,0.60482131,0.00055397,0.60482128
-9850.03105120,0.60850356,0.00055734,0.60850353
-9859.74219747,0.60078193,0.00055028,0.60078190
-9842.80433672,0.61314296,0.00056160,0.61314293
-9829.74921255,0.61962985,0.00056754,0.61962982
-9785.85937668,0.61705133,0.00056517,0.61705130
-9766.98915139,0.60280392,0.00055212,0.60280388
-9722.77694591,0.59910699,0.00054873,0.59910696
-9722.65498776,0.58866132,0.00053916,0.58866129
-9635.67165081,0.58944549,0.00053988,0.58944546
-9548.60017289,0.59979887,0.00054937,0.59979884
-9462.06487517,0.60124603,0.00055069,0.60124600
-9371.09370718,0.59751685,0.00054728,0.59751682
-9268.49494909,0.59004049,0.00054043,0.59004046
-9082.47829440,0.61030274,0.00055899,0.61030271
-9002.00021371,0.57523255,0.15268268,0.57274494
-8913.20176347,0.59211164,0.00213046,0.59211117
-8888.42695545,0.55277105,0.23855618,0.54642884
-8713.18482425,0.56507722,0.21171367,0.56019772
-8449.68298985,0.60078526,0.00055142,0.60078523
-8075.59853433,0.65209772,0.00059728,0.65209768
-8074.86602821,0.65962023,0.05822305,0.65930537
-7710.61484382,0.74021319,0.00067802,0.74021315
-7945.88814186,0.68547129,0.00098553,0.68547120
-7917.92237214,0.67479362,0.13565303,0.67312125
-7856.51352790,0.67231854,0.29686982,0.66424099
-7788.43646340,0.71670755,0.00065645,0.71670751
-7652.31960733,0.74589027,0.00068721,0.74589024
-7645.27872893,0.74650476,0.00068374,0.74650472
-7635.62132543,0.74829978,0.00068892,0.74829974
-7623.40657455,0.74750180,0.00068857,0.74750176
-7610.79389687,0.74769980,0.00068494,0.74769976
-7616.12751307,0.74809778,0.00068522,0.74809774
-7631.00684231,0.74698327,0.00068418,0.74698323
-7645.23393913,0.74508567,0.00068246,0.74508563
-7655.93003489,0.74728414,0.00068464,0.74728410
-7664.43175087,0.74760721,0.00068475,0.74760717
-7673.75887789,0.74832435,0.00068541,0.74832431
-7834.26023526,0.71489472,0.00065481,0.71489469
-7840.16029267,0.71572535,0.00065556,0.71572531
-7814.72513287,0.70128768,0.13504358,0.69969308
-7779.56689976,0.72287111,0.00066211,0.72287107
-8010.24121548,0.68165054,0.00062434,0.68165050
-8223.63185715,0.63975678,0.00058596,0.63975675
-8287.45556233,0.62859240,0.00057574,0.62859237
-8524.83591607,0.55291934,0.52315018,0.52172143
-8626.69664963,0.59379475,0.00054387,0.59379472
-8577.49738584,0.50799568,0.74332548,0.43631909
-8740.39718497,0.60750536,0.00055643,0.60750533
-8859.47729082,0.60037655,0.00112731,0.60037642
-9088.32209133,0.56245787,0.21227538,0.55752928
-9296.72603383,0.57999142,0.00053137,0.57999139
-9363.41028481,0.59436240,0.00054439,0.59436237
-9404.66723676,0.60534402,0.00055445,0.60534399
-9519.41566279,0.59935530,0.00054902,0.59935527
-9622.04071628,0.59062977,0.00054097,0.59062974
-9608.28153932,0.59460494,0.00054461,0.59460491
-9664.48758346,0.59942808,0.00054903,0.59942805
-9701.39284278,0.60757521,0.00055649,0.60757518
-9702.95721435,0.61210915,0.00056072,0.61210912
-9695.90047450,0.61312194,0.00056157,0.61312191
-9741.57837749,0.60267353,0.00055200,0.60267350
-9711.63690397,0.61044060,0.00118893,0.61044046
-9664.57726786,0.61699332,0.00056511,0.61699329
-9690.50522603,0.60960106,0.00055834,0.60960103
-9691.24206261,0.60260777,0.00080650,0.60260770
-9643.59540147,0.60493665,0.00055408,0.60493662
-9567.36729752,0.61002871,0.00055874,0.61002868
-9523.31676177,0.62134751,0.00056911,0.62134747
-9499.76415721,0.60849978,0.00055735,0.60849975
-9432.54768135,0.60679657,0.00055577,0.60679654
-9359.96561118,0.60919955,0.00055798,0.60919952
-9312.92575607,0.57828400,0.11358670,0.57691585
-9168.44554771,0.59623117,0.00054610,0.59623114
-8999.26950520,0.59574375,0.00054565,0.59574372
-8702.21792752,0.60417605,0.14253793,0.60211283
-8340.71967340,0.69915437,0.00064037,0.69915433
-8316.88323888,0.71382032,0.00065381,0.71382028
-8238.04575822,0.72152235,0.00066086,0.72152231
-8289.24693824,0.70677435,0.05616337,0.70650094
-8369.43873317,0.70752461,0.00064804,0.70752458
-8324.50832882,0.72312656,0.00066233,0.72312652
-8338.09843031,0.72234009,0.00066163,0.72234005
-8228.33258292,0.74934817,0.00070471,0.74934813
-8242.09516715,0.74728364,0.00068445,0.74728360
-8250.13249278,0.74895684,0.00084402,0.74895678
-8264.03514862,0.74647735,0.00068372,0.74647732
-8265.85507934,0.74884105,0.00068588,0.74884101
-8274.77702366,0.75084592,0.00068773,0.75084588
-8302.64649703,0.74895424,0.00068600,0.74895420
-8308.22468383,0.74803641,0.00068747,0.74803637
-8305.91967273,0.75087816,0.00068775,0.75087813
-8331.17946671,0.74983384,0.00099918,0.74983376
-8341.43771709,0.75074487,0.00135061,0.75074472
-8352.68565209,0.75142444,0.00068826,0.75142440
-8356.74427137,0.75079419,0.00068767,0.75079415
-8360.18906132,0.75213906,0.00068890,0.75213902
-8357.68762196,0.74768470,0.00068482,0.74768466
-8346.51357907,0.74828851,0.00068537,0.74828847
-8333.29652638,0.74988637,0.00068684,0.74988633
-8319.77889305,0.75037935,0.00068729,0.75037931
-8318.88118988,0.75053100,0.00068743,0.75053096
-8303.82845143,0.74985948,0.00068682,0.74985944
-8301.01332941,0.74861646,0.00068568,0.74861642
-8284.33526708,0.74912908,0.00068614,0.74912904
-8265.54160635,0.75140458,0.00068823,0.75140454
-8258.26366462,0.74809399,0.00068520,0.74809395
-8246.37096245,0.74668625,0.00068392,0.74668621
-8237.58763793,0.75084606,0.00068775,0.75084602
-8393.14846309,0.71118122,0.00065139,0.71118119
-8357.90307274,0.71527837,0.00065514,0.71527834
-8369.48225958,0.70842402,0.00064886,0.70842398
-8192.79950867,0.74834055,0.00068543,0.74834051
-8175.97626045,0.74967800,0.00068665,0.74967796
-8313.72062287,0.71835835,0.00065797,0.71835832
-8323.16743914,0.70946205,0.00064981,0.70946201
-8513.50928935,0.65506397,0.03160144,0.65497059
-8923.28655229,0.59639684,0.00054625,0.59639681
-9000.59147199,0.60345915,0.00056090,0.60345911
-9158.64073392,0.60337115,0.00055264,0.60337112
-9183.60912245,0.63690856,0.00058335,0.63690853
-9318.37191468,0.60599360,0.00055504,0.60599357
-9378.14141808,0.60838336,0.00055723,0.60838333
-9663.65724058,0.58620878,0.00053692,0.58620875
-9458.79899493,0.61463905,0.00056296,0.61463901
-9508.40262721,0.60503105,0.00055416,0.60503102
-9516.23868346,0.60495575,0.00055409,0.60495572
-9549.95703268,0.59459189,0.00054489,0.59459186
-9591.04070177,0.60130075,0.00055074,0.60130072
-9583.19520170,0.59929433,0.00054890,0.59929429
-9580.99026044,0.59559436,0.08516878,0.59484793
-9584.82715127,0.60692927,0.00055591,0.60692924
-9547.20548867,0.61602616,0.00056424,0.61602613
-9614.50625927,0.61106648,0.00055969,0.61106645
-9533.74847334,0.59713512,0.00054726,0.59713509
-9480.45564603,0.59872045,0.00054838,0.59872042
-9444.51067714,0.60241082,0.00055176,0.60241079
-9394.19938834,0.58505569,0.08363405,0.58432296
-9321.01296789,0.59441315,0.00054443,0.59441312
-9219.28756728,0.59641007,0.00054626,0.59641004
-9153.08220547,0.57975382,0.00053101,0.57975379
-8913.43732931,0.57005153,0.17399368,0.56678939
-8797.22944132,0.54589280,0.40484158,0.52718270
-8735.83569432,0.59311056,0.00054324,0.59311053
-8083.48251475,0.64705221,0.42352045,0.62984426
-8013.31420765,0.69317319,0.00076404,0.69317314
-8335.67926141,0.61529453,0.00056357,0.61529450
-8099.42053111,0.67085727,0.00061445,0.67085723
-8020.82318889,0.69202276,0.00063384,0.69202273
-8036.00620314,0.68025269,0.00062305,0.68025266
-7955.42988943,0.70504206,0.00064577,0.70504202
-7749.04343713,0.74573190,0.00068303,0.74573186
-7748.63494963,0.74500217,0.00068237,0.74500213
-7734.64106718,0.74043355,0.00067818,0.74043351
-7723.82134289,0.74808587,0.00068519,0.74808583
-7705.22747013,0.75093704,0.00068780,0.75093700
-7684.65127978,0.74973874,0.00068672,0.74973870
-7690.89113782,0.74703947,0.00068424,0.74703943
-7675.49949804,0.74775854,0.00068624,0.74775850
-7664.33866911,0.74870094,0.00068575,0.74870091
-7670.29059478,0.74933115,0.00068633,0.74933111
-7675.39804420,0.74785673,0.00068500,0.74785670
-7700.39383253,0.74854788,0.00068561,0.74854785
-7715.86008343,0.74818072,0.00068529,0.74818068
-7717.54978667,0.75139138,0.00068821,0.75139134
-7735.45081096,0.74813036,0.00068528,0.74813032
-7744.93081755,0.75112532,0.00068799,0.75112528
-7754.04176236,0.74781189,0.00068493,0.74781185
-7936.98822950,0.71344698,0.00065347,0.71344694
-7780.48814743,0.75323345,0.00068990,0.75323341
-7797.99365336,0.74793546,0.00068506,0.74793543
-7974.36029683,0.71350941,0.00065352,0.71350938
-8081.62500608,0.68561865,0.00062797,0.68561861
-7833.19771924,0.74692286,0.00068414,0.74692282
-7958.91332183,0.67668040,0.31256721,0.66777865
-8219.21173764,0.66855826,0.00061235,0.66855823
-8514.51608147,0.59538158,0.00054533,0.59538155
-8386.80675248,0.59117378,0.33688020,0.57929623
-8740.75302237,0.58813414,0.00053870,0.58813411
-8996.89941096,0.59001456,0.00054043,0.59001453
-9092.86791966,0.59451582,0.00054453,0.59451579
-9177.66211688,0.59441883,0.00054444,0.59441880
-9230.55517592,0.60004708,0.00054959,0.60004705
-9328.03198011,0.59925237,0.00054886,0.59925234
-9369.42455402,0.60203024,0.00055142,0.60203021
-9380.33675532,0.60408041,0.00055329,0.60408038
-9546.69950296,0.59298481,0.01476684,0.59296229
-9687.65252760,0.59080744,0.00054113,0.59080741
-9450.53788870,0.60922410,0.00055801,0.60922407
-9449.01856481,0.60429528,0.00055348,0.60429524
-9522.23841317,0.58606426,0.00053679,0.58606423
-9460.82579285,0.60250213,0.00125776,0.60250197
-9529.36143737,0.59948367,0.00054908,0.59948364
-9524.00299808,0.54130260,0.40387123,0.52252013
-9497.25562261,0.50295805,0.65960943,0.44684330
-9407.54276759,0.58947900,0.00053993,0.58947897
-9378.85150181,0.59961359,0.00218042,0.59961311
-9286.87818434,0.60596698,0.00055502,0.60596694
-9203.37595418,0.60361309,0.00055286,0.60361306
-9271.93889821,0.60586156,0.00055492,0.60586153
-9165.00051861,0.49966905,0.62564340,0.44913142
-8782.76026670,0.60371918,0.09463070,0.60280997
-8889.88480763,0.60210115,0.00055305,0.60210112
-8624.66254846,0.64058697,0.00058714,0.64058693
-8360.28728422,0.71319703,0.00065324,0.71319699
-8377.89686375,0.70972809,0.00065005,0.70972806
-8230.98317737,0.75114458,0.00068799,0.75114454
-8242.23210989,0.74723674,0.00068441,0.74723670
-8416.58151358,0.71580270,0.00065562,0.71580267
-8436.26094590,0.70914064,0.00064953,0.70914060
-8431.80982895,0.70903013,0.00092455,0.70903006
-8303.68817590,0.74868024,0.00068573,0.74868020
-8294.85505220,0.75274379,0.00068946,0.75274375
-8321.44146352,0.75053678,0.00068749,0.75053674
-8322.17243975,0.75261458,0.00068933,0.75261454
-8344.03507828,0.75003057,0.00068698,0.75003053
-8355.37485976,0.74902207,0.00068604,0.74902204
-8368.93592779,0.74940807,0.00068641,0.74940803
-8376.49019159,0.75219884,0.00068896,0.75219880
-8383.14228239,0.75093951,0.00068781,0.75093947
-8402.92816929,0.74785084,0.00068497,0.74785080
-8424.02028760,0.74730350,0.00068448,0.74730346
-8428.48109338,0.75233670,0.00068909,0.75233666
-8434.49246551,0.74975513,0.00068672,0.74975509
-8457.91829732,0.74793941,0.00068506,0.74793937
-8436.46120920,0.75282850,0.00068954,0.75282846
-8428.43993976,0.74759181,0.00068474,0.74759177
-8446.39851554,0.74323249,0.00068075,0.74323246
-8403.95337530,0.74973983,0.00068671,0.74973979
-8382.47376351,0.75161360,0.00068843,0.75161356
-8377.47190857,0.74791404,0.00068503,0.74791400
-8374.08274029,0.74576882,0.00068356,0.74576879
-8364.38714741,0.74511982,0.00068249,0.74511978
-8354.25585414,0.74628047,0.00068356,0.74628043
-8335.68489371,0.74765607,0.00068481,0.74765603
-8326.89015738,0.74769812,0.00068483,0.74769808
-8299.35274598,0.75148451,0.00068873,0.75148447
-8385.15208288,0.71542842,0.03190656,0.71534126
-8283.48125352,0.75048582,0.00068740,0.75048578
-8286.50204560,0.74667107,0.00068389,0.74667103
-8264.54571758,0.74687621,0.00068408,0.74687617
-8257.61417814,0.74656579,0.00068380,0.74656575
-8407.22678011,0.69486764,0.00063644,0.69486760
-8490.62805546,0.66972264,0.00061345,0.66972260
-8687.76710153,0.61600922,0.00056421,0.61600919
-8701.39044008,0.62042500,0.00156150,0.62042476
-8564.00846575,0.65106465,0.00088964,0.65106457
-8971.91434261,0.57998543,0.00053122,0.57998540
-9058.95209633,0.60279845,0.00055211,0.60279842
-9112.16944427,0.60091708,0.00055040,0.60091704
-9199.97023405,0.59357735,0.00054367,0.59357732
-9211.03030263,0.58389119,0.00053480,0.58389116
-9104.04343859,0.58122437,0.03142085,0.58112032
-9310.42821824,0.44497411,0.82243404,0.33932762
-9569.64819897,0.42849342,0.78819769,0.32787619
-9400.63508324,0.56268573,0.00524553,0.56268273
-9363.26622492,0.58720852,0.00053783,0.58720849
-9418.62574248,0.58112152,0.00097524,0.58112142
-9333.62420922,0.58381488,0.08422573,0.58307015
-9307.10336369,0.59027150,0.00054065,0.59027147
-9339.91804226,0.57529201,0.24156393,0.56904537
-9280.10969116,0.59187322,0.00054211,0.59187319
-9266.57032640,0.59683055,0.00054667,0.59683052
-9245.02016489,0.59114260,0.03744105,0.59099733
-9252.00415575,0.59185277,0.00054209,0.59185274
-9157.59593188,0.60151660,0.00055094,0.60151657
-9056.51338640,0.59647992,0.00168171,0.59647963
-9040.34561198,0.57340685,0.12133666,0.57183206
-8913.01687409,0.58500733,0.00053679,0.58500730
-8765.07733703,0.59502623,0.00054501,0.59502620
-8327.00460457,0.62957698,0.00057664,0.62957695
-7916.78968851,0.74823506,0.00068532,0.74823502
-8221.91449139,0.64764587,0.18079743,0.64454707
-7907.94119969,0.74157796,0.00067923,0.74157792
-7881.82594579,0.74849646,0.00068558,0.74849642
-8007.28851707,0.70854024,0.00064897,0.70854021
-8003.30539825,0.71533668,0.00065520,0.71533665
-7964.60266834,0.72086811,0.00066026,0.72086808
-7817.67800854,0.75169814,0.00068852,0.75169810
-7825.25549468,0.74826756,0.00070240,0.74826752
-7803.12388949,0.75221639,0.00068899,0.75221635
-7798.20945598,0.74852531,0.00068559,0.74852527
-7781.91817062,0.75136978,0.00068820,0.75136974
-7773.78230749,0.74794321,0.00068506,0.74794317
-7751.21216415,0.75222990,0.00068898,0.75222986
-7749.94045370,0.75006678,0.00068701,0.75006674
-7731.21746989,0.75535109,0.00069185,0.75535105
-7723.84417254,0.75006586,0.00068853,0.75006583
-7735.52420605,0.74921090,0.00068711,0.74921086
-7737.82711258,0.75325277,0.00068992,0.75325273
-7759.62534694,0.74864463,0.00068570,0.74864459
-7764.96215838,0.75325872,0.00068992,0.75325868
-7783.64109093,0.75024307,0.00069168,0.75024304
-7787.32545900,0.75360286,0.00069025,0.75360282
-7805.43563728,0.75055416,0.00069393,0.75055412
-7816.55899183,0.74870886,0.00068576,0.74870882
-7821.73165009,0.75048655,0.00068738,0.75048651
-7831.99717324,0.75244145,0.00068918,0.75244141
-7910.72761665,0.73268613,0.00067108,0.73268609
-7858.54441542,0.75426809,0.00069085,0.75426805
-7869.90660213,0.75463364,0.00069118,0.75463360
-7906.13153398,0.74547830,0.00068280,0.74547826
-8037.01218287,0.71612108,0.00065592,0.71612104
-7953.05324335,0.73295684,0.00067133,0.73295680
-7917.26563980,0.75054321,0.00068744,0.75054317
-8385.71852503,0.61928349,0.00056721,0.61928346
-8634.28367187,0.61408250,0.00056245,0.61408247
-8771.93143181,0.55244555,0.32910533,0.54030369
-8768.23609456,0.57519810,0.13350924,0.57329689
-8936.66693311,0.59721046,0.00054992,0.59721043
-9143.58923442,0.58969905,0.00119328,0.58969891
-9106.66236552,0.60265203,0.00055200,0.60265200
-9096.50904606,0.59277312,0.00054294,0.59277309
-9141.41615681,0.59876922,0.00054842,0.59876919
-9089.66087699,0.59339522,0.06650150,0.59293856
-9134.09446383,0.60501568,0.00055415,0.60501565
-9139.03392659,0.59821067,0.00054791,0.59821064
-9064.97474937,0.58770217,0.00053831,0.58770214
-9183.19845902,0.57589824,0.17068162,0.57279148
-9170.64644749,0.60112744,0.00055058,0.60112741
-9046.62200161,0.61019378,0.00055889,0.61019375
-8898.93161014,0.58340648,0.00092116,0.58340639
-8401.97712300,0.53041966,1.05644743,0.38029603
-8383.67357971,0.66566225,0.08967838,0.66492185
-9000.51769639,0.59264207,0.00054281,0.59264204
-8998.79291892,0.60033150,0.00054990,0.60033147
-8996.97115706,0.61326493,0.00056171,0.61326489
-8930.10222698,0.62123437,0.00056900,0.62123433
-8841.70462155,0.61646222,0.00056465,0.61646219
-8514.61360492,0.66396292,0.00060830,0.66396289
-8461.13281480,0.65916460,0.27012831,0.65234901
-8543.63376620,0.65818428,0.00060286,0.65818425
-8527.77450817,0.66659144,0.01618615,0.66656737
-8424.72395340,0.68957751,0.21740135,0.68536661
-8410.30683293,0.71030203,0.00065061,0.71030200
-8281.08051707,0.74813533,0.00068525,0.74813529
-8290.45959258,0.75185565,0.00068865,0.75185561
-8310.60712037,0.74920735,0.00068622,0.74920731
-8318.79061381,0.74769057,0.00068483,0.74769053
-8326.08730051,0.74887611,0.00068591,0.74887607
-8329.60089564,0.74991590,0.00068688,0.74991587
-8350.52477502,0.74682004,0.00068405,0.74682000
-8359.65970210,0.74735101,0.00068453,0.74735097
-8383.25873504,0.74444651,0.00068185,0.74444647
-8397.22455351,0.74670304,0.00068393,0.74670301
-8398.69958083,0.74881547,0.00068586,0.74881544
-8407.26107857,0.75012133,0.00068706,0.75012129
-8416.14600808,0.74668252,0.00068392,0.74668249
-8440.25951895,0.74865098,0.00068571,0.74865094
-8439.37402700,0.75362956,0.00069028,0.75362952
-8458.72719161,0.74928119,0.00068629,0.74928115
-8468.35267284,0.75116815,0.00068802,0.75116811
-8480.52315823,0.74591395,0.00068322,0.74591392
-8462.11308859,0.75218025,0.00068894,0.75218021
-8454.98731614,0.74853366,0.00068561,0.74853363
-8447.01648043,0.75056256,0.00068746,0.75056252
-8434.15146718,0.74964806,0.00068662,0.74964802
-8420.90286077,0.74598709,0.00068326,0.74598705
-8418.80765199,0.74460497,0.00068201,0.74460493
-8387.42810984,0.75096700,0.00068783,0.75096696
-8380.30612310,0.75104430,0.00068790,0.75104426
-8366.81583906,0.75331964,0.00068998,0.75331960
-8359.51139598,0.75104199,0.00068789,0.75104195
-8345.53376278,0.75200756,0.00068879,0.75200752
-8337.41891645,0.75128987,0.00068812,0.75128983
-8329.50115347,0.75209875,0.00068888,0.75209871
-8316.84380909,0.75044964,0.00068736,0.75044960
-8307.85559986,0.74760796,0.00068475,0.74760792
-8283.62437316,0.75149062,0.00068831,0.75149058
-8276.28472966,0.75111898,0.00068797,0.75111894
-8398.94764935,0.72089744,0.00066029,0.72089740
-8465.44999135,0.68743452,0.07874224,0.68688185
-8433.90789543,0.70185157,0.00068555,0.70185153
-8429.95724228,0.69731859,0.00066873,0.69731855
-8627.20843464,0.63880843,0.00058509,0.63880839
-8774.62378009,0.63253180,0.00151570,0.63253157
-8813.15166796,0.64673831,0.00075734,0.64673826
-8853.89593345,0.61681785,0.00056496,0.61681781
-8718.15016472,0.62927647,0.00061743,0.62927644
-8773.20733510,0.58617749,0.00053695,0.58617746
-8306.27649196,0.69471755,0.00085389,0.69471749
-8139.43793901,0.75087021,0.00074184,0.75087017
-8661.04473623,0.59528848,0.00054527,0.59528845
-8950.76086186,0.60108377,0.07328816,0.60053620
-9028.32175149,0.61328181,0.00056172,0.61328178
-8849.21117536,0.60078858,0.00055027,0.60078855
-8616.73994454,0.60258549,0.19617601,0.59866089
-8999.73283578,0.53946338,0.39092857,0.52182340
-9100.02745634,0.61137365,0.00055998,0.61137362
-8915.92796626,0.59698239,0.00055288,0.59698236
-8960.84111353,0.60166937,0.00055108,0.60166934
-8914.34544760,0.59723248,0.00056872,0.59723244
-8823.57600347,0.60511656,0.00055424,0.60511653
-9022.14463494,0.58815918,0.00053872,0.58815915
-8870.53084805,0.59638723,0.00063348,0.59638719
-8455.57206971,0.62881270,0.00057594,0.62881267
-7960.79663403,0.74061108,0.00074010,0.74061104
-8513.69608137,0.61664162,0.00056939,0.61664158
-8343.23904881,0.64676199,0.00059238,0.64676196
-8062.70751944,0.71325595,0.02050532,0.71321984
-7898.86475061,0.74960249,0.00068659,0.74960245
-7898.35098886,0.75101332,0.00068788,0.75101329
-7886.77869536,0.75116571,0.00068801,0.75116567
-7939.12211096,0.73169111,0.00067019,0.73169107
-7876.40329361,0.74625143,0.00068351,0.74625140
-7859.83827324,0.74900735,0.00068607,0.74900731
-7849.91275296,0.74806255,0.00068517,0.74806251
-7829.22143456,0.74619425,0.00068346,0.74619421
-7809.10200100,0.75145426,0.00068828,0.75145422
-7803.05743906,0.74944967,0.00068644,0.74944963
-7801.17461643,0.74427473,0.00068172,0.74427469
-7770.73634021,0.74792969,0.00068504,0.74792966
-7771.72426598,0.74976873,0.00068674,0.74976869
-7757.88794190,0.74846269,0.00068557,0.74846266
-7749.96380675,0.74776795,0.00068490,0.74776791
-7726.58176414,0.74843363,0.00068551,0.74843359
-7741.47968019,0.74916723,0.00068618,0.74916719
-7745.16343114,0.74949935,0.00068650,0.74949931
-7761.50198075,0.74896512,0.00068600,0.74896508
-7775.51503407,0.74610524,0.00068337,0.74610520
-7781.36860137,0.75025347,0.00068718,0.75025343
-7801.95847571,0.74583880,0.00068313,0.74583876
-7817.03315658,0.74704868,0.00068425,0.74704864
-7815.65318541,0.74882406,0.00068588,0.74882402
-7833.32688902,0.75125541,0.00068811,0.75125537
-7843.20011123,0.75204792,0.00068883,0.75204788
-7858.69670183,0.74590404,0.00068320,0.74590400
-7869.04591171,0.74967886,0.00068666,0.74967882
-7884.08247960,0.74927230,0.00068628,0.74927226
-7898.79599488,0.74993006,0.00080390,0.74993001
-7908.98787970,0.75213773,0.00068890,0.75213769
-7929.17562571,0.74038008,0.00067815,0.74038004
-8165.17066875,0.68622673,0.00062854,0.68622669
-8306.42104536,0.65372565,0.00059876,0.65372562
-8311.47223955,0.65810564,0.00060277,0.65810560
-8003.77879723,0.73523846,0.00067344,0.73523842
-8479.32159757,0.63858677,0.00058489,0.63858674
-8793.95367650,0.60267152,0.00055202,0.60267149
-8653.20265426,0.61852525,0.00056652,0.61852522
-8546.59557058,0.63763336,0.00059453,0.63763333
-8724.91166392,0.61669761,0.00056484,0.61669758
-8722.85527332,0.61390484,0.00056229,0.61390481
-8603.26226753,0.60494737,0.35163350,0.59229610
-8818.35195876,0.60598262,0.00055504,0.60598259
-8625.89488084,0.61826396,0.14529586,0.61616900
-8330.51990119,0.68614879,0.00062846,0.68614876
-8445.96318927,0.66185559,0.04787021,0.66164349
-8952.56677259,0.61157076,0.00056015,0.61157073
-8791.46681519,0.63234423,0.00057918,0.63234420
-8608.10804409,0.63372481,0.00058069,0.63372477
-8299.94064081,0.70378941,0.00064461,0.70378938
-8275.38370623,0.71346205,0.00065348,0.71346201
-8501.35806834,0.58156284,0.65102037,0.53506679
-8522.89371191,0.66644696,0.03711933,0.66632031
-8639.56229630,0.64389452,0.00058975,0.64389449
-8735.50899595,0.65079047,0.00059607,0.65079044
-8693.25862129,0.64303016,0.05434369,0.64274880
-8597.05310110,0.64814351,0.00059366,0.64814347
-8447.58893239,0.69857987,0.00063985,0.69857984
-8417.32929354,0.70931191,0.00064968,0.70931188
-8420.87827988,0.71931488,0.00065890,0.71931484
-8374.02258660,0.72096150,0.00066035,0.72096147
-8303.16461744,0.75008092,0.00068701,0.75008088
-8330.31743630,0.74891202,0.00068596,0.74891199
-8326.48033939,0.74760381,0.00068475,0.74760377
-8346.25837970,0.74635220,0.00068360,0.74635216
-8350.35647284,0.74785016,0.00068498,0.74785012
-8366.40625448,0.74649994,0.00068375,0.74649990
-8376.46193624,0.74633673,0.00068359,0.74633669
-8389.29741698,0.74745061,0.00068463,0.74745058
-8398.61214870,0.74982021,0.00068692,0.74982017
-8406.31125329,0.74997463,0.00068692,0.74997459
-8417.14940135,0.74753341,0.00068468,0.74753337
-8439.57742397,0.74761382,0.00068475,0.74761378
-8446.34392736,0.75146886,0.00068830,0.75146882
-8452.93804317,0.74796159,0.00068508,0.74796155
-8471.13233874,0.74939677,0.00068639,0.74939674
-8471.85966543,0.75247661,0.00068923,0.75247658
-8495.07434124,0.74911226,0.00068615,0.74911223
-8511.04317205,0.74514282,0.00068250,0.74514279
