Zc,E0Tn,betaTn,elastic
-3633.14674259,0.75897669,0.00069517,0.75897665
-3630.17688528,0.76205759,0.00069798,0.76205755
-3634.95072393,0.75889013,0.00069510,0.75889009
-3652.73472399,0.74823130,0.00068532,0.74823126
-3685.58580517,0.74606130,0.00068336,0.74606126
-3635.77326363,0.75629177,0.00070667,0.75629172
-3645.72796291,0.75665344,0.00076479,0.75665339
-3641.81056987,0.75749173,0.00069380,0.75749169
-3648.71629881,0.76123462,0.00069828,0.76123458
-3651.06666465,0.76021197,0.00069654,0.76021194
-3656.87753951,0.76048301,0.00069656,0.76048297
-3659.43432736,0.75960189,0.00069574,0.75960185
-3659.33448894,0.75934292,0.00069550,0.75934288
-3668.86359419,0.75880201,0.00069502,0.75880198
-3670.49883206,0.76022691,0.00069631,0.76022687
-3671.42342262,0.75913694,0.00069531,0.75913690
-3669.97301882,0.76095451,0.00093458,0.76095444
-3675.13946098,0.76088656,0.00069691,0.76088652
-3677.64014075,0.76017017,0.00074591,0.76017013
-3708.18742470,0.73082270,0.00066937,0.73082266
-3685.71061018,0.76027634,0.00069636,0.76027630
-3688.68128642,0.75897608,0.00069516,0.75897604
-3690.57478804,0.76012749,0.00069622,0.76012745
-3691.35594261,0.76164759,0.00089503,0.76164753
-3701.31364033,0.75924082,0.00069544,0.75924078
-3741.28812978,0.74811091,0.00068521,0.74811087
-3842.62727819,0.71477195,0.00065468,0.71477191
-3705.90584966,0.75908979,0.00069527,0.75908975
-3735.02253170,0.74526081,0.00068261,0.74526077
-3709.89880473,0.76158976,0.00088469,0.76158970
-3710.69182103,0.76051762,0.00082308,0.76051756
-3721.59714464,0.75862244,0.00069486,0.75862240
-3723.39966555,0.75452689,0.00069110,0.75452685
-3746.37746472,0.74712878,0.00068431,0.74712874
-3730.56354168,0.75568767,0.00069219,0.75568763
-3758.98339758,0.75110993,0.00068798,0.75110989
-3733.84271629,0.75993342,0.00069604,0.75993338
-3744.90177821,0.75452569,0.00069109,0.75452566
-3739.47814827,0.75889565,0.00069509,0.75889561
-3741.92516799,0.75570605,0.00069218,0.75570601
-3758.06260340,0.75527078,0.00069177,0.75527074
-3768.83865244,0.75449883,0.00069106,0.75449879
-4094.51465501,0.68873511,0.00063083,0.68873507
-3768.30640581,0.75439509,0.00069097,0.75439506
-3786.24135539,0.74532461,0.00068268,0.74532457
-4033.67423939,0.58983473,0.69766612,0.53691676
-3784.20243737,0.75527139,0.00069177,0.75527135
-3779.61902263,0.75683753,0.00069322,0.75683749
-3949.09972209,0.69497128,0.02815521,0.69490141
-4064.90737206,0.67303753,0.00061645,0.67303750
-4143.34016031,0.63404990,0.03771241,0.63391250
-4388.15756118,0.62048781,0.00056831,0.62048777
-4841.54463443,0.59989259,0.00055488,0.59989256
-5396.82740702,0.53394784,0.00059317,0.53394780
-5635.31919505,0.49828496,0.07008266,0.49768086
-3778.88228981,0.75812284,0.00069440,0.75812280
-4791.32404548,0.56518333,0.00096720,0.56518323
-4808.90078576,0.52261109,0.44295006,0.49908643
-3819.44558727,0.74318399,0.00095262,0.74318391
-3802.92820468,0.75894989,0.00069515,0.75894985
-3806.95772698,0.75884718,0.00069505,0.75884714
-3812.98300604,0.75933919,0.00069551,0.75933915
-3809.18312402,0.75940866,0.00079976,0.75940861
-3815.18543662,0.76071061,0.00069675,0.76071057
-3816.35300735,0.76065875,0.00073069,0.76065871
-3809.97297015,0.76006583,0.00069661,0.76006579
-3811.23863615,0.76053480,0.00069659,0.76053476
-3811.88968665,0.75831312,0.00069457,0.75831309
-4219.41150555,0.59803655,0.00263140,0.59803584
-4642.20880257,0.59594949,0.31253671,0.58582429
-5001.00755115,0.57601381,0.00053056,0.57601378
-5300.32342420,0.52152033,0.14676258,0.51898448
-3791.51119893,0.75532124,0.00069181,0.75532120
-5799.98268910,0.49477032,0.05075229,0.49445135
-5331.63431239,0.56907584,0.00052123,0.56907581
-5129.68158712,0.56774514,0.00052003,0.56774511
-4826.47531987,0.56594415,0.00166039,0.56594385
-4737.70058811,0.62278415,0.00057043,0.62278412
-4465.10608776,0.62463083,0.00057211,0.62463079
-4238.67275026,0.63463629,0.00058128,0.63463625
-3813.80212598,0.73944317,0.00067727,0.73944313
-4096.01116092,0.65287242,0.00059798,0.65287239
-3801.45077175,0.74923073,0.00068623,0.74923069
-3792.24351743,0.75693894,0.00069330,0.75693890
-3792.05698215,0.75372237,0.00069036,0.75372233
-4036.32198637,0.68991091,0.00063190,0.68991087
-3840.79660922,0.73222505,0.00067067,0.73222501
-3770.15226640,0.75803401,0.00069430,0.75803397
-3777.54337398,0.75596773,0.00087482,0.75596767
-3774.07346216,0.75399168,0.00069060,0.75399164
-3784.43262753,0.74865446,0.00068573,0.74865442
-3782.98180616,0.75211156,0.00068887,0.75211152
-3776.80468175,0.75452182,0.00069108,0.75452178
-3759.28540107,0.75928383,0.00069566,0.75928379
-3764.37158983,0.74945779,0.00068647,0.74945775
-3760.59490629,0.74709030,0.00068428,0.74709026
-3786.95286262,0.73583294,0.00067398,0.73583290
-3756.21575026,0.75642980,0.00069285,0.75642976
-3749.93946833,0.75990596,0.00069603,0.75990592
-3777.31203625,0.75070751,0.00068759,0.75070747
-3748.29882449,0.75838814,0.00069465,0.75838811
-3746.50231405,0.75980793,0.00069660,0.75980789
-3744.49060789,0.75802995,0.00069430,0.75802991
-3744.14944918,0.75864516,0.00069487,0.75864512
-3756.93878005,0.74835654,0.00068544,0.74835650
-3742.44891150,0.75905602,0.00069525,0.75905598
-3744.53904132,0.75616170,0.00075442,0.75616165
-3731.41554241,0.75992183,0.00069603,0.75992180
-3731.18557365,0.75969497,0.00072896,0.75969493
-3733.56338812,0.75968820,0.00069582,0.75968816
-3733.90368361,0.75937424,0.00069553,0.75937420
-3729.00197585,0.75877963,0.00069499,0.75877959
-3732.53354399,0.75354700,0.00069020,0.75354696
-3727.96860044,0.75894753,0.00069514,0.75894749
-3727.52902191,0.75971867,0.00069585,0.75971863
-3725.03517466,0.75943203,0.00075871,0.75943198
-3736.56789072,0.75499016,0.00069151,0.75499012
-3723.20307528,0.75684899,0.00069324,0.75684895
-3721.26409464,0.75740455,0.00069372,0.75740451
-3716.87717847,0.75771711,0.00069402,0.75771707
-3717.92281936,0.75763879,0.00069394,0.75763875
-3721.39120362,0.75476923,0.00069132,0.75476919
-3710.19288034,0.75863083,0.00069485,0.75863079
-3768.48844065,0.74228761,0.00067989,0.74228758
-3761.04804211,0.74224098,0.00067985,0.74224094
-3705.23479664,0.76052293,0.00076414,0.76052288
-3705.36793992,0.75836765,0.00069460,0.75836761
-3700.80439501,0.75768954,0.00069401,0.75768951
-3704.03973422,0.76118075,0.00069760,0.76118071
-3707.82705130,0.75852494,0.00071637,0.75852490
-3710.34953610,0.75989992,0.00069601,0.75989988
-3716.35639593,0.75686831,0.00071750,0.75686826
-3844.47593704,0.68706493,0.25470929,0.68125678
-3721.16523477,0.75765114,0.00069396,0.75765110
-3732.15073461,0.74968119,0.00068665,0.74968115
-3722.61543921,0.75613699,0.00069256,0.75613695
-3730.70089856,0.75883374,0.00069506,0.75883371
-3734.20493045,0.75841625,0.00069466,0.75841621
-3734.78029800,0.75800315,0.00069427,0.75800311
-3738.31897783,0.75731384,0.00069366,0.75731380
-3737.93201612,0.75920019,0.00086967,0.75920013
-3746.63693120,0.75736694,0.00069369,0.75736691
-3749.87990436,0.75941720,0.00069557,0.75941716
-3767.06170307,0.75310640,0.00068979,0.75310636
-3753.06116375,0.75712809,0.00069347,0.75712805
-3763.73085454,0.75652088,0.00069293,0.75652084
-3760.64275951,0.75798185,0.00069426,0.75798181
-3757.33769141,0.76008472,0.00069618,0.76008468
-3765.39541137,0.75677290,0.00069315,0.75677287
-3766.05315393,0.75791956,0.00069422,0.75791952
-3770.02824376,0.75784129,0.00075408,0.75784124
-3771.48752890,0.75922751,0.00069542,0.75922747
-3780.88675513,0.75414994,0.00069076,0.75414990
-4175.04419364,0.63469360,0.00058133,0.63469356
-3805.54331891,0.72194624,0.00066125,0.72194620
-3794.15411606,0.74883404,0.00068588,0.74883400
-4057.95737167,0.65706220,0.00060182,0.65706217
-3813.57555180,0.73074132,0.00066931,0.73074128
-3950.72997852,0.71902467,0.00065857,0.71902464
-3953.64702050,0.71780343,0.00065745,0.71780339
-4176.30048621,0.64309130,0.00072086,0.64309125
-4071.29576476,0.60798301,0.51029591,0.58115756
-3985.98256443,0.69259573,0.00063436,0.69259569
-3950.07286489,0.70438892,0.00064516,0.70438888
-3813.04440318,0.75253718,0.00070054,0.75253714
-3823.03540615,0.75548284,0.00069200,0.75548280
-3816.30547644,0.75607321,0.00069251,0.75607317
-3839.21561398,0.74906343,0.00068608,0.74906339
-3821.97701710,0.75873258,0.00069494,0.75873254
-3825.89781822,0.75919638,0.00069538,0.75919634
-3823.10103569,0.75967340,0.00069580,0.75967336
-3830.47570324,0.75713742,0.00069366,0.75713738
-3853.38271558,0.75159145,0.00068841,0.75159141
-4217.51802910,0.63834977,0.00058467,0.63834974
-4439.36628951,0.64694474,0.00059255,0.64694470
-3866.62316371,0.74412371,0.00068159,0.74412368
-4357.56845063,0.61749471,0.00070379,0.61749466
-4662.36688798,0.65522460,0.00060013,0.65522457
-5036.62886015,0.55337127,0.11604078,0.55187883
-5145.26296372,0.59946967,0.00054907,0.59946964
-5244.02170776,0.59061113,0.00099363,0.59061102
-5555.44658847,0.54176972,0.00049622,0.54176970
-5723.07701497,0.49746190,0.18355368,0.49329614
-5227.23428963,0.41155555,0.70852569,0.32845382
-5206.44121227,0.53045842,0.15437879,0.52769937
-4938.61944377,0.57293213,0.23022366,0.56723748
-4590.41226635,0.57545798,0.00157728,0.57545771
-4344.67323413,0.56818081,0.55634049,0.53377324
-3882.62678902,0.75996606,0.00069607,0.75996602
-3882.73707406,0.75894872,0.00071559,0.75894868
-3890.53560554,0.75783208,0.00069413,0.75783204
-3891.91881380,0.75972269,0.00069602,0.75972265
-3894.55741768,0.75807403,0.00069437,0.75807399
-3890.47916457,0.75860068,0.00069482,0.75860065
-3884.18526275,0.76005737,0.00069615,0.76005733
-3888.19115988,0.75849973,0.00069475,0.75849969
-3887.09830595,0.75858194,0.00069481,0.75858190
-3892.22454182,0.75179062,0.00068858,0.75179058
-5033.53692930,0.58055926,0.07666292,0.57993887
-5107.45268215,0.59278765,0.00054294,0.59278762
-5155.76960487,0.52882630,0.18775517,0.52472743
-5372.36376772,0.44423395,0.65980961,0.37949122
-5663.83178682,0.51020821,0.10721217,0.50882644
-5472.99579738,0.55617487,0.00135055,0.55617467
-5207.34378127,0.54108983,0.33267966,0.52841312
-4863.81788944,0.59551557,0.22540857,0.59026662
-4364.64114267,0.62333478,0.00057092,0.62333474
-3879.55166420,0.75548604,0.00069197,0.75548600
-3881.76972505,0.74934094,0.00068637,0.74934090
-4512.90157336,0.62677725,0.00057408,0.62677722
-4338.04840818,0.57808079,0.26502908,0.57059000
-3857.76624040,0.76030952,0.00076069,0.76030947
-3858.94963514,0.75879699,0.00069508,0.75879695
-3870.78597155,0.75433941,0.00069092,0.75433937
-3855.36297491,0.75928643,0.00069545,0.75928639
-3860.76926887,0.75311025,0.00068980,0.75311021
-3856.42639136,0.75445319,0.00069102,0.75445316
-3844.89176858,0.75745007,0.00078911,0.75745002
-4062.69909877,0.69838741,0.00076378,0.69838736
-3998.82257511,0.71962607,0.00065912,0.71962603
-3992.51501708,0.72188797,0.00066119,0.72188793
-4001.49555250,0.71576705,0.00065559,0.71576701
-4157.25874781,0.66286454,0.00060714,0.66286451
-4231.87477244,0.63998274,0.00058622,0.63998271
-3996.99271798,0.71169872,0.00065186,0.71169869
-4084.70547662,0.68013683,0.04216621,0.67997670
-4409.90241047,0.62755868,0.00057479,0.62755865
-4442.22476844,0.61036724,0.00055905,0.61036721
-4477.76422924,0.58263816,0.00107141,0.58263804
-4107.78848605,0.67824209,0.00062122,0.67824206
-4398.74894892,0.60044752,0.19233451,0.59666208
-4182.72077055,0.64789982,0.00059342,0.64789978
-3821.98233958,0.75021690,0.00071206,0.75021686
-3829.20273018,0.75179006,0.00068859,0.75179003
-3826.47987034,0.75623585,0.00069266,0.75623581
-3816.94094011,0.75845760,0.00071697,0.75845756
-3812.59691513,0.75967966,0.00069581,0.75967962
-3816.51441217,0.75405616,0.00069066,0.75405612
-3800.79456051,0.76183314,0.00069778,0.76183310
-3887.49730646,0.73318829,0.00067156,0.73318825
-3805.95574463,0.75873115,0.00069494,0.75873111
-3804.44171634,0.75858615,0.00069481,0.75858611
-3803.96385084,0.75828402,0.00069453,0.75828399
-3803.06382583,0.75865576,0.00069489,0.75865572
-3801.31666239,0.75857886,0.00091466,0.75857879
-3796.64239412,0.75667550,0.00069306,0.75667546
-3809.91117687,0.75404013,0.00069066,0.75404009
-3792.22070494,0.75799737,0.00069427,0.75799733
-3791.81717742,0.75791949,0.00069421,0.75791945
-3787.15695102,0.75748081,0.00069380,0.75748077
-3787.72873436,0.75851167,0.00069475,0.75851163
-3785.96451454,0.75693241,0.00069329,0.75693237
-3781.77509389,0.75939286,0.00069574,0.75939282
-3781.60195109,0.75858594,0.00069493,0.75858591
-3781.32760104,0.75932233,0.00069548,0.75932230
-3782.07664219,0.75942966,0.00069560,0.75942962
-3780.02956577,0.75988013,0.00079688,0.75988008
-3787.15511035,0.75869282,0.00069490,0.75869278
-3784.33433578,0.76064352,0.00076300,0.76064347
-3841.29098369,0.74031863,0.00067807,0.74031860
-3790.12127784,0.76069225,0.00069674,0.76069221
-3809.95877583,0.75440051,0.00069099,0.75440047
-3796.47637282,0.75971384,0.00069587,0.75971380
-3807.51603111,0.75961572,0.00069575,0.75961568
-3808.04541112,0.75863816,0.00069486,0.75863812
-3821.87863583,0.75627506,0.00069270,0.75627502
-3826.15093265,0.75513914,0.00069165,0.75513910
-3822.26696095,0.75922769,0.00069539,0.75922765
-3824.95820594,0.75886673,0.00069507,0.75886669
-3824.04955822,0.76101457,0.00069808,0.76101453
-3830.45522464,0.76024172,0.00069704,0.76024168
-3831.29502392,0.75881346,0.00069502,0.75881342
-3836.34776996,0.75897944,0.00069518,0.75897940
-3844.74861403,0.75891172,0.00071639,0.75891168
-3842.28326513,0.75365878,0.00069030,0.75365874
-3845.20256134,0.75950218,0.00069565,0.75950214
-3851.61190112,0.75921101,0.00069539,0.75921097
-3888.63029486,0.74439875,0.00068181,0.74439872
-3855.29900425,0.74842425,0.00068553,0.74842421
-4011.39115030,0.72035365,0.00075991,0.72035360
-4238.07207667,0.66384821,0.00061053,0.66384818
-4287.07415378,0.64808931,0.00093043,0.64808923
-4654.52730846,0.51146679,0.85950745,0.41364360
-4670.17343488,0.61794203,0.00056598,0.61794200
-4800.40274669,0.51817905,0.51951135,0.48522959
-4654.69387333,0.58605223,0.05323846,0.58575593
-4144.89241360,0.68726285,0.00068486,0.68726281
-4154.42026817,0.68213952,0.00062479,0.68213948
-4273.89658601,0.65731918,0.00060205,0.65731915
-4048.90930080,0.71906117,0.00065861,0.71906114
-4059.99216602,0.71538589,0.00065525,0.71538585
-4066.98746409,0.71338067,0.00065340,0.71338064
-4239.81376591,0.67213211,0.00061563,0.67213208
-4260.39393174,0.66227189,0.00064872,0.66227185
-4097.79191146,0.70975819,0.00065010,0.70975815
-3919.52197012,0.74832849,0.00068543,0.74832845
-3915.41305868,0.75634956,0.00069276,0.75634952
-3911.21287640,0.76111987,0.00069713,0.76111983
-3955.39506997,0.73952122,0.00067736,0.73952118
-3972.46847696,0.74731245,0.00068448,0.74731241
-3928.34200777,0.75804585,0.00069432,0.75804582
-3934.68966427,0.75754529,0.00069386,0.75754525
-3947.95133218,0.75393879,0.00069055,0.75393876
-3961.86054042,0.74748629,0.00068465,0.74748626
-3968.97266113,0.74344315,0.00068094,0.74344311
-4487.48705574,0.63008035,0.11288935,0.62884029
-4833.65559909,0.50954813,0.58404202,0.46674824
-5298.66913699,0.58847065,0.00053899,0.58847062
-5130.93156892,0.58237941,0.00056860,0.58237938
-4019.39711296,0.74558079,0.00068290,0.74558075
-3958.52015912,0.75797659,0.00069425,0.75797655
-3966.32263229,0.75995098,0.00069606,0.75995094
-4956.09281585,0.58526585,0.00053605,0.58526582
-4923.04590572,0.57029521,0.00052234,0.57029519
-3975.85499190,0.75945380,0.00069561,0.75945376
-3981.06150082,0.75928032,0.00069545,0.75928028
-3984.23252974,0.75761681,0.00069393,0.75761677
-3986.12151310,0.75108942,0.00068794,0.75108938
-3991.61465319,0.76046691,0.00069654,0.76046688
-3993.21604968,0.75654153,0.00069295,0.75654149
-3994.02987087,0.75997457,0.00069608,0.75997453
-3993.16242292,0.75885782,0.00069505,0.75885778
-3989.23928343,0.75840674,0.00069467,0.75840670
-3990.87866365,0.75806287,0.00069433,0.75806283
-3985.98076292,0.75962547,0.00069577,0.75962543
-4489.24545368,0.62710297,0.00057437,0.62710294
-3976.79895442,0.76007970,0.00069617,0.76007966
-3980.39068296,0.75433816,0.00069093,0.75433812
-3981.60728188,0.75712792,0.00069349,0.75712788
-3978.10934872,0.75267415,0.00068941,0.75267411
-3979.70959427,0.75760722,0.00069394,0.75760718
-3972.99828313,0.75240300,0.00068914,0.75240296
-5383.71978809,0.57847259,0.00126385,0.57847242
-4503.73222093,0.64435200,0.00059017,0.64435197
-4699.27792363,0.54219354,0.44283508,0.51956831
-4010.39262957,0.73584947,0.00067398,0.73584943
-3956.59195898,0.75727506,0.00069371,0.75727502
-3954.15173369,0.75770288,0.00069400,0.75770284
-3961.92074888,0.75720826,0.00069356,0.75720822
-3969.60028245,0.75513418,0.00069165,0.75513414
-3945.99283001,0.75742682,0.00081320,0.75742677
-3949.85842370,0.75384861,0.00069047,0.75384857
-3956.22700755,0.75327900,0.00068995,0.75327896
-4149.36935253,0.69170076,0.00063354,0.69170072
-4088.86248313,0.71852944,0.00065813,0.71852940
-4055.82638505,0.72889521,0.00066762,0.72889517
-4055.15877751,0.72573577,0.00066472,0.72573573
-4215.79804651,0.67488602,0.00061815,0.67488599
-4135.24508549,0.69784415,0.00063922,0.69784411
-4111.70886923,0.70521908,0.00064593,0.70521905
-4251.71317815,0.66960223,0.00061331,0.66960219
-4256.68704841,0.67035468,0.00072546,0.67035463
-4139.31163894,0.69706371,0.00063850,0.69706367
-4203.33998721,0.65510858,0.21988004,0.65057260
-4511.40091420,0.59126597,0.12646888,0.58960676
-4642.43323779,0.59765154,0.00055902,0.59765151
-4656.60059546,0.61701343,0.00117520,0.61701329
-4375.26679780,0.64198869,0.02561183,0.64192610
-4384.76007283,0.63727832,0.00058370,0.63727828
-4277.07118635,0.60764512,0.40700843,0.59071122
-4243.95506781,0.66054865,0.00060502,0.66054862
-4631.02905563,0.59875679,0.00054853,0.59875676
-4491.16726280,0.61200547,0.00056057,0.61200544
-4067.59933629,0.69232748,0.00105810,0.69232739
-3897.48054344,0.74087438,0.00067858,0.74087434
-4067.42730985,0.71092528,0.00076193,0.71092523
-3882.77142271,0.75518455,0.00069169,0.75518451
-3883.39503635,0.75922174,0.00069539,0.75922170
-3877.96397583,0.76006218,0.00069616,0.76006214
-3874.70025493,0.75977415,0.00074940,0.75977410
-3887.86628939,0.75285087,0.00068956,0.75285083
-3870.66670401,0.76061186,0.00069685,0.76061182
-3866.83598151,0.75977259,0.00069590,0.75977255
-3868.61823027,0.75957898,0.00069571,0.75957894
-3861.95337440,0.75935224,0.00069553,0.75935221
-3875.21779671,0.75422384,0.00069081,0.75422380
-3858.28012736,0.75901149,0.00069520,0.75901145
-3856.31944474,0.75761315,0.00069391,0.75761311
-3856.05154491,0.75505012,0.00069157,0.75505008
-3849.95047002,0.75804140,0.00069432,0.75804136
-3853.80200945,0.75442499,0.00069101,0.75442495
-4138.47583986,0.61745100,0.10450841,0.61636661
-3843.61800194,0.75802275,0.00072697,0.75802271
-3847.46744926,0.75844125,0.00069524,0.75844121
-3846.52162647,0.75922139,0.00069539,0.75922135
-3844.79539914,0.75998972,0.00069610,0.75998968
-3852.80333731,0.75854687,0.00069480,0.75854683
-3855.13559395,0.75889253,0.00069509,0.75889249
-3937.50309504,0.73091302,0.00066946,0.73091298
-3860.44019505,0.75878938,0.00069501,0.75878934
-3881.84333027,0.75596517,0.00069241,0.75596513
-3866.16478108,0.75858860,0.00069481,0.75858856
-3878.00332427,0.75588360,0.00069233,0.75588356
-3872.44269516,0.75981045,0.00069594,0.75981041
-3874.10011514,0.75885548,0.00070534,0.75885544
-3882.84572962,0.75861455,0.00069512,0.75861451
-3884.79167264,0.75846742,0.00069470,0.75846739
-3887.47311863,0.75763399,0.00069394,0.75763395
-3888.89554908,0.75931866,0.00069549,0.75931862
-3896.64465538,0.75598674,0.00069244,0.75598670
-3895.21198001,0.75690324,0.00072714,0.75690319
-4040.94042738,0.72015879,0.00065962,0.72015875
-4047.57029037,0.71953047,0.00065907,0.71953043
-4075.07772787,0.70935665,0.00064971,0.70935662
-4091.72072654,0.69300022,0.15166844,0.69096411
-4547.88105497,0.62263097,0.00085459,0.62263090
-4551.19821877,0.60916458,0.00055795,0.60916454
-4252.69512019,0.64325419,0.24826257,0.63735842
-4239.12719915,0.66864155,0.00061242,0.66864152
-4095.08558316,0.70895920,0.00064937,0.70895916
-4299.13698018,0.60219554,0.51545609,0.57453619
-4670.87564916,0.57870615,0.16415014,0.57584721
-4669.15428908,0.58610229,0.00066887,0.58610225
-4469.43492264,0.59856391,0.00257497,0.59856323
-4528.65166107,0.58212028,0.00053318,0.58212025
-4718.36040621,0.56469743,0.00051744,0.56469740
-4432.15255723,0.64030236,0.00058647,0.64030233
-4459.37919070,0.66307423,0.17805193,0.66013928
-4422.28130481,0.62193147,0.00056964,0.62193144
-4287.55740442,0.64821427,0.00059371,0.64821424
-4147.87746541,0.68690422,0.16977625,0.68432922
-4128.43431417,0.70860835,0.00064903,0.70860832
-4139.43572566,0.69613731,0.08607879,0.69548507
-4494.88713880,0.62983510,0.00057688,0.62983507
-4473.83514487,0.62246244,0.00057030,0.62246240
-3960.74559880,0.75658474,0.00069297,0.75658471
-3984.41990225,0.75182722,0.00068861,0.75182718
-3995.99305802,0.74708205,0.00068429,0.74708201
-3987.45406179,0.75420257,0.00069081,0.75420253
-3992.42508692,0.74701486,0.00068422,0.74701482
-3973.28498843,0.76078664,0.00070109,0.76078660
-3977.78515833,0.75473587,0.00069128,0.75473583
-3981.38149210,0.75928188,0.00069544,0.75928184
-3984.61066601,0.74615915,0.00068342,0.74615911
-3990.71100581,0.75723510,0.00069357,0.75723506
-3984.98613508,0.76009740,0.00069619,0.76009736
-3986.53509639,0.75837184,0.00069462,0.75837180
-3994.01323198,0.75603400,0.00069247,0.75603396
-3993.71994386,0.75866032,0.00069488,0.75866028
-3998.46360145,0.75668521,0.00069309,0.75668517
-4003.95833843,0.75668959,0.00073531,0.75668954
-4009.87913752,0.74501585,0.00068239,0.74501582
-4055.53178075,0.74215823,0.00067978,0.74215819
-4007.36281708,0.74679055,0.00068400,0.74679052
-4010.55287746,0.75842614,0.00069466,0.75842610
-4384.84246999,0.62608475,0.64167579,0.58441681
-4014.44014867,0.75786337,0.00069414,0.75786333
-4021.18115846,0.75982253,0.00070734,0.75982249
-4016.60008386,0.75836311,0.00069462,0.75836307
-4017.08393717,0.75529793,0.00069180,0.75529789
-4015.08540031,0.75728962,0.00069362,0.75728958
-4015.86477169,0.75354444,0.00069019,0.75354440
-4022.06840598,0.75227825,0.00068906,0.75227821
-4006.37585208,0.75935079,0.00069551,0.75935075
-4003.79218391,0.75552923,0.00069202,0.75552920
-4002.23385044,0.75802016,0.00069429,0.75802012
-3998.01412864,0.75889560,0.00069510,0.75889556
-4008.34372162,0.75291619,0.00068962,0.75291616
-3994.75374089,0.75971832,0.00069584,0.75971828
-3988.45876456,0.75998840,0.00069651,0.75998836
-3993.78513197,0.75930787,0.00069549,0.75930783
-3994.56005064,0.75705831,0.00072272,0.75705827
-3989.05950818,0.75743700,0.00069375,0.75743697
-3999.78033425,0.75203476,0.00068882,0.75203472
-3979.14461228,0.75995311,0.00069606,0.75995307
-3982.78480403,0.75797886,0.00069425,0.75797882
-3983.55746652,0.75215871,0.00068892,0.75215867
-3978.00133934,0.75867144,0.00069490,0.75867140
-3976.96780139,0.75863832,0.00069485,0.75863828
-4120.87567992,0.71949372,0.00065902,0.71949369
-4216.87029183,0.68906362,0.00063113,0.68906359
-4667.71417542,0.62859088,0.00057574,0.62859085
-4649.16079392,0.63353075,0.00152643,0.63353052
-4469.94817725,0.62134105,0.00056911,0.62134101
-4265.84821157,0.63292643,0.41384699,0.61612935
-4473.86448270,0.60238723,0.00079982,0.60238717
-4565.04121158,0.59535437,0.00054540,0.59535434
-4678.41816254,0.59008784,0.00054048,0.59008781
-4722.40658439,0.59542070,0.00054536,0.59542067
-4728.69936748,0.59057927,0.00054092,0.59057923
-5033.80380716,0.53828267,0.00049303,0.53828264
-4736.22613030,0.57305674,0.00052488,0.57305671
-4749.04048940,0.54959694,0.16025326,0.54672741
-4727.76751577,0.57152536,0.00057032,0.57152533
-4725.31695557,0.55385944,0.15943184,0.55104130
-4618.89820561,0.57884772,0.00055264,0.57884769
-4501.58513127,0.59666420,0.00074591,0.59666414
-4351.82340861,0.61173516,0.33108783,0.60065927
-4386.74483836,0.63643233,0.07021134,0.63595772
-4438.39367056,0.65866621,0.12216214,0.65727699
-4304.31565853,0.66394016,0.00140689,0.66393998
-4081.25167047,0.72318422,0.00066239,0.72318418
-4058.60352043,0.72578261,0.00066479,0.72578257
-4078.59489623,0.71537084,0.00065522,0.71537080
-4054.21998615,0.72485939,0.00066392,0.72485935
-4042.73940927,0.72859526,0.00066733,0.72859522
-3925.99212490,0.75641463,0.00069282,0.75641459
-3921.49943714,0.75822869,0.00069449,0.75822865
-3920.24921471,0.75742370,0.00072692,0.75742365
-3915.97405365,0.75751000,0.00069382,0.75750996
-3918.13603135,0.75662419,0.00069301,0.75662415
-3914.19673009,0.75877848,0.00069498,0.75877844
-3913.05858703,0.75730289,0.00069364,0.75730285
-3909.21777568,0.76042204,0.00069651,0.76042200
-3911.33127831,0.75673842,0.00069313,0.75673838
-3906.10253645,0.75984900,0.00073954,0.75984896
-3905.09456947,0.75321498,0.00071961,0.75321494
-3903.62372943,0.75716338,0.00069350,0.75716334
-3904.16268116,0.75709606,0.00069345,0.75709602
-3901.09704036,0.75939050,0.00069555,0.75939047
-3900.67597458,0.75925413,0.00069542,0.75925409
-3900.08733904,0.75856221,0.00069479,0.75856217
-3904.50488013,0.75676631,0.00072233,0.75676627
-3905.33082476,0.75753511,0.00069385,0.75753507
-3911.28978497,0.75287886,0.00068958,0.75287882
-3916.55263600,0.75646381,0.00069286,0.75646377
-3911.35991028,0.75507270,0.00070518,0.75507266
-3931.74495590,0.74996610,0.00068691,0.74996606
-3923.57946976,0.75921678,0.00069539,0.75921674
-3933.30238608,0.75642509,0.00092350,0.75642502
-3941.12955975,0.75213190,0.00068892,0.75213186
-3936.03090486,0.75939635,0.00069557,0.75939631
-4066.96762600,0.71766964,0.00065733,0.71766960
-3948.74440194,0.75729120,0.00069363,0.75729116
-3948.67323596,0.75874360,0.00069496,0.75874356
-3952.88125880,0.75650890,0.00069290,0.75650886
-4071.05747995,0.72816391,0.00066694,0.72816387
-4274.83781232,0.65698551,0.00060174,0.65698548
-4345.22144635,0.66483712,0.00060894,0.66483708
-4356.68907199,0.66897198,0.00061273,0.66897195
-4368.87806146,0.67029725,0.00061394,0.67029721
-4307.57700107,0.66540869,0.00060946,0.66540865
-4172.43300086,0.70236414,0.00064331,0.70236411
-4608.39741774,0.57807905,0.14222517,0.57593182
-4705.55472174,0.57463284,0.00055632,0.57463281
-4901.60033801,0.49439925,0.42900059,0.47104727
-4973.97149783,0.50540822,0.41007875,0.48460015
-5141.69816697,0.51782658,0.24716263,0.51054963
-5128.63756963,0.50462401,0.31750926,0.49223562
-5219.86139490,0.50656469,0.24688755,0.49914024
-5248.31391960,0.53907947,0.02528132,0.53900684
-5344.10004227,0.51993584,0.23365876,0.51346394
-5310.63204700,0.54114519,0.05050920,0.54085635
-5299.52719215,0.54674300,0.06638068,0.54624914
-5206.19357930,0.56717475,0.00051949,0.56717472
-5092.66805995,0.57948117,0.00053076,0.57948114
-5033.91439623,0.57525475,0.00052689,0.57525472
-4937.47247335,0.57697885,0.00052846,0.57697882
-4814.24869476,0.58512265,0.00053603,0.58512262
-4799.11198673,0.57947219,0.00053076,0.57947216
-4845.98349651,0.57884830,0.00069628,0.57884825
-4798.82409472,0.59431033,0.00054439,0.59431030
-5209.14434660,0.57883658,0.00205589,0.57883613
-4269.83173881,0.69459400,0.02735189,0.69452803
-4199.93709630,0.72329361,0.00066248,0.72329357
-4238.36383495,0.71236353,0.00065249,0.71236349
-4077.71653386,0.75219156,0.00077026,0.75219151
-4088.66076792,0.75250376,0.00068924,0.75250372
-4081.13263409,0.75096453,0.00068782,0.75096449
-4110.75696543,0.74659329,0.00068382,0.74659325
-4087.83650562,0.75877401,0.00075209,0.75877397
-4104.68659881,0.74852530,0.00068560,0.74852526
-4116.17810243,0.75527620,0.00069178,0.75527616
-4108.87567111,0.75714523,0.00069349,0.75714519
-4106.32816674,0.75830840,0.00069458,0.75830836
-4142.14864984,0.74916765,0.00068620,0.74916761
-4117.43140861,0.75899925,0.00069520,0.75899921
-4126.33626615,0.75650596,0.00069291,0.75650593
-4132.40711054,0.75652946,0.00069292,0.75652942
-4148.48533861,0.74166861,0.00067933,0.74166857
-4138.94772137,0.75656323,0.00069296,0.75656319
-4141.64447233,0.75829519,0.00069456,0.75829515
-4146.38749476,0.75741258,0.00069373,0.75741254
-4240.02856201,0.72793438,0.00066675,0.72793434
-4150.40521180,0.76021910,0.00083345,0.76021904
-4156.88644783,0.75963823,0.00069578,0.75963819
-4157.27821445,0.75899883,0.00069518,0.75899879
-4161.51138381,0.75846615,0.00069471,0.75846612
-4151.12563935,0.75992125,0.00073713,0.75992121
-4158.94559833,0.75804346,0.00069438,0.75804343
-4177.95006437,0.75136864,0.00068820,0.75136860
-4168.21494754,0.75822150,0.00069447,0.75822146
-4160.56028726,0.75504613,0.00069157,0.75504609
-4193.16078689,0.74890997,0.00068594,0.74890994
-4151.22782727,0.75813655,0.00069440,0.75813651
-4151.13861022,0.75743769,0.00072472,0.75743765
-4150.48037229,0.75861372,0.00069483,0.75861368
-4167.86309448,0.74898132,0.00068601,0.74898128
-4145.93775034,0.76006185,0.00069616,0.76006181
-4147.98143615,0.75623841,0.00069279,0.75623837
-4155.49482542,0.75519860,0.00069170,0.75519856
-4140.72260476,0.75823135,0.00069451,0.75823131
-4405.93349083,0.68290025,0.00062550,0.68290022
-4531.43765293,0.66233910,0.00060666,0.66233907
-4357.70291969,0.69072996,0.00063265,0.69072992
-4316.72141364,0.71225833,0.00065237,0.71225829
-4365.74088109,0.69027924,0.00073805,0.69027919
-4255.77511763,0.72917139,0.00066788,0.72917135
-4311.20625930,0.70329383,0.10014943,0.70241978
-4823.15304066,0.45795630,0.99448524,0.29760942
-5028.66277797,0.55939281,0.11388420,0.55797091
-5196.17078521,0.56397988,0.00052159,0.56397985
-5047.62602771,0.57051047,0.00052256,0.57051044
-5158.18374687,0.57118205,0.00052315,0.57118202
-5323.21716789,0.56118401,0.00051402,0.56118399
-5434.31660634,0.55891412,0.00051194,0.55891409
-5636.37417525,0.55707931,0.00051031,0.55707928
-5830.51695217,0.53519437,0.00097112,0.53519427
-5852.37268570,0.52816341,0.00061022,0.52816337
-6070.01333097,0.48632065,0.20256788,0.48112487
-5932.10333629,0.44112792,0.51785022,0.40217304
-6208.92265728,0.39851094,0.60854502,0.33681731
-6143.44922318,0.43251043,0.56147956,0.38528692
-6196.48686555,0.42001089,0.56264843,0.37098372
-6263.63625024,0.43032502,0.56545429,0.38211471
-5795.89721311,0.41189839,0.64001476,0.34566164
-5448.24725870,0.43686494,0.51044110,0.39866476
-5286.20328946,0.40461115,0.70269111,0.32128301
-5014.84215986,0.50594288,0.34098406,0.49166564
-4626.76640768,0.59458997,0.11025200,0.59333648
-4452.79600268,0.65292958,0.00059803,0.65292954
-4496.73195146,0.67612542,0.00061939,0.67612539
-4516.64905500,0.68046526,0.00062344,0.68046522
-4520.88388093,0.67424064,0.00061755,0.67424060
-4566.42248498,0.64213759,0.00058814,0.64213756
-4325.73213744,0.69760619,0.00063896,0.69760615
-4221.66672655,0.71338256,0.00065340,0.71338252
-4216.67243057,0.71473930,0.00065466,0.71473926
-4251.11212276,0.71577573,0.00065561,0.71577570
-4089.13531269,0.75530551,0.00069180,0.75530547
-4079.82954866,0.75767007,0.00069441,0.75767003
-4083.44524108,0.75786185,0.00069416,0.75786181
-4078.29175095,0.75996494,0.00069609,0.75996490
-4079.35906725,0.75638825,0.00069279,0.75638821
-4075.84690959,0.75720623,0.00069354,0.75720619
-4077.28868666,0.75681763,0.00069319,0.75681759
-4078.27980462,0.75690423,0.00069341,0.75690419
-4075.09199570,0.75681198,0.00069319,0.75681194
-4069.43642781,0.75933362,0.00069550,0.75933359
-4071.38818893,0.75489909,0.00069145,0.75489905
-4068.19842308,0.75729172,0.00069413,0.75729168
-4073.22356222,0.75769232,0.00075087,0.75769227
-4078.32597360,0.75800947,0.00069430,0.75800943
-4081.78924405,0.75841096,0.00069465,0.75841093
-4087.39797049,0.75898248,0.00069518,0.75898244
-4090.38076977,0.74974616,0.00068671,0.74974613
-4093.46675600,0.75714541,0.00069385,0.75714537
-4097.56948280,0.75796167,0.00069425,0.75796164
-4096.67199053,0.75622695,0.00069304,0.75622692
-4118.39044099,0.75593072,0.00069237,0.75593068
-4104.29455612,0.75767461,0.00071145,0.75767457
-4270.62404210,0.71176501,0.00065192,0.71176498
-4240.33572015,0.71355209,0.00065356,0.71355206
-4263.31285894,0.72102243,0.00066040,0.72102239
-4496.97989588,0.66213084,0.00060646,0.66213080
-4401.25581533,0.68871271,0.00063082,0.68871268
-4513.25971498,0.64535433,0.00059109,0.64535430
-4583.19706215,0.65120766,0.00059645,0.65120762
-4638.48980647,0.64873169,0.00059418,0.64873166
-4803.02935806,0.57320584,0.16357709,0.57033950
-5179.05334550,0.41547886,0.67889085,0.34082739
-5799.02751444,0.39156242,0.62911019,0.32378716
-7075.36483736,0.31847754,0.73343144,0.18850076
-7336.36905565,0.30746969,0.73426034,0.16879921
-8040.76937560,0.38457907,0.55380562,0.33215995
-7458.16708971,0.35020896,0.71314704,0.24565306
-6922.25416633,0.41799556,0.54456138,0.37201246
-7446.72308558,0.39760495,0.62371122,0.33231804
-7533.26763953,0.38021222,0.62710374,0.31046270
-7320.31417554,0.38432644,0.64882234,0.31006117
-7123.74342328,0.42557487,0.46563571,0.39313348
-7009.02726671,0.43353472,0.50531468,0.39581920
-6974.24443659,0.46584502,0.31106573,0.45294398
-6197.13666079,0.54577989,0.00049992,0.54577986
-6019.84488998,0.53666747,0.00049154,0.53666744
-5753.93682044,0.55211020,0.00083268,0.55211013
-5548.32611757,0.56397858,0.00051656,0.56397855
-5404.05616689,0.56135884,0.00051812,0.56135881
-5265.30826383,0.57815812,0.00052955,0.57815809
-5186.21783592,0.56251529,0.00051522,0.56251526
-4847.68063791,0.55229185,0.39053274,0.53511037
-4481.76119697,0.60361966,0.72927484,0.54699733
-4399.78966291,0.70304239,0.00064393,0.70304235
-4350.66314513,0.72431802,0.00066342,0.72431799
-4372.91369239,0.71679510,0.00065653,0.71679506
-4569.26129781,0.68194003,0.00062461,0.68194000
-4765.45576108,0.62420621,0.00091400,0.62420612
-4856.04037524,0.61494394,0.00057044,0.61494390
-4651.11075832,0.64657792,0.00059538,0.64657789
-4474.58269162,0.66575564,0.09534815,0.66491871
-4248.37640009,0.75160348,0.00068841,0.75160344
-4251.60374033,0.75604977,0.00069249,0.75604973
-4253.99225438,0.75709338,0.00069344,0.75709334
-4259.27746413,0.75682961,0.00069320,0.75682957
-4281.89473699,0.75715068,0.00069355,0.75715064
-4289.48292713,0.75756751,0.00069388,0.75756747
-4290.16606794,0.75793081,0.00069420,0.75793078
-4302.37658405,0.75788835,0.00069416,0.75788831
-4306.63099055,0.75703639,0.00069339,0.75703635
-4310.86204806,0.75739947,0.00069372,0.75739943
-4316.45302751,0.75900149,0.00069520,0.75900145
-4316.13706380,0.75872139,0.00069493,0.75872135
-4325.60988706,0.75827714,0.00069453,0.75827710
-4322.71033374,0.75990438,0.00076931,0.75990433
-4325.95120597,0.75840386,0.00069464,0.75840382
-4323.68652953,0.75843940,0.00069467,0.75843937
-4324.97195875,0.75778037,0.00069407,0.75778033
-4348.91080815,0.74480448,0.00068219,0.74480444
-4386.21823706,0.74126069,0.00077468,0.74126064
-4324.73586088,0.75468743,0.00069124,0.75468740
-4321.48958657,0.75669163,0.00069307,0.75669159
-4481.04686258,0.68850320,0.07489360,0.68800404
-4314.97022833,0.75940494,0.00069604,0.75940490
-4328.25970878,0.75681391,0.00069321,0.75681387
-4319.72569339,0.76057678,0.00069665,0.76057674
-4312.05665054,0.75996443,0.00075523,0.75996439
-4313.65504418,0.75875312,0.00069496,0.75875308
-4438.30044291,0.70780745,0.00064829,0.70780742
-4684.10796952,0.64736113,0.00073106,0.64736108
-4878.50089806,0.62953883,0.00057660,0.62953880
-4991.48802741,0.61734261,0.00089985,0.61734253
-4762.33459059,0.54981765,0.79581440,0.47404397
-4641.70561900,0.65876520,0.00060338,0.65876517
-4519.36199327,0.68811405,0.11706949,0.68689304
-4573.43680340,0.67594316,0.00061911,0.67594313
-4772.13483734,0.61066046,0.00056259,0.61066043
-4977.46681602,0.56927741,0.00052141,0.56927738
-5288.33066016,0.55420458,0.00050761,0.55420455
-5386.33217006,0.56214680,0.00051490,0.56214677
-5557.98018735,0.56148536,0.00051428,0.56148533
-5838.94471736,0.54303516,0.00049753,0.54303513
-6068.02101134,0.54148567,0.00052479,0.54148564
-6379.11289860,0.52857101,0.00048481,0.52857098
-6776.41803557,0.51496621,0.07009711,0.51438145
-7167.81912184,0.51077488,0.00138871,0.51077465
-7453.16125029,0.44356352,0.39380287,0.42160552
-7951.70274336,0.44903746,0.18762710,0.44420959
-8250.24002871,0.34472097,0.68950460,0.24615852
-7380.62470237,0.36013575,0.73107945,0.25342515
-8575.43124363,0.33524171,0.71522034,0.22298730
-9098.25438991,0.31478242,0.68801178,0.20273467
-8513.77590122,0.31708199,0.69393963,0.20384024
-8514.39018001,0.33743956,0.64976280,0.24929296
-7843.93587252,0.28499253,0.68801531,0.15242547
-8032.21633283,0.29162680,0.66687831,0.17483470
-8151.45923997,0.27803885,0.66673580,0.15116171
-6631.98396083,0.32754204,0.72606162,0.20665435
-6520.81767558,0.35659973,0.79418158,0.22338225
-6275.83789097,0.39366095,0.72800432,0.30007521
-5808.24916711,0.47277610,0.43851549,0.44716999
-4952.69929847,0.57340920,0.00598608,0.57340537
-4651.22268476,0.61860993,0.14787166,0.61644112
-4501.09277870,0.66638986,0.19206102,0.66299075
-4409.10276934,0.72019959,0.00065967,0.72019956
-4377.72637788,0.72827988,0.00066705,0.72827985
-4525.25715644,0.67583184,0.00061901,0.67583181
-4384.10305548,0.72077364,0.00066019,0.72077361
-4244.50225961,0.75816529,0.00069442,0.75816525
-4252.36699544,0.75653788,0.00069296,0.75653784
-4240.80064701,0.75830110,0.00069455,0.75830106
-4246.86490096,0.75446830,0.00069105,0.75446826
-4234.45248185,0.75939499,0.00069597,0.75939495
-4232.63357081,0.75755700,0.00069387,0.75755696
-4233.41092096,0.76033458,0.00069767,0.76033454
-4236.54814318,0.75990257,0.00069604,0.75990253
-4230.06688244,0.75190739,0.00068870,0.75190735
-4233.73048775,0.75922345,0.00069540,0.75922341
-4224.18363332,0.75449774,0.00069107,0.75449770
-4234.55116633,0.75931774,0.00069550,0.75931770
-4245.66249460,0.75787287,0.00069415,0.75787283
-4250.11566591,0.74962772,0.00068660,0.74962768
-4305.36697439,0.73617825,0.00067432,0.73617821
-4242.80495325,0.75643218,0.00069284,0.75643215
-4245.98033735,0.76041848,0.00070224,0.76041844
-4295.88718391,0.74248784,0.00068006,0.74248781
-4249.56474188,0.75943745,0.00069558,0.75943741
-4253.73676555,0.75905373,0.00087727,0.75905367
-4257.52708618,0.75905031,0.00069526,0.75905027
-4376.91967226,0.71400544,0.00065399,0.71400541
-4484.62313331,0.69185782,0.00063370,0.69185778
-4578.55009799,0.66484747,0.00060895,0.66484744
-4440.42202375,0.71316477,0.00065320,0.71316473
-4447.70028299,0.71513383,0.00065501,0.71513379
-4576.40501505,0.66668918,0.00098148,0.66668909
-4828.32750764,0.57950001,0.00053077,0.57949998
-5119.50353595,0.43111328,0.60266317,0.37598711
-5854.71594527,0.38222046,0.71713799,0.28825741
-7058.27226464,0.38866098,0.54351591,0.33892431
-7559.82443875,0.32793807,0.72957467,0.20576485
-7457.52548555,0.32509826,0.73530761,0.19863512
-8867.79203884,0.24649360,0.64243999,0.10099394
-8036.42343109,0.34101946,0.71994097,0.22978399
0.00000000,0.00000000,0.00000000,0.00000000
-10197.34738997,0.29907838,0.71056761,0.16612301
-9385.88141290,0.35166489,0.58804258,0.28514631
-9499.88753029,0.37731947,0.55419028,0.32364632
-10093.19805398,0.35834402,0.56368301,0.29914456
-10634.94422502,0.31065645,0.65914990,0.20804760
-10786.75935296,0.29049056,0.67079906,0.17106511
0.00000000,0.00000000,0.00000000,0.00000000
-8084.03405309,0.34949701,0.64607298,0.26648714
-8022.02767110,0.44324981,0.31732527,0.42910980
-7712.91593471,0.48860242,0.00044753,0.48860239
-7225.89230831,0.50622871,0.00054634,0.50622868
-7164.83429532,0.47363861,0.26689395,0.46433562
-6430.00989520,0.51943130,0.00047584,0.51943128
-6134.91291788,0.53481644,0.00172488,0.53481610
-5813.98758687,0.55419594,0.00050760,0.55419592
-5501.67985165,0.56776912,0.00052003,0.56776910
-5335.92428292,0.55811914,0.00051159,0.55811911
-5019.81275450,0.59780387,0.00054754,0.59780384
-4832.68685588,0.62139176,0.00056959,0.62139173
-4677.64164188,0.64057781,0.26142666,0.63400931
-4724.01380702,0.61815742,0.00056618,0.61815739
-4688.90762136,0.64603807,0.28385773,0.63835313
-4895.99921494,0.69257630,0.00063434,0.69257627
-4996.84305970,0.60195606,0.26105820,0.59498114
-5007.72500566,0.63580213,0.00058235,0.63580209
-4873.97252834,0.63533428,0.00058191,0.63533425
-4579.14792280,0.71270508,0.00065279,0.71270504
-4577.87142007,0.70736520,0.00064790,0.70736516
-4409.09601527,0.75781943,0.00069411,0.75781939
-4423.18911387,0.75313578,0.00068982,0.75313574
-4416.06943954,0.75840356,0.00069557,0.75840352
-4425.13663676,0.75608257,0.00069277,0.75608253
-4428.71747302,0.75563705,0.00069335,0.75563701
-4429.47904174,0.75923515,0.00069542,0.75923511
-4431.54193763,0.75908914,0.00069527,0.75908910
-4430.99599066,0.75997223,0.00069608,0.75997219
-4437.58845374,0.75840894,0.00069502,0.75840890
-4442.19160681,0.75975841,0.00069588,0.75975837
-4443.48638506,0.75930795,0.00069547,0.75930791
-4442.51733760,0.75904932,0.00069524,0.75904928
-4441.91151385,0.76001272,0.00069611,0.76001268
-4443.40957494,0.75818129,0.00069466,0.75818125
-4444.02870980,0.75687184,0.00069324,0.75687180
-4453.93727904,0.75763424,0.00069395,0.75763420
-4437.80277634,0.75266697,0.00068940,0.75266693
-4438.63552331,0.75473961,0.00069128,0.75473957
-4435.17050594,0.75816533,0.00069443,0.75816529
-4429.96280965,0.75814458,0.00069441,0.75814455
-4431.20238370,0.75879880,0.00069501,0.75879876
-4430.03423130,0.75936392,0.00069552,0.75936389
-4604.06200467,0.70907710,0.00064947,0.70907707
-4590.95409083,0.70961717,0.00064996,0.70961714
-4850.64411899,0.66327527,0.00060751,0.66327523
-5168.56742230,0.62203528,0.00056974,0.62203525
-5226.23140179,0.59893638,0.07871104,0.59830247
-4854.95854670,0.64452962,0.08444891,0.64385154
-4794.38924779,0.64620271,0.00059187,0.64620268
-4756.17099513,0.65814146,0.01708638,0.65811429
-4941.81067943,0.59533657,0.00055153,0.59533654
-5088.46040964,0.58637743,0.00053707,0.58637740
-5331.50541811,0.56516995,0.00051765,0.56516993
-5578.08550348,0.54946905,0.10801606,0.54816692
-5808.64184285,0.55696159,0.00055737,0.55696155
-6273.05680023,0.53510338,0.00049012,0.53510335
-6596.55199453,0.53528262,0.00049028,0.53528259
-7242.91293559,0.43238009,0.56371738,0.38473995
-7863.60012749,0.46206063,0.29541498,0.45034370
-7876.81856558,0.46020140,0.22790325,0.45323581
-8531.49988171,0.42108498,0.45521612,0.38977929
-8753.74031148,0.41572878,0.29725119,0.40250035
-10671.79154896,0.29436907,0.71724716,0.15373297
-11230.85819219,0.30710559,0.62265952,0.21637929
0.00000000,0.00000000,0.00000000,0.00000000
-11271.32260555,0.31170389,0.68919714,0.19741507
-9782.37017476,0.37450394,0.63000697,0.30270758
-9508.62093701,0.37680782,0.62539224,0.30671239
-11156.92278351,0.30881362,0.61726880,0.22065994
-10211.96339143,0.44273397,0.18307265,0.43807272
-9952.97020373,0.42584676,0.46730326,0.39318552
0.00000000,0.00000000,0.00000000,0.00000000
-8823.56719879,0.29289697,0.67122566,0.17492001
-7857.53785036,0.33868572,0.77661992,0.20204839
-8190.18330358,0.35758896,0.60788617,0.28740734
-8102.41329519,0.30791144,0.73132828,0.17114739
-7426.79416772,0.36175201,0.61958115,0.28954985
-5434.54225212,0.43192708,0.49570460,0.39555015
-5114.00310695,0.56375575,0.00069774,0.56375570
-4770.58663868,0.61233382,0.00056085,0.61233379
-4618.19402374,0.65165681,0.14953441,0.64955172
-4611.19994410,0.66667388,0.00071339,0.66667383
-4514.26331867,0.70369509,0.00064456,0.70369505
-4564.22071065,0.69897003,0.00064022,0.69896999
-4501.12924485,0.69371034,0.00063539,0.69371030
-4309.53492506,0.75467129,0.00069122,0.75467125
-4312.20417399,0.75917284,0.00069536,0.75917280
-4328.62059666,0.75196153,0.00068874,0.75196149
-4302.86148137,0.76091618,0.00070044,0.76091614
-4303.54955531,0.75877769,0.00069531,0.75877765
-4297.94858363,0.75975310,0.00072057,0.75975306
-4295.02268612,0.76035305,0.00084968,0.76035299
-4348.06730085,0.74172969,0.00067937,0.74172966
-4319.34489912,0.75088607,0.00068776,0.75088603
-4314.68945439,0.73762526,0.00068341,0.73762522
-4286.10121513,0.76023459,0.00069634,0.76023455
-4290.20927453,0.75950612,0.00069566,0.75950608
-4294.42675338,0.75977965,0.00069592,0.75977961
-4296.85262121,0.76023325,0.00069632,0.76023321
-4297.91653631,0.75537532,0.00069188,0.75537528
-4303.10632093,0.75784872,0.00069413,0.75784868
-4305.25840421,0.75952662,0.00069567,0.75952658
-4308.52069064,0.75254734,0.00068927,0.75254730
-4321.16257406,0.73993928,0.00067772,0.73993924
-4560.56665044,0.66911796,0.17039057,0.66645503
-4612.02228511,0.67160853,0.00061515,0.67160849
-4563.16607442,0.69063523,0.00063258,0.69063519
-4503.35651331,0.70781547,0.00072644,0.70781542
-4731.49903836,0.61906229,0.00056701,0.61906226
-4768.91394424,0.61796971,0.00056601,0.61796968
-4964.36605006,0.58917535,0.00053964,0.58917532
-5317.31250021,0.54940945,0.00056071,0.54940942
-5881.61196014,0.37238749,0.67267295,0.28851786
-6993.40316376,0.33333622,0.70616686,0.22366439
-8576.23047596,0.36924032,0.52841566,0.31958345
-7972.09210124,0.32112301,0.77018516,0.17451305
-9003.56847642,0.40021722,0.43090146,0.37071351
-10867.84564402,0.26206268,0.65666219,0.12591348
-10833.51212025,0.40214556,0.44103963,0.37133927
-11199.12775978,0.35764858,0.54631479,0.30224358
-11166.65046484,0.35724339,0.57522869,0.29510854
-11160.82757689,0.36606019,0.57637402,0.30545819
-11192.91954596,0.45706439,0.03738034,0.45687711
-11451.70205182,0.37025447,0.48426469,0.32918173
-11591.41913622,0.35953939,0.55671335,0.30216251
-11811.49986422,0.34925724,0.54434925,0.29271471
-10546.37198050,0.31138461,0.69008489,0.19652933
-11349.00619643,0.33195423,0.61758671,0.25193347
-10953.83341900,0.30525104,0.66706193,0.19664479
-9154.79139475,0.36321650,0.62361623,0.29032106
-8255.31938928,0.39866566,0.54744635,0.34960172
-8653.81192380,0.44068094,0.38719566,0.41932617
-7498.34622410,0.38987278,0.53146229,0.34263741
-7068.65864746,0.50763235,0.05743109,0.50723422
-6800.66316016,0.49394553,0.19232190,0.48933750
-6253.91241700,0.54068615,0.00051461,0.54068612
-5858.72845049,0.55704466,0.00051063,0.55704463
-5590.53491637,0.56557711,0.00051802,0.56557708
-5294.64000017,0.57687491,0.00052837,0.57687488
-5084.68434334,0.59232470,0.00054252,0.59232467
-4945.38870902,0.60136185,0.00055080,0.60136182
-4850.42367773,0.58597839,0.47686916,0.56170602
-4850.73372266,0.59810216,0.41429812,0.58025850
-5020.69560157,0.60191872,0.13043522,0.60018498
-5212.97706238,0.59224205,0.00054245,0.59224202
-4970.34131457,0.62533052,0.00057275,0.62533049
-4580.72027534,0.71007558,0.09210942,0.70934337
-4606.43130000,0.71117165,0.00065138,0.71117161
-4601.58726942,0.65063039,0.48559607,0.62803979
-4446.74392630,0.75872575,0.00069494,0.75872571
-4446.36795171,0.75550416,0.00069201,0.75550412
-4453.10440073,0.75646299,0.00069286,0.75646296
-4462.63054756,0.74916946,0.00068619,0.74916942
-4828.21250104,0.63706672,0.73830062,0.58230641
-4459.48804661,0.75724412,0.00069360,0.75724408
-4460.99659440,0.76100652,0.00086688,0.76100646
-4465.04437220,0.75953435,0.00069569,0.75953431
-4467.15570145,0.75890797,0.00069510,0.75890794
-4470.31529921,0.75970012,0.00069584,0.75970009
-4474.49290648,0.76002841,0.00069614,0.76002837
-4472.77734177,0.75798990,0.00069426,0.75798986
-4467.02723805,0.75981276,0.00069593,0.75981273
-4468.35711170,0.75770956,0.00069402,0.75770952
-4465.46688320,0.74943985,0.00068643,0.74943981
-4468.24430600,0.75724839,0.00070307,0.75724835
-4529.46309506,0.74110721,0.00067879,0.74110717
-4474.20094534,0.75636001,0.00069278,0.75635997
-4460.32025181,0.75734699,0.00069367,0.75734695
-4466.95621048,0.75622987,0.00069267,0.75622983
-4465.97570690,0.74352895,0.00068104,0.74352892
-4616.89790598,0.71098708,0.00065121,0.71098704
-4602.88869334,0.71530751,0.00065571,0.71530748
-4611.31258031,0.71647800,0.00065625,0.71647797
-4780.49365082,0.62745219,0.46973332,0.60553010
-4933.22372297,0.57540729,0.39954276,0.55815619
-4915.00081529,0.59268499,0.29771507,0.58345334
-4977.39842320,0.60695140,0.00055592,0.60695137
-5134.38034326,0.58995963,0.00054036,0.58995960
-5329.22140842,0.58103134,0.00053219,0.58103131
-5614.16157310,0.56324301,0.00051589,0.56324298
-5992.14249625,0.54113698,0.00049564,0.54113695
-6323.91615308,0.53740104,0.00049222,0.53740101
-6844.90923071,0.52144134,0.00055969,0.52144130
-7300.39650000,0.47012392,0.35381628,0.45352091
-8210.76535759,0.39441677,0.49851168,0.35372536
-8679.25929980,0.50542366,0.12185914,0.50362088
-8992.80528663,0.44878738,0.16757572,0.44493832
-10130.04637237,0.40432174,0.29518640,0.39089900
-10688.24090111,0.36058386,0.52692258,0.30985306
-10844.55473396,0.39237621,0.50049922,0.35110242
-11506.06717583,0.36528381,0.61789324,0.29438535
-11526.44593983,0.41617601,0.34876197,0.39787208
-11761.13027746,0.39793782,0.34484112,0.37919305
-11737.86632617,0.40322265,0.28060442,0.39107927
-11620.97839271,0.39226650,0.43368875,0.36170772
-11726.01988377,0.38119233,0.40576448,0.35374936
-11460.23425579,0.38847365,0.49132248,0.34833971
-11489.20413954,0.37199389,0.54113346,0.32016924
-11094.11985127,0.45262448,0.08135716,0.45172790
-10839.47375317,0.43090631,0.38454012,0.40934831
-11353.50337491,0.24675315,0.68743242,0.05475501
-10599.97861575,0.34722878,0.60909040,0.27408286
0.00000000,0.00000000,0.00000000,0.00000000
-9216.77454650,0.36456788,0.52308818,0.31526360
-7259.72541991,0.32040395,0.71913315,0.19826123
-6244.59192501,0.38242310,0.65929585,0.30495939
-5532.55117191,0.55653160,0.00691460,0.55652634
-5250.99724891,0.57837636,0.00052975,0.57837633
-4957.61439774,0.60326636,0.00055254,0.60326633
-4848.29406398,0.61448119,0.00056625,0.61448116
-4620.73144646,0.68061068,0.11715886,0.67937430
-4732.20810348,0.66362535,0.00060783,0.66362532
-4704.48625220,0.68190220,0.00062458,0.68190217
-4647.45868130,0.69297601,0.00063473,0.69297598
-4533.21046096,0.70193834,0.00064294,0.70193831
-4382.60833423,0.75976578,0.00075314,0.75976574
-4382.96690095,0.75862073,0.00069487,0.75862069
-4405.99986475,0.74270922,0.00068026,0.74270918
-4377.69105265,0.75829174,0.00069456,0.75829170
-4505.69719646,0.71255349,0.02343681,0.71250627
-4377.91017799,0.75278456,0.00068950,0.75278453
-4377.69797143,0.75720000,0.00069354,0.75719996
-4377.34530197,0.75816645,0.00069443,0.75816641
-4378.21095569,0.75843302,0.00069466,0.75843298
-4386.01748297,0.75571941,0.00069219,0.75571937
-4386.60680230,0.75851289,0.00069476,0.75851285
-4392.93079844,0.75751933,0.00069383,0.75751930
-4397.44596539,0.75071316,0.00068929,0.75071312
-4527.80937043,0.71800911,0.00065764,0.71800907
-4402.52565540,0.75710743,0.00069345,0.75710739
-4408.77394145,0.75613980,0.00069257,0.75613976
-4431.06198579,0.73612799,0.00074689,0.73612794
-4784.55905806,0.66258462,0.00060688,0.66258458
-4778.48240709,0.67538536,0.00061860,0.67538532
-4680.05414329,0.69433906,0.00063597,0.69433902
-4759.21342247,0.66541312,0.00060947,0.66541309
-4969.61695717,0.60119948,0.00115291,0.60119935
-5128.06673983,0.59034019,0.00054070,0.59034016
-5498.69772671,0.56290340,0.00051558,0.56290337
-5962.86804260,0.54019162,0.00049477,0.54019159
-7006.59672146,0.32229981,0.73282643,0.19516771
-8226.35277543,0.25737149,0.69223836,0.08682640
0.00000000,0.00000000,0.00000000,0.00000000
-11300.68735089,0.35423375,0.67888225,0.26272346
-11327.91838752,0.39237356,0.50789387,0.34979619
-11247.92858470,0.42526480,0.30303413,0.41182643
-11192.77726846,0.42586739,0.40696721,0.40134062
-11470.49609166,0.40712169,0.48203490,0.37051891
-11707.32091846,0.42321366,0.32255759,0.40787803
-12062.42981418,0.38978760,0.43058756,0.35947487
-12231.87166854,0.37872467,0.46913647,0.34127917
-12257.51812522,0.41351709,0.26699500,0.40281982
-12226.06782727,0.37557871,0.52345354,0.32786267
-11596.42684108,0.44459182,0.28223896,0.43347859
-11667.81884577,0.43506171,0.21128938,0.42873056
-11748.10026181,0.41096267,0.42759032,0.38274432
-10907.29811852,0.35437150,0.62700702,0.27824410
-11216.96131662,0.40821384,0.30213664,0.39427901
-10650.81026291,0.38823452,0.52265817,0.34243616
-10346.33505089,0.38198770,0.58481646,0.32251875
-10186.90412309,0.36793705,0.50670390,0.32237547
-8851.76606712,0.43649530,0.37282395,0.41653443
-8842.65482691,0.36512249,0.61608958,0.29464819
-7446.25340372,0.47221889,0.28349741,0.46167658
-7094.38603169,0.45637409,0.45504682,0.42768157
-6361.73861050,0.53496260,0.00050713,0.53496257
-5923.67681643,0.56006301,0.00051298,0.56006299
-5605.23642089,0.57173388,0.00052366,0.57173385
-5364.79920028,0.58530489,0.00053609,0.58530486
-5179.56388074,0.60265104,0.00055198,0.60265101
-5010.27003754,0.58132698,0.47030843,0.55753501
-4906.74529695,0.57440665,0.76901244,0.50744353
-4738.39583372,0.69058688,0.20562332,0.68682663
-4704.83792997,0.72239800,0.00066167,0.72239797
-4671.10114391,0.73355830,0.00067191,0.73355826
-4698.91655120,0.72317955,0.00066237,0.72317951
-4739.97340339,0.70825230,0.08683908,0.70759984
-4733.16960821,0.71760670,0.00065727,0.71760666
-4698.68521005,0.70507255,0.15259168,0.70304693
-4591.29449101,0.75652478,0.00069292,0.75652474
-4590.01709046,0.75926474,0.00069543,0.75926470
-4589.48249548,0.75758606,0.00069389,0.75758602
-4597.91638773,0.75602854,0.00069249,0.75602850
-4599.33725730,0.75726337,0.00069359,0.75726333
-4603.58754993,0.75939142,0.00069554,0.75939138
-4605.34464477,0.76197048,0.00093854,0.76197041
-4607.84504908,0.75983509,0.00069595,0.75983505
-4608.50301713,0.75063831,0.00068753,0.75063827
-4609.84333174,0.76102996,0.00070093,0.76102992
-4609.80568378,0.75869632,0.00069491,0.75869629
-4612.00061672,0.75776318,0.00069408,0.75776314
-4612.75624498,0.74938736,0.00068640,0.74938732
-5122.91042697,0.60249882,0.00055184,0.60249879
-4603.63757309,0.75764685,0.00069395,0.75764681
-4605.27328269,0.75840182,0.00069465,0.75840178
-4905.50549945,0.67329537,0.00061677,0.67329534
-4823.96619300,0.69519536,0.00071151,0.69519531
-4706.23217570,0.73085244,0.00066940,0.73085240
-4715.54100479,0.72727653,0.00066615,0.72727649
-4719.69376166,0.72365676,0.00066281,0.72365673
-4731.97111567,0.71912767,0.00065866,0.71912764
-4788.34189901,0.70266717,0.00083762,0.70266711
-5007.93022082,0.62571269,0.06414797,0.62530976
-5090.36039748,0.64108063,0.00058718,0.64108060
-5320.22227268,0.59498286,0.00054496,0.59498283
-5569.79540656,0.57861860,0.00052997,0.57861857
-5865.15602402,0.56423229,0.00059763,0.56423225
-6194.52496847,0.55233669,0.00050590,0.55233666
-6664.46317931,0.53014798,0.00048572,0.53014796
-8233.69280730,0.41154869,0.49958420,0.37255636
-8179.12819110,0.43525355,0.42113843,0.40953553
-8580.82165655,0.42401974,0.47416637,0.39019304
-9886.22757805,0.35851212,0.69740484,0.26258367
-9827.34382510,0.41069053,0.55124979,0.36254911
-10647.36467008,0.41455049,0.53166886,0.37043868
-11088.33858777,0.42261874,0.43226893,0.39460954
-11438.80256615,0.43584779,0.28413638,0.42435061
-12017.58191483,0.39332004,0.54805703,0.34337408
-12014.98818874,0.41259473,0.50418904,0.37295322
-12134.87956893,0.40813823,0.32537535,0.39192837
-12384.28386630,0.38316024,0.41626077,0.35438090
-12590.63343023,0.39366439,0.36166701,0.37275767
-12591.45952188,0.39392267,0.36896503,0.37215388
-12465.54708150,0.40784513,0.32216548,0.39194809
-12216.96586601,0.45035583,0.06369117,0.44980379
-12087.05982062,0.40071660,0.43305853,0.37094499
-11866.84212187,0.43610464,0.18859324,0.43108033
-11569.91593085,0.41512165,0.41581187,0.38877473
-11367.53750565,0.47973111,0.00043941,0.47973108
-11431.93607325,0.45359073,0.32419611,0.43916901
-11421.79016646,0.45866515,0.00687762,0.45865883
-9053.67810143,0.23254543,0.65608762,0.03670330
-9377.15950122,0.26408615,0.73258024,0.06323730
-7279.24151908,0.31551028,0.76241894,0.16834374
-6491.47376995,0.47074496,0.41515721,0.44775805
-5691.45849790,0.56916408,0.00052133,0.56916405
-5343.04858155,0.58788647,0.00053845,0.58788644
-5119.90015431,0.59874076,0.00054950,0.59874073
-4836.76129973,0.61868108,0.60139107,0.58177449
-4805.30378366,0.68713189,0.00062938,0.68713185
-4932.93926268,0.64398103,0.10170481,0.64299645
-4897.49545816,0.65796120,0.00060264,0.65796116
-4531.14560698,0.75956057,0.00069570,0.75956053
-4688.76887646,0.72032246,0.00065976,0.72032243
-4526.25822050,0.75710926,0.00069379,0.75710922
-4526.01307955,0.75896107,0.00069515,0.75896103
-4525.60031616,0.75733375,0.00069367,0.75733371
-4524.87780497,0.75977094,0.00069589,0.75977090
-4522.87291792,0.75832536,0.00069457,0.75832533
-4523.26233257,0.75026883,0.00068720,0.75026879
-4515.72362243,0.76029866,0.00079799,0.76029861
-4520.38214708,0.76092605,0.00092404,0.76092598
-4525.69650042,0.75904707,0.00069525,0.75904703
-4530.67642005,0.75932503,0.00069548,0.75932499
-4530.21667623,0.75877549,0.00069498,0.75877546
-4537.41617625,0.75917924,0.00069577,0.75917920
-4541.07688024,0.75821415,0.00069447,0.75821411
-4546.12811457,0.75769402,0.00069399,0.75769399
-4678.47890609,0.71975005,0.00065923,0.71975001
-4702.77470286,0.71246561,0.00065257,0.71246558
-4837.35536516,0.68011470,0.00062293,0.68011467
-4725.83184870,0.71406130,0.00065405,0.71406126
-4917.14304652,0.68650074,0.00062878,0.68650071
-4939.98522234,0.69898374,0.00064021,0.69898370
-5235.30995680,0.58603205,0.00053676,0.58603202
-5483.79395512,0.58390352,0.11354615,0.58254953
-6044.28303939,0.52821325,0.00129089,0.52821306
-7186.74739435,0.38723578,0.77345161,0.27689112
-7719.05078113,0.29231749,0.72751473,0.14357228
-8917.51048976,0.27600057,0.73247680,0.10223669
0.00000000,0.00000000,0.00000000,0.00000000
-12665.76360271,0.29342869,0.72480290,0.14746641
-11371.30188863,0.45432964,0.28575395,0.44318466
-11582.67249488,0.39667150,0.58402242,0.33994957
-11781.42566779,0.39049798,0.55380478,0.33899551
-12867.85408650,0.37184355,0.37685208,0.34766432
-12744.03610876,0.39471536,0.39445092,0.36978406
-12512.72031807,0.42758223,0.23530791,0.41957569
-12620.90632179,0.41696097,0.25414033,0.40736287
-12709.51323432,0.44210755,0.17541349,0.43782391
-12835.09951365,0.39020290,0.52782127,0.34370101
-12752.37311191,0.37461704,0.55824252,0.31962896
-12383.68311628,0.41166103,0.50227193,0.37223764
-12233.88981793,0.41696410,0.51802770,0.37548083
-12039.86968631,0.45668164,0.32297822,0.44246982
-12028.82537224,0.40975707,0.49122412,0.37194283
-11395.82770609,0.44421304,0.35506304,0.42647589
-10995.21416880,0.48265987,0.00044217,0.48265985
-10938.96234610,0.40537622,0.38013720,0.38292049
-10333.26581170,0.40508316,0.51316380,0.36308894
-10391.59965151,0.34851784,0.61854761,0.27312277
-8685.17509715,0.33823827,0.63889423,0.25377621
-8175.54107909,0.54072363,0.00056644,0.54072359
-7777.02422727,0.41381412,0.58360139,0.35988856
-6747.29964691,0.51053834,0.14378393,0.50805201
-6210.66635503,0.54838043,0.00050229,0.54838040
-5813.16050428,0.56296487,0.00051563,0.56296484
-5534.24705999,0.58419846,0.00053508,0.58419843
-5370.59297865,0.59172550,0.00054198,0.59172547
-5173.43092181,0.61304369,0.00093114,0.61304361
-4952.90089401,0.66386335,0.20189153,0.66009198
-4860.09246540,0.71482368,0.00065473,0.71482365
-4852.42902296,0.72347582,0.00066265,0.72347578
-4817.82620342,0.73158398,0.00067007,0.73158394
-4958.01855239,0.67351517,0.11112272,0.67239127
-4982.03898995,0.67451173,0.00061780,0.67451169
-4862.86316604,0.72219123,0.00066147,0.72219119
-4876.40611861,0.70797814,0.00064845,0.70797810
-4730.37030709,0.75954860,0.00069569,0.75954856
-4732.56994597,0.76106831,0.00069709,0.76106827
-4742.69184845,0.75694324,0.00069331,0.75694320
-5118.93662803,0.64814326,0.00059374,0.64814323
-4744.50067079,0.75892507,0.00069512,0.75892503
-4746.58400873,0.75976341,0.00069589,0.75976337
-4751.94640140,0.76017529,0.00069626,0.76017525
-4751.60908685,0.76046264,0.00069653,0.76046260
-4752.84814650,0.76009621,0.00069620,0.76009617
-4750.25018678,0.75981887,0.00069594,0.75981883
-4752.71216425,0.75650245,0.00069290,0.75650241
-4746.76702705,0.75934608,0.00069550,0.75934604
-4745.97570659,0.75954309,0.00069571,0.75954306
-4741.61776927,0.76041173,0.00069698,0.76041169
-4906.58236678,0.71039473,0.00065067,0.71039469
-4835.88972268,0.73244936,0.00067087,0.73244932
-5035.16977529,0.67045908,0.00061408,0.67045904
-5000.54711807,0.68964510,0.00063167,0.68964506
-5023.78670677,0.67953950,0.00062240,0.67953947
-4885.78586898,0.72130826,0.00066066,0.72130822
-4915.85403622,0.70703565,0.00064759,0.70703561
-5116.99862582,0.62931787,0.00057710,0.62931784
-5314.05837469,0.60444954,0.00055363,0.60444950
-5490.81763691,0.58983854,0.00054024,0.58983851
-5766.35915733,0.56642166,0.00094997,0.56642156
-6065.54604184,0.55966958,0.00051261,0.55966955
-6429.21515111,0.54611919,0.00050558,0.54611916
-7263.87047183,0.49256044,0.17338343,0.48880795
-8032.52522897,0.43773720,0.48249958,0.40385040
-8193.76572340,0.34940886,0.67797280,0.25647569
-15711.21733638,0.28260493,0.43667099,0.23771213
-10535.24726976,0.52657914,0.00072938,0.52657908
-10821.17417591,0.45681951,0.28686045,0.44564972
-11149.17680293,0.47324350,0.00060304,0.47324345
-11481.99521021,0.46888142,0.09444272,0.46771482
-11753.29668983,0.43258407,0.45090510,0.40276896
-12092.03782582,0.47176180,0.26882289,0.46228416
-12221.15430744,0.44024789,0.43960659,0.41248587
-12359.31835557,0.45004882,0.37044208,0.43096821
-12613.42728584,0.41412488,0.49413807,0.37628220
-12891.47057572,0.41747474,0.35377366,0.39868982
-13152.57819786,0.41499737,0.30715787,0.40083093
-13344.09360988,0.37672477,0.47004759,0.33890385
-12970.05027449,0.40907956,0.28625968,0.39662057
-12947.98550417,0.42361587,0.22667999,0.41612004
-12958.40887451,0.40574194,0.31035974,0.39093086
-12982.84795184,0.39176284,0.36603734,0.37022313
-12031.00490367,0.41273128,0.47835103,0.37724885
-11742.33448790,0.41325890,0.50203428,0.37404307
-11476.32870817,0.42395135,0.39529901,0.40074024
-10898.17256088,0.41092622,0.55517468,0.36208223
-11070.06370279,0.38134948,0.58940216,0.32073595
0.00000000,0.00000000,0.00000000,0.00000000
-9232.42083758,0.30161961,0.78478188,0.12461449
-7924.08478973,0.29525872,0.77116928,0.11969425
-6213.78437952,0.54171886,0.07796825,0.54103109
-5687.47777130,0.57207900,0.00052398,0.57207897
-5391.61614290,0.58918783,0.00053965,0.58918780
-5078.47132257,0.68617118,0.00062848,0.68617115
-5072.85958787,0.70026214,0.00064138,0.70026210
-4940.28191836,0.68747581,0.00062967,0.68747578
-4973.47761993,0.67862504,0.00062189,0.67862500
-4810.91314985,0.72038514,0.00065982,0.72038510
-4654.48862852,0.75458536,0.00069116,0.75458532
-4655.49508140,0.75859184,0.00069482,0.75859180
-4681.11204937,0.73050450,0.00066912,0.73050446
-4647.91794021,0.75970389,0.00069613,0.75970385
-4649.53698766,0.75876372,0.00069497,0.75876368
-4645.57287822,0.75960621,0.00069576,0.75960617
-4645.80381996,0.75806960,0.00072773,0.75806956
-4646.72888397,0.75870029,0.00069495,0.75870026
-4649.47339408,0.75754615,0.00069385,0.75754611
-4648.70863657,0.75812298,0.00069439,0.75812294
-4650.70648239,0.75936849,0.00069555,0.75936845
-4656.87654067,0.75861561,0.00069484,0.75861557
-4661.53482838,0.75778999,0.00071304,0.75778994
-4664.35278922,0.75311995,0.00068982,0.75311991
-4672.00721164,0.75696909,0.00069333,0.75696905
-4704.44419998,0.72575136,0.00066475,0.72575132
-4843.15443797,0.70699343,0.00064756,0.70699339
-4813.09470963,0.72429597,0.00066340,0.72429593
-4875.24931227,0.70733776,0.00064786,0.70733773
-5059.99552697,0.66297522,0.00060723,0.66297518
-5141.36124117,0.63726171,0.00058368,0.63726167
-5517.24197411,0.57333706,0.00052513,0.57333703
-5840.12786905,0.56293872,0.00084108,0.56293864
-6700.35611368,0.47237621,0.36153696,0.45511255
-7916.62193052,0.34841942,0.73876455,0.23353563
-7737.62061269,0.34022524,0.70374915,0.23469877
-8961.55164621,0.36949699,0.65673653,0.28929815
-10758.35397568,0.32513138,0.72428149,0.20359006
-11018.67624014,0.39104486,0.48047379,0.35303872
-11690.32189860,0.40704643,0.48127648,0.37055699
-11977.66621406,0.39933142,0.51850606,0.35571286
-12109.15247370,0.45174889,0.19128534,0.44676031
-12772.38742356,0.38605434,0.58493294,0.32729956
-12912.33876340,0.35804808,0.66236508,0.27286317
-12926.99303204,0.39418235,0.52292365,0.34911632
-13100.05163750,0.39764119,0.39126918,0.37331595
-13247.69191187,0.38369964,0.55442537,0.33101427
-12960.75405541,0.40302406,0.53263342,0.35731687
-12862.36429408,0.41525436,0.46024889,0.38273637
-12760.38935763,0.45358738,0.17346730,0.44950570
-12756.82755263,0.40216276,0.57283179,0.34862328
-12440.80889402,0.43786293,0.45337729,0.40809796
-12188.97849516,0.49211779,0.14070412,0.48964753
-12010.03403692,0.47206820,0.23731263,0.46470368
-11774.80570901,0.45205204,0.29531838,0.44007666
-11464.52581257,0.43336847,0.48028970,0.39943730
-11322.99537651,0.46697259,0.25348770,0.45846705
-11220.59778927,0.45464066,0.44444096,0.42720133
-10967.89327332,0.48316547,0.20599267,0.47775604
-8591.44613571,0.40228772,0.58764867,0.34573453
-8572.80513763,0.41803845,0.54011207,0.37285429
-8063.59970783,0.38542731,0.65428222,0.31002221
-7089.07468161,0.51917767,0.00336331,0.51917634
-6423.69450472,0.54226591,0.00049681,0.54226588
-6010.70702966,0.55877084,0.00051179,0.55877082
-5696.28245702,0.58070382,0.00053188,0.58070379
-5477.85432273,0.59333209,0.00054345,0.59333206
-5294.23808003,0.58854990,0.23714628,0.58266782
-5048.12495501,0.68255607,0.08463852,0.68191293
-5031.58696056,0.70467076,0.00064542,0.70467073
-5205.93651655,0.71028563,0.00065056,0.71028559
-5123.85925017,0.67596289,0.00062092,0.67596286
-4940.82346120,0.73053506,0.00066911,0.73053502
-4934.55169714,0.73265037,0.00067105,0.73265034
-4982.00309965,0.72521179,0.00066425,0.72521175
-4845.13390271,0.75903625,0.00069555,0.75903621
-4868.13302453,0.74821592,0.00068533,0.74821588
-4855.65548028,0.75032374,0.00068724,0.75032370
-5120.03439107,0.61413496,0.62482265,0.57387920
-4853.90810251,0.75525497,0.00069176,0.75525493
-4862.05358968,0.75939412,0.00078309,0.75939407
-4863.85193022,0.75835115,0.00069459,0.75835112
-4873.00487905,0.74960284,0.00068658,0.74960281
-4870.45637165,0.75596644,0.00069241,0.75596640
-5201.30417904,0.59081176,0.00054113,0.59081172
-4864.84001774,0.75602664,0.00069246,0.75602660
-5103.69254808,0.68000988,0.28189952,0.67281401
-4861.77172464,0.75847973,0.00069472,0.75847969
-4854.98972532,0.75731709,0.00075843,0.75731704
-5068.50891289,0.69735144,0.00063873,0.69735141
-4958.15575141,0.73096423,0.00066951,0.73096419
-5025.23556640,0.70956168,0.02180819,0.70952062
-5010.07597506,0.71367124,0.00065367,0.71367120
-5144.04080291,0.67292362,0.00061634,0.67292358
-5151.10907615,0.66547832,0.00063026,0.66547829
-5198.30511893,0.64478633,0.01852132,0.64475375
-5390.18527516,0.59661326,0.05946058,0.59625018
-5571.88425049,0.58775269,0.00053834,0.58775266
-5860.09671050,0.57312865,0.00052494,0.57312862
-6147.70849437,0.55980050,0.00051273,0.55980047
-6835.50683603,0.51378201,0.06205910,0.51332267
-7758.94630228,0.41704927,0.50812114,0.37722961
-7897.15364666,0.42738871,0.53954891,0.38340548
-9179.58772846,0.38605076,0.55406602,0.33380985
-11008.65361111,0.27342510,0.64867276,0.15236857
-11054.35518085,0.44086000,0.52972646,0.39997850
-11343.58584933,0.42503596,0.54654999,0.37955599
-11545.69857429,0.45330463,0.44333369,0.42592060
-11957.14137986,0.43073646,0.42535455,0.40419105
-12079.92453880,0.42376937,0.49423854,0.38685551
-12268.66221498,0.47427035,0.22046346,0.46795123
-12548.50629290,0.45193012,0.35477413,0.43453701
-12780.18120826,0.48076312,0.02784306,0.48066434
-12787.99638269,0.44341709,0.39181373,0.42167851
-12865.29667030,0.42889271,0.40230763,0.40511993
-13061.89392192,0.37982675,0.57312505,0.32253759
-13043.89736833,0.40602318,0.55090290,0.35731891
-13185.52916776,0.39871454,0.52702566,0.35348008
-13418.54542969,0.39648067,0.36851022,0.37491526
-13154.32430381,0.36637471,0.60751041,0.29836134
-12849.90704608,0.44561837,0.23673675,0.43784736
-12784.31216401,0.38945017,0.53974655,0.34056418
-12619.00025873,0.39674288,0.53207542,0.35032077
-12024.66311323,0.45165983,0.26293054,0.44218534
-11769.51808011,0.46980569,0.15818238,0.46653214
-11390.40941191,0.36329204,0.54345663,0.30951790
-10853.32302034,0.42270266,0.32330699,0.40727500
-10919.52227254,0.31264401,0.73369110,0.17833734
-7767.60548850,0.31048047,0.80231876,0.13244994
-7737.87627735,0.39598514,0.56474082,0.34312539
-6672.01717165,0.50612036,0.12534506,0.50421540
-6109.92234922,0.56384831,0.00054915,0.56384827
-5640.69188166,0.57349248,0.01811657,0.57345742
-5303.97623251,0.61744190,0.00056553,0.61744187
-5146.49731104,0.68969550,0.00063170,0.68969546
-5088.89217435,0.66743045,0.00084698,0.66743038
-4997.51334237,0.67868712,0.11516455,0.67748912
-5119.52152584,0.64367618,0.16746223,0.64100209
-4937.45440479,0.71253262,0.00065264,0.71253259
-4903.76705594,0.72349539,0.00066272,0.72349535
-4959.95387025,0.71019811,0.00085022,0.71019805
-4934.51399831,0.70481821,0.00064556,0.70481818
-4766.31991240,0.75327785,0.00072204,0.75327780
-4761.41897443,0.75820869,0.00069446,0.75820865
-4761.88047491,0.76098690,0.00069710,0.76098686
-4758.58996746,0.75433959,0.00069092,0.75433955
-4764.25456457,0.75875274,0.00069496,0.75875271
-4838.60226193,0.73576812,0.00067394,0.73576808
-4770.27431285,0.75458527,0.00069115,0.75458523
-4775.95968944,0.75864223,0.00088793,0.75864217
-4914.93999530,0.72424067,0.00066335,0.72424064
-4920.31972913,0.72224150,0.00066153,0.72224147
-4898.63525109,0.73161155,0.00067013,0.73161151
-4910.30839497,0.72476100,0.00066383,0.72476096
-5100.48336494,0.68335850,0.00062590,0.68335846
-5344.80388132,0.59960762,0.16684287,0.59675734
-5133.91556928,0.66414887,0.00060833,0.66414883
-5207.86237847,0.66970596,0.00061340,0.66970592
-5313.36934568,0.63210062,0.25964823,0.62553384
-5729.76963911,0.57707599,0.00052856,0.57707596
-6113.65541345,0.56139086,0.00073169,0.56139081
-6826.97592893,0.37785261,0.67981940,0.29352798
-8255.32362160,0.31019784,0.73802026,0.17175607
0.00000000,0.00000000,0.00000000,0.00000000
-9851.29925250,0.37322386,0.65560806,0.29435160
-10223.40286909,0.28167272,0.75518162,0.09735431
-10965.13671806,0.43404637,0.41740177,0.40872213
-12000.59805869,0.35497540,0.68027849,0.26328146
-12108.36790518,0.46488231,0.13909373,0.46232623
-12406.43352984,0.45045340,0.30665308,0.43748011
-12756.01634461,0.40507235,0.54800050,0.35678607
-12949.74564236,0.44368750,0.23359693,0.43608953
-13101.18976101,0.38949372,0.59503789,0.32913792
-13638.95376135,0.34099942,0.69591936,0.23864910
-13543.28269372,0.38850452,0.52925300,0.34150028
-13107.53757494,0.42478561,0.43606231,0.39642074
-13091.75037665,0.41033816,0.49815097,0.37145456
-13009.96861171,0.46708788,0.08089126,0.46622904
-12899.44768166,0.41703244,0.52530518,0.37431635
-12728.99764568,0.47575783,0.23150360,0.46880727
-12743.23205987,0.50007397,0.07770644,0.49933384
-12441.87064101,0.50882361,0.00078522,0.50882353
-12330.06191990,0.46805359,0.28945845,0.45695772
-12353.18687030,0.44771875,0.38211252,0.42727726
-12238.73052328,0.40888318,0.50785796,0.36822587
-12098.94375858,0.36118061,0.68140071,0.27124497
-11035.83256880,0.48754766,0.31566342,0.47486462
-9534.06498360,0.30796909,0.74626375,0.16316720
-9400.67671329,0.42999334,0.47578267,0.39643922
-9395.64455643,0.33439878,0.64088350,0.24800789
-7495.84261826,0.50713592,0.08840876,0.50619104
-7145.58295397,0.47030076,0.38962589,0.45009587
-6425.89430357,0.54153080,0.00049601,0.54153077
-6042.28637367,0.56672348,0.00051909,0.56672345
-5752.52656249,0.58523760,0.00053604,0.58523757
-5556.41157001,0.60276147,0.00055209,0.60276144
-5409.85000402,0.60785187,0.00055676,0.60785184
-5298.91473583,0.62845051,0.17874877,0.62532874
-5234.34564222,0.67023107,0.00061388,0.67023103
-5161.01148914,0.67416110,0.23289962,0.66921485
-5084.15857775,0.72252564,0.00066179,0.72252560
-5079.46500343,0.72532417,0.00066434,0.72532413
-5128.08879439,0.70989364,0.00065020,0.70989360
-5113.44862435,0.71691368,0.00065695,0.71691365
-5149.58296602,0.68630595,0.00063063,0.68630592
-4960.52709032,0.75427697,0.00069090,0.75427693
-4969.12525956,0.75949418,0.00069565,0.75949414
-4970.78872413,0.75917439,0.00069535,0.75917435
-4978.72836995,0.75304958,0.00068976,0.75304954
-4982.27172635,0.75669016,0.00069307,0.75669012
-4977.38046515,0.75897432,0.00073038,0.75897428
-4977.52200976,0.75767443,0.00069398,0.75767439
-4975.95591554,0.75847377,0.00069471,0.75847373
-4976.54399611,0.75753214,0.00069384,0.75753210
-4974.46525278,0.75689911,0.00069328,0.75689907
-4971.01023402,0.75742953,0.00069374,0.75742949
-5065.16435237,0.72704559,0.00068917,0.72704555
-5117.47559504,0.71463483,0.00087411,0.71463476
-5150.30537299,0.70673324,0.00064736,0.70673321
-5093.33265015,0.72484097,0.00066390,0.72484094
-5138.37702985,0.70959801,0.00064997,0.70959797
-5247.03567956,0.67986264,0.00062270,0.67986261
-5331.95757821,0.65888873,0.00060349,0.65888870
-5506.17027845,0.60486237,0.00055400,0.60486234
-5644.68903803,0.61545667,0.00056374,0.61545664
-5854.42176706,0.59419695,0.00054428,0.59419692
-6138.46001566,0.56932723,0.00052147,0.56932720
-6563.87558066,0.53841786,0.00049315,0.53841783
-7270.46703284,0.48448426,0.23559216,0.47741575
-8124.28857796,0.37890035,0.63156145,0.30774002
-8522.75356985,0.35479053,0.64739470,0.27300940
-9294.26894860,0.47388074,0.26191691,0.46492946
-10133.27444267,0.35534622,0.54210703,0.30045071
-11383.30943343,0.39286095,0.68409258,0.31146726
-10795.46535852,0.35817990,0.77011342,0.23588385
-12240.31030121,0.45194538,0.43086331,0.42604382
-12302.26280998,0.45960755,0.41022421,0.43660546
-12522.40984553,0.45776757,0.41780914,0.43378221
-12706.46189802,0.47645289,0.23715022,0.46916727
-12978.86315905,0.49396311,0.08266662,0.49311502
-12903.00337888,0.44449907,0.43466445,0.41765429
-12982.27273070,0.49236108,0.00278760,0.49236012
-13077.78012849,0.47453825,0.10020132,0.47324054
-13132.45999952,0.44681456,0.35947600,0.42873469
-13230.27623703,0.45334788,0.26429177,0.44381038
-13588.09333959,0.46385040,0.04559231,0.46357584
-13516.40327489,0.39114410,0.55796078,0.33890556
-12736.64755987,0.38116573,0.60078235,0.31791860
-12893.50900052,0.43900613,0.40069248,0.41600296
-12908.27383409,0.43498469,0.38681266,0.41337965
-12647.24447489,0.40738116,0.50787751,0.36655397
-12148.59340816,0.43936479,0.37548801,0.41924932
-11928.01398351,0.40184680,0.55386153,0.35199777
-11398.87406874,0.48819430,0.00053469,0.48819426
-11405.80228152,0.36525369,0.67834468,0.27756387
-10807.48493822,0.43835585,0.27223957,0.42787479
-11209.71992736,0.28214066,0.73972925,0.11212239
-7348.33098350,0.29264500,0.78839305,0.09746568
-6730.62915910,0.37010498,0.67592105,0.28462468
-6181.32180791,0.56199973,0.00082113,0.56199965
-5799.80023110,0.57877823,0.00053012,0.57877820
-5494.23242196,0.60167916,0.00055109,0.60167913
-5351.66484303,0.61794317,0.00074345,0.61794312
-5214.44004077,0.61583857,0.47794825,0.59268366
-5011.37947659,0.71983741,0.00066019,0.71983737
-5039.78967439,0.71120171,0.00065145,0.71120167
-4992.46497496,0.72254040,0.00066179,0.72254036
-4983.69950810,0.72807461,0.00066686,0.72807457
-4971.41463057,0.73087797,0.00066942,0.73087793
-5001.88614567,0.72323838,0.00066244,0.72323835
-4865.20174991,0.75802269,0.00069429,0.75802265
-4863.60835459,0.75796704,0.00069424,0.75796700
-4856.88163793,0.75725199,0.00069359,0.75725195
-4860.37231741,0.75763591,0.00069396,0.75763587
-4858.73825543,0.75821850,0.00069448,0.75821846
-4864.94616872,0.75714378,0.00069348,0.75714374
-4864.36088629,0.75812246,0.00069439,0.75812242
-4867.83487651,0.75885369,0.00069506,0.75885366
-4977.74629979,0.72854785,0.00066729,0.72854782
-4995.81560246,0.72494213,0.00066400,0.72494209
-5023.83158264,0.71913851,0.00065867,0.71913847
-5009.95234687,0.72458679,0.00066366,0.72458676
-5033.54250382,0.71555521,0.00065539,0.71555517
-5075.10206640,0.70318567,0.04621098,0.70299964
-5285.13782235,0.64376126,0.00156623,0.64376103
-5407.52411319,0.61345884,0.00056191,0.61345881
-5600.97268292,0.58662857,0.00053731,0.58662854
-5872.97063956,0.57647246,0.00052800,0.57647243
-6299.80587804,0.54705435,0.07256400,0.54646448
-6753.42018829,0.38924459,0.66845351,0.31108626
-7283.39296120,0.37334859,0.80349014,0.24556794
0.00000000,0.00000000,0.00000000,0.00000000
-10757.14680102,0.47444634,0.30196672,0.46252492
-12264.46868724,0.33540061,0.61983659,0.25579169
-11680.28895838,0.48908888,0.12557529,0.48711006
-11825.70655987,0.46581278,0.29065529,0.45456869
-12310.91352531,0.43078921,0.48160954,0.39644135
-12333.47724981,0.48399569,0.16757797,0.48042870
-12905.62218274,0.46604622,0.11174321,0.46440228
-12952.94616985,0.43076097,0.47238076,0.39776869
-13064.69434548,0.42578504,0.49225804,0.38936994
-13442.49997090,0.38796464,0.56705936,0.33335554
-13353.73021417,0.45225687,0.35428471,0.43492569
-13510.99620799,0.40835587,0.55904639,0.35842606
-13182.18706219,0.46729415,0.23481935,0.46000995
-13152.80830438,0.49879046,0.00110377,0.49879031
-13374.50124267,0.45694405,0.27748140,0.44650405
-13021.57440963,0.49694191,0.01921071,0.49689642
-12937.93080421,0.47735695,0.26600974,0.46818950
-12937.09066166,0.50119498,0.00045906,0.50119495
-12770.70986170,0.49452115,0.15356981,0.49159146
-12744.25761590,0.48872923,0.00808592,0.48872103
-12811.09197643,0.38659962,0.67177564,0.30688297
-391355.23022365,0.58353626,0.00053449,0.58353623
-11786.28520968,0.34345280,0.70113980,0.24028981
-10986.37929018,0.39399387,0.52916971,0.34774797
-10613.21319965,0.30365205,0.72774521,0.16530869
-9227.00581150,0.38248094,0.57625860,0.32498094
-8604.31311213,0.43359145,0.27326749,0.42291115
-7847.62652443,0.41338077,0.58844223,0.35842194
-6999.78513506,0.50651978,0.09963773,0.50531787
-6286.02454839,0.56314648,0.00051580,0.56314645
-5996.62277916,0.57807165,0.00052947,0.57807162
-5768.50861226,0.60106140,0.00055052,0.60106137
-5578.72623024,0.61837588,0.00056640,0.61837585
-5379.14074764,0.69788124,0.00063922,0.69788120
-5323.78878547,0.67632506,0.00062255,0.67632503
-5367.96910843,0.66043455,0.00063695,0.66043451
-5335.35986347,0.67901096,0.00062192,0.67901092
-5143.95085138,0.73006823,0.00066869,0.73006819
-5190.99565084,0.71602800,0.03509993,0.71592261
-5044.76530462,0.75336108,0.00069004,0.75336105
-5049.80706432,0.76001113,0.00111057,0.76001103
-5043.85999620,0.76112628,0.00069717,0.76112624
-5054.24140183,0.76013582,0.00069623,0.76013578
-5055.97199494,0.75865623,0.00069487,0.75865619
-5063.47109537,0.75899358,0.00069519,0.75899354
-5072.60726171,0.75314847,0.00068982,0.75314843
-5069.25207721,0.75704589,0.00069339,0.75704585
-5066.80254301,0.75816278,0.00069441,0.75816274
-5082.85933377,0.75408166,0.00069069,0.75408162
-5058.68800834,0.75881446,0.00069504,0.75881442
-5058.19893195,0.75817323,0.00069443,0.75817320
-5060.20468453,0.75880234,0.00069500,0.75880230
-5065.81354624,0.74316036,0.00068068,0.74316033
-5195.13808606,0.72037843,0.00065981,0.72037839
-5159.54614770,0.72864131,0.00066738,0.72864127
-5174.73675975,0.72678916,0.00066568,0.72678912
-5193.16560461,0.71912633,0.00065867,0.71912630
-5342.58918164,0.66906658,0.00061282,0.66906655
-5585.50780005,0.62398954,0.00133368,0.62398936
-5767.88099414,0.60538340,0.00055453,0.60538336
-5859.73269342,0.58802867,0.00053859,0.58802864
-6084.58137055,0.57447449,0.00052617,0.57447446
-6400.11587917,0.56113998,0.00051396,0.56113995
-6863.74949930,0.51676972,0.03834865,0.51659539
-8755.11197174,0.33819053,0.64001288,0.25336696
-8900.16314809,0.37804601,0.69063931,0.29066891
-9787.21966223,0.34166601,0.68162996,0.24458084
-10719.86511634,0.32327709,0.72381354,0.20082228
-11623.98880714,0.36591036,0.58533159,0.30318359
-12005.32211680,0.34508734,0.67998722,0.24988677
-12017.42729064,0.42521512,0.39874923,0.40165941
-13697.27462287,0.29847810,0.74718892,0.14386970
-13359.14428051,0.48598528,0.08179588,0.48514132
-13305.79133723,0.49002271,0.01253014,0.49000309
-13314.66872885,0.44742622,0.35070729,0.43025953
-13328.42197284,0.46451732,0.32454009,0.45041522
-13212.50782862,0.50866387,0.00139012,0.50866364
-13225.98369208,0.50223249,0.00327159,0.50223118
-13261.81685887,0.48092986,0.13162114,0.47871842
-13270.51136933,0.48048511,0.12173292,0.47859234
-13301.55649243,0.46696498,0.25772340,0.45816992
-13205.07137362,0.49447154,0.00045298,0.49447152
-13074.90636916,0.46608552,0.23129038,0.45900169
-12997.59428244,0.42836821,0.51326731,0.38887982
-12851.85976506,0.46392718,0.28024576,0.45343970
-12505.85920308,0.47139592,0.27352588,0.46157243
-12436.49958756,0.48362659,0.08262973,0.48276111
-12262.42726962,0.41770918,0.49947003,0.37936901
-11865.15976666,0.38230135,0.65106250,0.30696698
-11542.88161578,0.42579865,0.54086412,0.38140409
-10593.44172270,0.31682861,0.75949230,0.17239161
-10840.92249440,0.39086087,0.68545828,0.30856964
-8480.36557356,0.37390769,0.75004255,0.26625719
-8749.88406933,0.27778731,0.70946829,0.12452306
-6964.34985187,0.47616416,0.49047498,0.44414300
-6326.76444506,0.55834298,0.00087042,0.55834290
-5930.80713410,0.58388103,0.00963630,0.58387129
-5705.73184705,0.58703937,0.00053768,0.58703934
-5531.31326944,0.59909969,0.00059489,0.59909966
-5395.40087337,0.56800899,0.57788432,0.53077801
-5214.10302722,0.65898057,0.32150369,0.64930211
-5351.25044477,0.63433485,0.00058100,0.63433482
-5167.17043777,0.68633295,0.17810189,0.68349630
-5227.44857855,0.64974314,0.00059511,0.64974310
-5127.50272776,0.71941158,0.00065894,0.71941154
-5050.73007227,0.72570124,0.00066469,0.72570120
-4958.61269178,0.75712161,0.00069347,0.75712157
-4956.96165144,0.75924128,0.00072306,0.75924124
-4956.85918705,0.75902616,0.00069521,0.75902613
-4957.96237156,0.75670709,0.00069308,0.75670705
-4950.46150601,0.75861988,0.00069483,0.75861984
-4960.88547681,0.75778759,0.00069408,0.75778755
-4961.11554740,0.75944759,0.00069592,0.75944755
-4970.90359596,0.75700134,0.00070379,0.75700130
-4973.76779016,0.75791151,0.00069419,0.75791147
-5092.73513277,0.69660430,0.24983721,0.69109425
-5315.18473691,0.61803730,0.44181118,0.59837986
-5306.92395816,0.67946854,0.00068298,0.67946850
-5353.23560639,0.63809944,0.19508679,0.63443573
-5385.72961416,0.63817095,0.00058452,0.63817091
-5461.26214966,0.61553635,0.00076503,0.61553629
-5577.49535913,0.60736941,0.00070273,0.60736936
-5764.47330739,0.58860299,0.00071692,0.58860294
-5984.22155194,0.57748283,0.00052895,0.57748280
-6357.71221293,0.56187136,0.00051467,0.56187133
-6947.81822904,0.50095796,0.24245854,0.49371812
-7732.12538003,0.33125947,0.79221312,0.18125020
-9101.25053849,0.35168928,0.71701583,0.24638722
0.00000000,0.00000000,0.00000000,0.00000000
-11464.04865843,0.38710553,0.60855981,0.32323895
-11418.84280869,0.41823409,0.58661786,0.36436931
-11820.24433562,0.39740049,0.63965659,0.32833669
-12286.94692490,0.35848615,0.74446340,0.24621061
-12460.63220588,0.41549830,0.60178925,0.35815559
-12594.82382943,0.50859732,0.00107586,0.50859718
-12790.00760427,0.46946445,0.28870144,0.45846120
-13051.00336244,0.46507186,0.20460191,0.45952557
-13177.30594945,0.45085208,0.38159955,0.43061510
-13286.33906205,0.45667835,0.32721749,0.44208471
-13323.14849191,0.49501777,0.09738055,0.49384302
-13377.50007606,0.49487079,0.04567093,0.49461256
-13398.30790473,0.51095971,0.00046942,0.51095968
-13367.97062569,0.49928823,0.04087614,0.49908322
-13399.81506917,0.49208893,0.13714768,0.48974213
-13548.03629859,0.46231631,0.34351678,0.44640891
-13916.59895039,0.47669544,0.13938467,0.47419258
-13586.16649650,0.40723167,0.61373322,0.34597072
-13735.12711987,0.42046404,0.43643795,0.39173517
-13360.67785754,0.39292838,0.57943682,0.33654673
-12212.37741163,0.39435309,0.61372160,0.33071773
-12431.14293946,0.35371530,0.63544516,0.27504576
-11046.63488117,0.37149000,0.66803311,0.28868142
-10565.30458250,0.42253649,0.47185390,0.38892536
-10085.72204728,0.34705354,0.68505889,0.25091077
-8423.79672955,0.34697627,0.65056254,0.26181416
-7783.85012199,0.49601667,0.18631100,0.49171165
-7072.87561330,0.49272931,0.14675299,0.49004486
-6591.33811365,0.54922907,0.00099248,0.54922896
-6198.43824635,0.57465343,0.00052635,0.57465340
-5984.72429504,0.57996989,0.00053121,0.57996986
-5885.88461043,0.59051250,0.16612850,0.58764290
-5728.02920354,0.57552134,0.24764465,0.56895707
-5455.67707670,0.64036246,0.14630066,0.63831192
-5277.35850002,0.71887109,0.00065845,0.71887105
-5265.79187637,0.72612656,0.00066507,0.72612653
-5235.58957283,0.73415264,0.00067245,0.73415261
-5257.58342470,0.72679293,0.00066569,0.72679290
-5285.84865498,0.72278306,0.00066201,0.72278302
-5148.62700329,0.75797838,0.00069428,0.75797834
-5157.69382962,0.75762310,0.00069396,0.75762306
-5158.52658727,0.75671287,0.00069310,0.75671283
-5161.30486530,0.75695918,0.00069334,0.75695914
-5164.98854672,0.75828639,0.00069454,0.75828635
-5165.34451542,0.75775970,0.00069405,0.75775966
-5170.24339265,0.75804146,0.00069431,0.75804142
-5171.15797667,0.75656174,0.00069295,0.75656170
-5169.33812094,0.75787914,0.00069416,0.75787911
-5165.81997438,0.75747190,0.00069379,0.75747186
-5159.91714992,0.75851230,0.00069475,0.75851226
-5163.70385998,0.75814541,0.00069441,0.75814538
-5303.36799298,0.72125790,0.00066062,0.72125786
-5287.63021487,0.72073666,0.00066016,0.72073663
-5273.61554364,0.72853696,0.00066728,0.72853693
-5280.60021460,0.72848895,0.00066724,0.72848891
-5333.68829568,0.70297190,0.00064387,0.70297186
-5500.80113345,0.65085894,0.00068856,0.65085890
-5684.41937468,0.58148994,0.34201004,0.56903569
-5812.03156980,0.61943399,0.00056735,0.61943396
-6047.20815922,0.57627189,0.00052783,0.57627186
-6270.71824816,0.57425871,0.00052598,0.57425868
-6728.90865243,0.54444380,0.00049961,0.54444377
-7159.28970828,0.51651198,0.00047309,0.51651195
-7504.26895995,0.43665030,0.46768180,0.40480800
-8175.88483461,0.36877796,0.70689361,0.27346683
-9537.04128886,0.34054429,0.73873192,0.22162833
-10801.56756745,0.33391717,0.76359397,0.20018466
-11226.71752976,0.37650063,0.54402928,0.32480249
-12956.04376184,0.31005469,0.73760911,0.17171394
-12807.03402731,0.41621671,0.51864326,0.37454635
-13486.31603059,0.34400086,0.68517290,0.24663234
-13820.13884348,0.33453806,0.78529860,0.19071107
-13825.78292695,0.40420907,0.58887872,0.34771346
-13966.08641411,0.43895300,0.36402352,0.42005580
-13776.41265609,0.44755517,0.40266639,0.42478636
-13483.86941278,0.48400884,0.16778710,0.48043300
-13621.87276183,0.45929450,0.34025287,0.44358694
-13781.58007871,0.44963234,0.34276834,0.43333209
-13628.20000063,0.46797099,0.26289190,0.45883615
-13692.52404943,0.46007045,0.24860781,0.45176720
-13435.91065784,0.44190264,0.46875481,0.41031803
-13234.12601442,0.49839583,0.00045685,0.49839580
-13084.33307907,0.45794151,0.30731874,0.44513025
-12863.21165965,0.48106995,0.19495683,0.47620615
-12751.05393593,0.39852736,0.62745641,0.33255920
-12253.77979124,0.48410384,0.21647606,0.47813800
-12030.40283940,0.45556475,0.35252508,0.43853812
-11844.96903874,0.44771106,0.44638345,0.41956652
-11400.33511861,0.51262561,0.15257552,0.50983655
-11450.12298592,0.47649283,0.23098861,0.46958422
0.00000000,0.00000000,0.00000000,0.00000000
-9167.43210544,0.27974811,0.74520897,0.10114491
-7938.60496157,0.36680636,0.79462090,0.23916033
-6894.19152084,0.54725319,0.03548797,0.54711222
-6424.29772745,0.56562642,0.00051807,0.56562640
-6061.77710486,0.58638645,0.00053709,0.58638642
-5838.78697999,0.59755504,0.00054731,0.59755501
-5682.85427052,0.60195505,0.00067070,0.60195500
-5502.62534741,0.59485476,0.39044598,0.57894499
-5537.34934338,0.61819311,0.00151574,0.61819289
-5253.15484466,0.70825488,0.00064871,0.70825484
-5200.53711777,0.72176774,0.00066109,0.72176770
-5194.90080351,0.72654111,0.00066547,0.72654107
-5074.40388674,0.74680367,0.00068401,0.74680363
-5064.19656997,0.76078947,0.00069682,0.76078943
-5058.03156602,0.75988222,0.00069604,0.75988219
-5061.43816014,0.75931592,0.00072256,0.75931588
-5062.23938539,0.75920424,0.00069538,0.75920420
-5062.09202304,0.75901080,0.00069519,0.75901076
-5065.01604933,0.75912760,0.00069532,0.75912756
-5063.48283046,0.76081553,0.00086773,0.76081547
-5070.26111295,0.75806249,0.00069435,0.75806245
-5074.25429665,0.75899270,0.00069518,0.75899266
-5083.25066950,0.75706960,0.00069344,0.75706956
-5192.55128267,0.71002612,0.07853808,0.70949383
-5386.37736500,0.67531436,0.00061853,0.67531433
-5434.15897448,0.67724763,0.00078661,0.67724757
-5431.40362318,0.66277812,0.00060705,0.66277808
-5387.07987526,0.64003533,0.37352821,0.62654099
-5576.67961282,0.62255362,0.03294863,0.62244680
-5676.33460417,0.62830975,0.04799352,0.62808517
-5879.43330486,0.60008501,0.00054963,0.60008498
-6078.28362852,0.58637230,0.00053707,0.58637227
-6449.16952689,0.57026334,0.00052232,0.57026331
-6833.71208240,0.55172759,0.19027985,0.54769338
-7450.24085388,0.38695180,0.77471568,0.27605997
-8692.92211716,0.39664234,0.67769334,0.31790688
-9211.98106300,0.32469340,0.83621338,0.14059636
-9153.26439664,0.33671171,0.84148996,0.16319274
-11556.55755260,0.51586172,0.03046200,0.51575153
-11792.20568355,0.44251076,0.55750990,0.39716578
-12138.28601725,0.40122375,0.63482642,0.33408448
-12329.04579775,0.45682705,0.41598617,0.43300462
-12853.75902421,0.39959789,0.59007315,0.34209011
-12853.53598280,0.44555917,0.46313457,0.41502711
-13122.25742997,0.47374264,0.13461732,0.47139386
-13482.82919183,0.39029181,0.66396570,0.31356581
-13582.40922118,0.46412283,0.29204017,0.45272761
-13851.77018409,0.45987915,0.31010235,0.44688791
-13971.62856114,0.46059424,0.31949207,0.44681410
-13620.65543301,0.48532699,0.23905706,0.47806027
-13649.70810103,0.49117270,0.17595436,0.48729665
-13785.23001738,0.46190838,0.32931974,0.44729637
-13697.10319039,0.39966168,0.61857689,0.33594103
-13756.15632339,0.36174083,0.77282347,0.24019274
-13849.78048339,0.38597329,0.65182851,0.31133187
-13711.69631829,0.42154005,0.39225570,0.39855690
-13767.04942957,0.35259109,0.60226438,0.28264286
-13043.95091599,0.47059833,0.14436006,0.46787809
-11303.97159275,0.33131259,0.78727718,0.18396162
-11741.50839639,0.34055696,0.65729888,0.25110539
-9832.16794496,0.36746330,0.72144754,0.26696381
-10032.47217495,0.33787559,0.77684716,0.20057967
-9314.17431512,0.34180966,0.70325498,0.23716939
-7690.04056821,0.43798114,0.41273170,0.41347299
-7436.87413249,0.51777497,0.00204102,0.51777448
-6757.55233896,0.55954514,0.00051251,0.55954511
-6383.58179179,0.57697520,0.00052846,0.57697517
-6147.48923891,0.58477163,0.00053560,0.58477160
-5966.08656349,0.59374998,0.00054384,0.59374995
-5764.00317101,0.61758988,0.00056566,0.61758984
-5594.39752925,0.65655074,0.00460162,0.65654876
-5423.35990105,0.69756338,0.18239792,0.69463603
-5419.91855762,0.71569072,0.00065556,0.71569068
-5435.08684551,0.70927821,0.00064965,0.70927817
-5390.81029008,0.72771419,0.00066653,0.72771415
-5408.99423884,0.70975844,0.00065008,0.70975840
-5277.77178849,0.76003090,0.00069614,0.76003086
-5294.16045509,0.75733658,0.00069366,0.75733654
-5283.80059680,0.75936306,0.00069553,0.75936302
-5290.77803672,0.75799738,0.00069426,0.75799735
-5292.82402905,0.75732353,0.00069416,0.75732349
-5296.75058873,0.75841628,0.00069465,0.75841624
-5300.36152815,0.75737428,0.00069369,0.75737424
-5298.72722522,0.75741411,0.00069373,0.75741407
-5296.02238559,0.75907302,0.00069527,0.75907298
-5291.99534501,0.75904766,0.00069523,0.75904762
-5288.78855379,0.75942826,0.00082560,0.75942820
-5282.74456723,0.75945708,0.00082997,0.75945702
-5403.88652450,0.71017474,0.15217861,0.70817460
-5423.41522327,0.72117485,0.00066055,0.72117481
-5558.00889246,0.69217994,0.00063398,0.69217990
-5533.15640771,0.70226765,0.00094351,0.70226757
-5461.14383948,0.70944906,0.00084356,0.70944900
-5623.57839875,0.65100725,0.04680152,0.65080113
-5842.55047289,0.60593597,0.00055499,0.60593594
-5998.34584583,0.59966471,0.00054926,0.59966468
-6173.88805512,0.58451872,0.00053537,0.58451869
-6441.89104969,0.57991395,0.00056071,0.57991391
-6809.14882944,0.56049178,0.00051339,0.56049175
-7236.28243814,0.49875016,0.31349656,0.48653100
-7644.95499431,0.34190130,0.75622527,0.21642922
-10166.69305243,0.41527887,0.28799456,0.40286013
-9879.31733258,0.42728711,0.57657006,0.37663143
-9763.64639306,0.36614712,0.68656190,0.27626296
-11593.47076333,0.35068576,0.68294821,0.25660137
-11391.72288476,0.35821661,0.69151051,0.26408570
-13090.94532953,0.45013212,0.26201107,0.44069187
-13112.17279269,0.37732609,0.70040756,0.28684502
-13949.73524726,0.32726535,0.65928560,0.23207125
-13861.35288002,0.37410029,0.71852201,0.27696115
-13637.44128765,0.42092236,0.59851216,0.36509461
-13765.64204430,0.39938710,0.67963383,0.32082245
-13722.26187759,0.46683195,0.30919744,0.45411529
-13944.91204871,0.46392894,0.30355883,0.45159931
-13751.33555987,0.42785820,0.60500872,0.37178392
-14099.45533695,0.47498018,0.12368018,0.47300351
-14177.13355812,0.46210505,0.16146848,0.45863629
-13960.92885394,0.37916621,0.68895022,0.29261253
-13576.58656972,0.38088813,0.67189805,0.29962228
-13277.91141047,0.41840497,0.54315936,0.37272311
-12954.68009055,0.47555857,0.22520461,0.46898092
-12870.63417833,0.46745711,0.14990313,0.46450345
-12465.04640729,0.40334119,0.65422088,0.33204443
-11906.27722070,0.46461366,0.37181828,0.44601611
-11825.32543498,0.42447208,0.61983112,0.36484681
0.00000000,0.00000000,0.00000000,0.00000000
-9751.89587079,0.34963545,0.77182187,0.22196980
-10103.41705516,0.34858447,0.79955742,0.20784093
-9799.98749931,0.31892428,0.78714171,0.16066321
-7570.63112516,0.43967498,0.55693306,0.39410369
-7010.21471273,0.53901330,0.12519069,0.53722940
-6503.44775198,0.57339371,0.00052518,0.57339368
-6235.22434766,0.57386168,0.00098507,0.57386158
-5967.74074732,0.59654821,0.00054639,0.59654818
-5701.71126828,0.66799622,0.03891998,0.66785732
-5673.89029346,0.63102848,0.01619699,0.63100301
-5440.67904781,0.67185834,0.17787719,0.66896764
-5298.24452749,0.73046931,0.00066905,0.73046927
-5289.90110307,0.73313169,0.00067149,0.73313165
-5436.34989256,0.68966897,0.00063169,0.68966894
-5343.36333932,0.70728856,0.00064782,0.70728853
-5191.84212426,0.75806631,0.00069435,0.75806627
-5184.79749754,0.75873851,0.00069494,0.75873847
-5185.91114159,0.75811349,0.00069438,0.75811345
-5184.03354616,0.75948779,0.00069563,0.75948775
-5467.44640587,0.63597493,0.00058250,0.63597490
-5186.24335956,0.75852181,0.00069475,0.75852177
-5184.03640297,0.75937803,0.00069655,0.75937799
-5192.13086906,0.75979902,0.00069593,0.75979898
-5194.73441412,0.75942615,0.00069559,0.75942611
-5198.11958916,0.75898898,0.00069520,0.75898894
-5308.09405454,0.71639772,0.00266920,0.71639711
-5527.01524117,0.66191457,0.00060628,0.66191454
-5504.80093723,0.66584380,0.00060986,0.66584376
-5352.40533618,0.71878590,0.00065835,0.71878586
-5368.49623363,0.71606167,0.00065586,0.71606163
-5640.55124764,0.60136206,0.40091664,0.58476183
-5846.01389527,0.59629593,0.00054616,0.59629590
-5988.44571265,0.58782248,0.00053840,0.58782245
-6185.55960384,0.58759959,0.00053819,0.58759956
-6505.64584385,0.56780677,0.00052008,0.56780674
-6843.71379970,0.55896420,0.00196481,0.55896378
-8233.49839546,0.39062525,0.72341102,0.29745748
-8321.17891814,0.44698650,0.47202718,0.41533451
0.00000000,0.00000000,0.00000000,0.00000000
-10056.00131025,0.43691075,0.69845775,0.36211905
-10137.76546401,0.39984365,0.70090400,0.31574485
0.00000000,0.00000000,0.00000000,0.00000000
-12256.60127268,0.47957123,0.17278911,0.47574278
-12163.96639932,0.51521898,0.00047270,0.51521895
-12672.97750906,0.32435538,0.67240456,0.22320561
-13331.45206903,0.46341772,0.13239626,0.46109512
-13296.89871168,0.41629690,0.51488250,0.37527039
-13388.39723029,0.37735900,0.67192748,0.29511475
-13937.82203302,0.34947116,0.74153666,0.23403035
-14123.09527301,0.38981954,0.67413307,0.31030387
-14101.07585601,0.39620301,0.68864685,0.31445684
-13767.65404247,0.44985336,0.40921349,0.42644428
-14036.72772746,0.45076233,0.26290968,0.44127009
-13930.80536452,0.43726793,0.43277749,0.41019440
-13897.21625196,0.43935664,0.43144355,0.41259141
-14078.43184289,0.44507097,0.40708225,0.42164910
-14049.45648805,0.44952646,0.27811560,0.43886089
-13272.50000333,0.34372074,0.73624181,0.22746994
-13367.55089745,0.34895302,0.73630969,0.23527558
-13000.07751538,0.45115524,0.25439318,0.44228199
-13126.71666915,0.43769369,0.34581493,0.42062601
-13371.99933930,0.21722422,0.61749464,0.02184395
-11718.87786753,0.34716976,0.71171945,0.24181632
-9830.31189437,0.49310960,0.29789737,0.48196066
-9750.83173730,0.52406350,0.00618468,0.52405903
-7454.76741754,0.36814689,0.73501416,0.26334771
-7450.34761993,0.48665089,0.29027935,0.47592750
-6823.57446209,0.56016119,0.00051307,0.56016116
-6504.60857680,0.57002059,0.00052210,0.57002056
-6196.23862158,0.58916067,0.00053962,0.58916064
-6065.80984574,0.60350638,0.00055276,0.60350635
-5945.34175603,0.59659813,0.00054643,0.59659810
-5719.11405308,0.64528407,0.00258635,0.64528343
-5580.71041086,0.69053687,0.06204072,0.69019538
-5503.18593320,0.71747268,0.00065715,0.71747264
-5499.90236918,0.72062202,0.00066004,0.72062199
-5471.38257446,0.73032092,0.00066892,0.73032089
-5442.98965175,0.72974312,0.00066840,0.72974309
-5373.32061872,0.76142700,0.00069741,0.76142696
-5379.88705692,0.75720252,0.00069354,0.75720248
-5385.24738569,0.75915638,0.00069533,0.75915634
-5384.81107359,0.76000396,0.00069613,0.76000392
-5391.56313961,0.75899984,0.00069519,0.75899980
-5397.50416711,0.75749766,0.00069381,0.75749762
-5399.88850019,0.75946091,0.00069561,0.75946087
-5399.67665149,0.75647049,0.00069287,0.75647045
-5389.58359626,0.75990307,0.00069604,0.75990303
-5391.85060215,0.75876714,0.00069497,0.75876710
-5387.85323509,0.75963958,0.00069577,0.75963954
-5387.95623336,0.75764021,0.00069395,0.75764017
-5563.05818119,0.70630466,0.00064692,0.70630463
-5561.63691979,0.70521447,0.05908720,0.70491118
-5497.24326303,0.72656397,0.00066547,0.72656393
-5663.06409710,0.67118153,0.00061475,0.67118150
-5582.73880020,0.67722371,0.26022293,0.67107134
-5780.68126196,0.60611017,0.29955123,0.59697361
-5938.22002353,0.60287968,0.00055219,0.60287965
-6088.81378548,0.59606013,0.00054594,0.59606010
-6237.54985309,0.59372880,0.00055472,0.59372877
-6458.29126608,0.58162255,0.00053272,0.58162252
-6852.67418700,0.55033682,0.00050407,0.55033679
-7289.51940130,0.53158277,0.04590918,0.53133987
-7700.51294637,0.48310953,0.35898376,0.46648507
-9988.23448199,0.49612369,0.00096437,0.49612358
-9708.18794838,0.51384484,0.11431676,0.51228474
-9901.28821646,0.35820879,0.72943733,0.25126456
-10504.34376633,0.28672570,0.73411307,0.12725441
-13460.33471982,0.31317930,0.77070878,0.15911396
-13028.77265329,0.45883246,0.33723113,0.44339140
-13034.94626955,0.42520493,0.53171209,0.38231702
-13399.72997601,0.40614944,0.44712760,0.37478899
-14559.54886229,0.26384412,0.72919345,0.06691517
-14626.16613075,0.26432026,0.72566607,0.07319682
-13561.70404948,0.44281543,0.50594566,0.40586677
-13603.37289027,0.47313874,0.36789470,0.45528049
-13831.31622015,0.42862144,0.56301107,0.38063908
-13831.40985901,0.41098857,0.61255115,0.35063840
-14163.28540583,0.39887155,0.61620950,0.33553469
-14536.94640684,0.40842288,0.48747826,0.37107810
-14022.61528771,0.39517335,0.57465569,0.34016012
-13525.10276538,0.41869110,0.50227336,0.37999753
-13145.72389574,0.41492324,0.48676910,0.37833271
-13033.33134501,0.42927718,0.42816436,0.40227058
-12599.69089850,0.42454147,0.55121561,0.37817354
-12395.09241078,0.48273178,0.21842142,0.47664006
-12619.25573899,0.39700127,0.56652075,0.34393917
-10841.71950093,0.42159109,0.56987296,0.37142500
-10977.75817862,0.35922043,0.75438116,0.24356864
-10286.04514708,0.43086467,0.47934889,0.39685877
-8798.95789050,0.30771438,0.77506942,0.14525286
-8705.34100096,0.31870113,0.79422831,0.15587681
-7362.60307002,0.47856703,0.50927974,0.44413296
-6843.14836920,0.55846069,0.00051154,0.55846067
-6465.69618603,0.57551804,0.00052713,0.57551802
-6241.24862306,0.58392200,0.00053482,0.58392197
-6068.40776528,0.59192737,0.00054216,0.59192734
-5888.09481374,0.60035732,0.00061064,0.60035729
-5706.79350378,0.61123979,0.17397534,0.60819924
-5497.09643983,0.69994845,0.00064111,0.69994842
-5665.51928641,0.67737711,0.00067321,0.67737707
-5469.27194207,0.70881890,0.00064924,0.70881887
-5456.20276350,0.71318690,0.00065323,0.71318687
-5363.33340274,0.72608822,0.00066505,0.72608818
-5285.33356307,0.75875423,0.00069496,0.75875419
-5281.82750682,0.75874449,0.00069496,0.75874445
-5285.38039796,0.75744687,0.00109513,0.75744677
-5280.85801238,0.75897803,0.00069518,0.75897799
-5280.78312904,0.75825492,0.00069450,0.75825488
-5287.54652207,0.75730331,0.00069365,0.75730327
-5287.88429414,0.75800723,0.00069427,0.75800719
-5286.81409835,0.75878648,0.00069501,0.75878644
-5287.10198152,0.76059363,0.00081407,0.76059358
-5294.72426069,0.74903803,0.00068606,0.74903799
-5443.85033663,0.71975533,0.00065926,0.71975529
-5420.87594221,0.72827401,0.00066704,0.72827397
-5584.36295130,0.67126526,0.00091605,0.67126518
-5650.63807525,0.66405703,0.00065223,0.66405699
-5591.79399559,0.68160932,0.00062431,0.68160929
-5710.99077552,0.63373848,0.00058062,0.63373845
-5890.40903631,0.60431698,0.00080013,0.60431692
-6062.78926798,0.58476367,0.00053688,0.58476364
-6191.95562076,0.58902473,0.00053951,0.58902470
-6437.47774513,0.57970971,0.00053097,0.57970968
-6747.63687222,0.56383926,0.00051643,0.56383923
-7173.96491879,0.51583899,0.20106840,0.51101601
-7567.46976636,0.33459451,0.78836195,0.18925632
-8909.85225523,0.25990198,0.72116346,0.06196482
-8806.92887541,0.25458260,0.72497411,0.02068414
-10829.14503887,0.47220590,0.35582929,0.45548671
-11278.89172700,0.34381814,0.73467630,0.22823590
-11780.57649670,0.30007187,0.78311935,0.12213446
-11458.15624017,0.35312600,0.74164439,0.23941284
-12625.62861775,0.42884334,0.47614924,0.39513750
-13110.18536172,0.41840833,0.47550452,0.38388504
-13138.90702200,0.42457998,0.50759596,0.38562363
-13641.82338800,0.40821957,0.56940571,0.35626664
-13688.60967949,0.38907729,0.66436519,0.31194863
-13603.96590200,0.37516790,0.61946597,0.30617485
-14148.86900504,0.37111536,0.66626786,0.28869930
-14070.25301568,0.40685089,0.55687360,0.35712658
-13872.05214107,0.39452473,0.65077432,0.32213371
-13549.85689997,0.43194523,0.53406469,0.38940545
-13396.16248701,0.47185283,0.33627853,0.45693806
-13371.90446736,0.41470578,0.53163968,0.37061759
-13132.98577405,0.45233290,0.36975624,0.43342461
-12965.81595781,0.45922785,0.38315814,0.43921063
-12807.19708604,0.47637142,0.30151601,0.46453528
-12901.94697734,0.50582262,0.08636103,0.50491870
0.00000000,0.00000000,0.00000000,0.00000000
-12500.50496041,0.24439525,0.65585762,0.08387942
-11214.68748385,0.29356238,0.71790319,0.15180319
-8631.95818742,0.29929936,0.81305712,0.09273634
-10914.77563811,0.21844346,0.62215552,0.01733647
-7836.79936518,0.40728406,0.67491403,0.33178376
-7117.57249059,0.54685139,0.00050105,0.54685137
-6814.31033321,0.56249008,0.00051523,0.56249005
-6505.55638653,0.57739849,0.00052885,0.57739846
-6290.78891241,0.59465666,0.00054493,0.59465663
-6145.59802666,0.59875003,0.00054841,0.59875000
-5979.56988833,0.61883955,0.00056681,0.61883951
-5874.44327530,0.62822917,0.00057541,0.62822914
-5677.26030298,0.65869163,0.37572559,0.64543115
-5567.14266484,0.72937755,0.00066806,0.72937751
-5571.89624700,0.72761103,0.00066645,0.72761100
-5687.68097922,0.68118729,0.11944509,0.67990322
-5960.27487945,0.63892701,0.00249600,0.63892642
-5468.13704801,0.75795869,0.00069423,0.75795865
-5486.01668145,0.75802041,0.00069430,0.75802037
-5485.73039880,0.75403505,0.00069066,0.75403501
-5483.33476400,0.75866180,0.00069489,0.75866176
-5487.14544440,0.75730850,0.00069364,0.75730846
-5485.93848781,0.75986801,0.00069614,0.75986797
-5486.43760737,0.75983107,0.00069595,0.75983103
-5487.85847687,0.75917165,0.00071259,0.75917161
-5491.41541338,0.75672083,0.00069311,0.75672079
-5486.72450192,0.76013748,0.00069624,0.76013744
-5481.52062145,0.75974459,0.00069588,0.75974455
-5481.64757635,0.75967240,0.00069581,0.75967236
-5651.26947099,0.70688119,0.09259522,0.70613789
-5591.98313876,0.73036789,0.00066899,0.73036785
-5586.71918067,0.73023307,0.00066885,0.73023303
-5593.00047303,0.72701489,0.00066589,0.72701485
-5676.15844068,0.69573347,0.05260418,0.69548981
-5841.94476064,0.64160274,0.00065997,0.64160269
-5989.06672725,0.60689126,0.00055586,0.60689123
-6137.07335865,0.60357047,0.00055283,0.60357044
-6298.51650846,0.60025710,0.00054979,0.60025707
-6504.00523627,0.58895932,0.00053944,0.58895929
-6787.41258824,0.56973357,0.00052183,0.56973354
-7183.91522869,0.53817765,0.12349188,0.53643921
-7767.78004845,0.44231279,0.53083332,0.40140013
-9180.37716500,0.52391472,0.00083198,0.52391464
-9063.75993970,0.48979539,0.33645443,0.47542857
-9401.13576365,0.29881764,0.79173369,0.11182042
-11016.40005986,0.40917924,0.71439936,0.32389468
-10529.74274586,0.40935001,0.62101044,0.34687868
-12877.46243594,0.45090972,0.33142832,0.43573339
-12753.08026061,0.42413190,0.57562791,0.37322621
-13008.49666824,0.42478804,0.56027463,0.37681718
-13291.87589144,0.41256181,0.55460629,0.36404354
-13290.49226408,0.42922095,0.57618360,0.37889597
-13526.73566785,0.37497436,0.76274960,0.26331894
-13432.88776905,0.47227474,0.32286089,0.45855658
-13541.10504229,0.44435797,0.42825796,0.41831436
-13213.97565415,0.38909159,0.66115132,0.31280175
-13170.86609330,0.43739332,0.54761196,0.39316378
-13310.75838331,0.40307099,0.69253574,0.32204739
-13720.29839616,0.47071267,0.10299884,0.46933021
-12752.49120611,0.38960868,0.62696186,0.32193552
-13177.54474996,0.39932090,0.62728916,0.33354827
-12852.56167320,0.38193466,0.72642952,0.28501027
-12517.44047236,0.41813329,0.57739407,0.36605453
-12131.60992194,0.44642105,0.46164377,0.41615523
-11992.01764704,0.41186268,0.58696825,0.35696741
-10449.04082505,0.39982764,0.49921813,0.35962876
-9355.79676322,0.38145138,0.73400344,0.28196972
-9793.28828014,0.25500279,0.71891360,0.04139954
-8118.46594721,0.31764448,0.76821685,0.16912648
-7391.12065471,0.50099244,0.37398700,0.48359054
-7086.75527400,0.53725274,0.15767850,0.53441075
-6661.08980851,0.57072496,0.00052274,0.57072493
-6448.20766511,0.57410321,0.00052584,0.57410318
-6220.21994706,0.58219536,0.00053353,0.58219533
-6077.43563125,0.58340558,0.00053437,0.58340555
-5914.39876260,0.60575670,0.00055482,0.60575667
-5782.39309533,0.62218288,0.00056987,0.62218285
-5676.54126554,0.63048388,0.38156231,0.61617788
-5676.80305939,0.65588879,0.19504720,0.65232644
-5691.42039601,0.65391497,0.12806370,0.65237700
-5487.59033925,0.72527684,0.00066430,0.72527681
-5517.94018548,0.72279492,0.00066205,0.72279488
-5380.36866517,0.75031676,0.00068724,0.75031672
-5375.70130661,0.75967610,0.00069581,0.75967606
-5374.16972158,0.75839614,0.00069464,0.75839611
-5371.70305291,0.75876163,0.00087165,0.75876157
-5378.74130202,0.75624280,0.00069267,0.75624276
-5370.96595877,0.75986941,0.00069598,0.75986937
-5379.36071567,0.75693195,0.00069329,0.75693191
-5381.26593143,0.75999064,0.00069610,0.75999060
-5384.37722152,0.75902103,0.00069522,0.75902099
-5389.81151431,0.75559765,0.00069208,0.75559761
-5522.46824274,0.72318445,0.00066240,0.72318441
-5512.75273602,0.72929896,0.00066800,0.72929893
-5588.40314665,0.70451924,0.00064536,0.70451921
-5627.19652800,0.65270741,0.42346146,0.63565738
-5614.92565823,0.69405167,0.00063570,0.69405164
-5762.85268516,0.64896771,0.00089970,0.64896764
-5902.56347044,0.61840098,0.00056641,0.61840095
-6052.57515779,0.59629140,0.00054615,0.59629137
-6205.11429675,0.58373794,0.00053466,0.58373791
-6407.97866092,0.57665524,0.00052818,0.57665521
-6596.66347331,0.58105001,0.00053220,0.58104998
-6850.42887462,0.56332733,0.00064922,0.56332729
-7532.77546481,0.51753156,0.24425682,0.51042178
-7893.97833465,0.33889130,0.76307956,0.20860666
-9196.54434916,0.29168772,0.77016504,0.11144657
-10351.79232386,0.28598066,0.75879729,0.10607877
-10401.30304780,0.34346592,0.75507656,0.21937779
0.00000000,0.00000000,0.00000000,0.00000000
-12098.10477063,0.49224999,0.09994364,0.49100554
-12403.43323046,0.40531380,0.62426249,0.34138041
-12760.04965954,0.44012435,0.37929350,0.41962621
-12885.45950485,0.39329519,0.73002723,0.29899162
-13213.71596342,0.38297738,0.59113720,0.32228075
-12499.05135112,0.36602718,0.69746108,0.27273710
-13589.51480950,0.38907385,0.67846608,0.30820402
-13604.10154369,0.41930023,0.50454574,0.38030028
-13351.70631192,0.43040589,0.55753069,0.38362909
-13430.85128826,0.45057553,0.34129462,0.43445283
-13417.90913713,0.42759291,0.54020423,0.38352011
-13261.84687510,0.40108461,0.70441749,0.31636036
-13386.45918058,0.36424286,0.73902498,0.25645372
-12673.76889747,0.44062565,0.51320241,0.40235223
-14096.55910898,0.24847381,0.70498964,0.02924824
-12873.59329683,0.48859716,0.01840958,0.48855467
0.00000000,0.00000000,0.00000000,0.00000000
-11064.90900576,0.38436188,0.64320573,0.31153513
0.00000000,0.00000000,0.00000000,0.00000000
-8691.90996268,0.33993937,0.80524773,0.19007064
-8949.71293297,0.41473761,0.72296578,0.32860165
-9399.04732101,0.24278562,0.67724546,0.05252461
-7492.77119135,0.51751721,0.19346579,0.51306823
-7074.81261219,0.55615739,0.00085389,0.55615731
-6679.99406609,0.57421430,0.00052594,0.57421427
-6491.70194512,0.58229549,0.00107202,0.58229537
-6301.34708623,0.59749115,0.00054750,0.59749112
-6191.50038967,0.60215579,0.00055152,0.60215576
-5994.80884284,0.62025050,0.00056810,0.62025047
-5826.65505295,0.66581207,0.08322416,0.66517460
-5717.30187421,0.70978508,0.00065012,0.70978505
-5706.32281908,0.70398329,0.13196674,0.70246644
-5732.53984229,0.70446064,0.03271272,0.70436759
-5745.99627096,0.70024117,0.00064138,0.70024114
-5563.61062385,0.74570664,0.00068301,0.74570661
-5565.16998539,0.75878401,0.00069501,0.75878397
-5569.71909312,0.75765341,0.00069396,0.75765337
-5571.90274884,0.75856210,0.00069479,0.75856206
-5577.00769437,0.75767477,0.00071681,0.75767473
-5576.23180994,0.75793559,0.00069421,0.75793555
-5582.64420677,0.75855970,0.00069479,0.75855966
-5583.19409724,0.75866205,0.00069490,0.75866201
-5581.52424609,0.75757513,0.00069389,0.75757509
-5578.12920949,0.75796200,0.00070193,0.75796196
-5577.39623923,0.75886765,0.00069508,0.75886761
-5574.67021924,0.75652519,0.00069292,0.75652515
-5572.84076891,0.75706400,0.00069344,0.75706396
-5713.70858557,0.70317176,0.00064406,0.70317172
-5800.67004833,0.68971451,0.00063173,0.68971447
-5996.20319325,0.65503507,0.00059998,0.65503503
-5766.31173752,0.69749212,0.00063885,0.69749208
-5713.02291664,0.70048268,0.18082301,0.69761780
-5851.86037992,0.66718535,0.00078736,0.66718529
-6028.14229759,0.60993859,0.00055867,0.60993855
-6179.52316116,0.60284518,0.00055216,0.60284515
-6250.35015907,0.63084448,0.00222276,0.63084400
-6471.36303496,0.58895580,0.00053943,0.58895577
-6793.69083631,0.56316192,0.00051585,0.56316189
-7013.67009941,0.55339088,0.00050689,0.55339085
-7332.13553020,0.53586464,0.00810792,0.53585713
-9210.58466522,0.27448333,0.72921664,0.10099941
-8824.84623237,0.35463476,0.76926350,0.23081256
-9776.19845593,0.30655477,0.75423858,0.15584780
-9805.51423033,0.32816236,0.77162416,0.18642308
-9592.97923219,0.27720051,0.76861263,0.06686825
-12108.14087730,0.47799925,0.20311793,0.47268310
-11948.30346787,0.43988215,0.50760642,0.40240829
-12488.29382992,0.38825037,0.70004794,0.30117292
-12971.62588245,0.36123434,0.76781163,0.24139645
-12926.37718434,0.47089757,0.26408681,0.46173710
-12995.08570088,0.44095632,0.54876182,0.39692931
-13114.80855947,0.42920290,0.52497424,0.38788450
-13357.89931988,0.38855928,0.64623128,0.31594381
-13239.64084711,0.45578600,0.27857806,0.44523497
-13392.62695602,0.35900924,0.68876383,0.26603415
-13118.38047602,0.44070700,0.51376419,0.40235350
-13075.91835475,0.36296097,0.75473172,0.24892212
-12765.48002370,0.42958037,0.50074748,0.39220232
-12672.74290640,0.44475122,0.56875521,0.39771478
-12849.54015253,0.33924738,0.79733976,0.19289719
-12252.27114230,0.39816767,0.61685642,0.33455163
-10607.36312583,0.22571400,0.64375809,0.01340942
-10643.81726705,0.34368466,0.73659038,0.22727711
-10477.29469782,0.34322570,0.81677890,0.18994927
-8930.01946025,0.32544246,0.79957681,0.16611958
-8280.18415698,0.41460135,0.73544703,0.32501722
-8053.26903311,0.38560954,0.83367303,0.25210296
-7112.30954414,0.54747782,0.00050146,0.54747779
-6784.79914614,0.56452885,0.00051998,0.56452882
-6565.22952242,0.57743577,0.00052889,0.57743574
-6352.94284523,0.58513913,0.00053604,0.58513910
-6183.57887399,0.59380771,0.00054388,0.59380768
-6074.65994546,0.60704695,0.00055600,0.60704692
-5950.69742369,0.61122059,0.00055983,0.61122056
-5725.04986156,0.66518348,0.21510777,0.66090908
-5629.80225318,0.71368893,0.00065372,0.71368889
-5596.68804069,0.72059791,0.00066001,0.72059787
-5586.53661533,0.72728705,0.00066614,0.72728702
-5597.73556773,0.72348804,0.00066267,0.72348801
-5605.12698988,0.72342383,0.00066260,0.72342379
-5465.68195096,0.75850599,0.00069474,0.75850595
-5465.10044150,0.75813502,0.00069442,0.75813498
-5464.65281354,0.75819567,0.00069448,0.75819563
-5461.77505357,0.75887187,0.00069510,0.75887183
-5455.11880452,0.75789021,0.00069467,0.75789017
-5459.50993210,0.75900922,0.00069534,0.75900918
-5464.67169972,0.75822484,0.00069448,0.75822480
-5467.75309295,0.75838565,0.00069462,0.75838561
-5470.68769385,0.76073752,0.00094512,0.76073745
-5475.67718768,0.75778224,0.00071830,0.75778220
-5482.15331454,0.75034253,0.00068726,0.75034250
-5612.16500107,0.72330075,0.00066249,0.72330071
-5604.39635598,0.72760181,0.00066645,0.72760177
-5610.34667572,0.72430287,0.00066342,0.72430284
-5645.07670025,0.71459521,0.00065453,0.71459517
-5736.17783686,0.68661444,0.00695899,0.68661012
-5899.87183012,0.63086536,0.00789494,0.63085931
-6047.72772037,0.61227456,0.00056079,0.61227452
-6116.71150235,0.62251667,0.00084239,0.62251660
-6299.90780121,0.59455521,0.00054457,0.59455518
-6439.24907784,0.59599406,0.00054588,0.59599403
-6657.24900510,0.57823737,0.00079126,0.57823730
-7057.85077403,0.54723372,0.00052726,0.54723369
-7718.04960030,0.39577043,0.73124015,0.30188077
-8357.20459553,0.37736806,0.76775884,0.26495015
-10203.80128664,0.20489195,0.58540557,0.00000000
-10683.96470651,0.31871759,0.77352560,0.16817856
-10369.25244309,0.50416376,0.15038129,0.50140883
-10461.02945654,0.36292651,0.69651847,0.26886103
-12453.90432025,0.28559246,0.73771912,0.12204484
-16431.21702938,0.19851434,0.56604510,0.01257289
-12969.44233705,0.40409846,0.63826587,0.33673596
-12928.85868666,0.40036530,0.63074000,0.33400275
-12793.34772498,0.44076619,0.46829988,0.40915766
-12349.00301954,0.38088876,0.64046930,0.30793934
-13114.91295011,0.39004348,0.63138125,0.32140354
-13106.19627120,0.40548079,0.67057473,0.33065093
-13216.12383280,0.44540796,0.40684086,0.42203331
-13012.92993712,0.47700980,0.34433547,0.46153429
-13348.33084392,0.45270289,0.33587036,0.43717367
-13639.59105455,0.31192714,0.77756579,0.15242700
-12852.94574129,0.30352221,0.74057100,0.15792774
-11696.93263643,0.40600839,0.61532888,0.34418118
-12380.47474621,0.24103307,0.68600961,0.02114985
-11369.37283327,0.35249594,0.71692336,0.24757009
-11396.25142652,0.25539495,0.71157587,0.05656770
-9314.91116932,0.40775437,0.51291279,0.36610980
-9128.41983576,0.33867356,0.80407639,0.18841117
-8293.82724807,0.39902427,0.74060225,0.30336470
-7904.09952239,0.45861901,0.52152036,0.42072963
-7200.77688944,0.53619786,0.23388453,0.52991240
-6834.05426070,0.57340122,0.00052520,0.57340119
-6638.74981614,0.58617584,0.00053689,0.58617581
-6485.66494305,0.58510766,0.00053915,0.58510763
-6279.76430050,0.59986154,0.08362813,0.59914701
-6177.88247551,0.60813819,0.00215390,0.60813772
-6034.07472632,0.62819821,0.00057538,0.62819818
-5894.73728920,0.64697936,0.31069146,0.63777540
-5777.97464705,0.71711104,0.00065682,0.71711101
-5750.93258215,0.72574379,0.00066473,0.72574375
-5776.88045450,0.71878126,0.00065835,0.71878122
-5790.76557747,0.71454803,0.00065447,0.71454799
-5782.13167935,0.71282857,0.07771779,0.71230939
-5650.33653961,0.75964976,0.00069591,0.75964972
-5652.51562847,0.75966724,0.00069580,0.75966720
-5658.50746122,0.75777903,0.00071503,0.75777899
-5661.21778983,0.76029995,0.00069641,0.76029991
-5666.93448230,0.75839011,0.00069463,0.75839007
-5667.86814464,0.75816498,0.00087102,0.75816492
-5668.57603290,0.75971684,0.00073900,0.75971679
-5670.47363177,0.75840084,0.00071626,0.75840079
-5666.39891707,0.75966124,0.00069580,0.75966120
-5664.83372246,0.76005628,0.00069970,0.76005624
-5665.15519535,0.75794205,0.00071441,0.75794201
-5659.11814707,0.76010286,0.00069620,0.76010282
-5662.55777435,0.75521881,0.00069175,0.75521878
-5780.15619449,0.72659688,0.00066550,0.72659684
-5904.79755616,0.68964588,0.00063265,0.68964584
-5854.17172486,0.70478086,0.00065292,0.70478082
-5786.37866643,0.72102844,0.03804498,0.72090547
-6011.80674631,0.60904958,0.46339537,0.58705734
-5981.20716460,0.65181333,0.00059702,0.65181330
-6141.36028759,0.62827769,0.00124651,0.62827754
-6320.97108491,0.59434205,0.00054437,0.59434202
-6469.41852796,0.58937573,0.00053983,0.58937570
-6617.05881327,0.58727643,0.00053790,0.58727640
-6816.31017128,0.57564062,0.00132544,0.57564043
-7120.20388820,0.55083443,0.04910435,0.55056625
-7564.07029750,0.49072501,0.43496105,0.46651380
-8350.91885616,0.34051144,0.83171714,0.17665857
-9038.97638846,0.37151451,0.68395243,0.28411026
-11159.29310946,0.25491249,0.71437190,0.04965172
-10468.92481832,0.48146296,0.19922547,0.47638688
-10974.69335604,0.37697995,0.70237445,0.28579883
-11201.51321399,0.34665846,0.76407892,0.22057778
-11357.66660978,0.36172477,0.67869794,0.27279576
-12399.51214208,0.32547249,0.75717278,0.18894918
-11556.33298523,0.28952526,0.75368812,0.11932840
-13511.48915010,0.40416502,0.61667799,0.34170693
-13547.43692889,0.33264091,0.76801399,0.19594362
-13503.59451903,0.38607137,0.65706172,0.31010347
-13255.50067602,0.42838413,0.48493140,0.39332690
-13224.56511574,0.35930963,0.74936839,0.24558739
-12970.80293211,0.47050382,0.18437873,0.46605728
-13027.07639250,0.45653116,0.32317237,0.44229713
-13132.65677268,0.43257267,0.46919098,0.40018988
-12049.96451976,0.41100343,0.57839994,0.35768963
-11027.92746446,0.41777991,0.53359964,0.37371219
-10903.15844435,0.50025212,0.16049011,0.49708846
-11098.76284964,0.49133749,0.26632281,0.48241462
-10869.78414394,0.49818587,0.16169746,0.49496088
0.00000000,0.00000000,0.00000000,0.00000000
-7729.26996289,0.40311985,0.75067618,0.30573691
-7782.09387377,0.47570750,0.45169918,0.44866879
-7388.41917526,0.52856359,0.13274853,0.52651757
-6848.38489841,0.56471319,0.00080174,0.56471312
-6589.33732561,0.58707302,0.00054105,0.58707299
-6469.49381840,0.58769157,0.00053828,0.58769154
-6266.28452506,0.60667714,0.00055567,0.60667711
-6102.75267423,0.66912318,0.00061286,0.66912315
-6070.60382306,0.62867348,0.00057582,0.62867345
-5963.16630743,0.65394297,0.00606906,0.65393952
-5851.41080366,0.66413027,0.12923318,0.66258819
-5731.64906808,0.71436435,0.00065432,0.71436432
-5717.11826077,0.71457118,0.06817838,0.71417264
-5695.43730487,0.72605828,0.00066502,0.72605825
-5714.73900228,0.72157409,0.00066092,0.72157405
-5564.23406090,0.75932147,0.00069591,0.75932143
-5569.89677766,0.75805343,0.00070102,0.75805339
-5568.33098872,0.75912059,0.00069530,0.75912055
-5564.06498471,0.75795747,0.00069423,0.75795743
-5562.48645655,0.75756539,0.00069394,0.75756535
-5559.35252312,0.75677505,0.00069315,0.75677501
-5559.32650880,0.75945367,0.00069560,0.75945363
-5562.74441743,0.75955367,0.00069569,0.75955363
-5569.09838269,0.75943463,0.00069558,0.75943459
-5576.71375446,0.75695106,0.00069332,0.75695102
-5578.37868738,0.75813085,0.00069441,0.75813081
-5586.23606856,0.74886426,0.00069838,0.74886422
-5723.46538576,0.72482763,0.00066391,0.72482759
-5722.98259513,0.72402076,0.00066315,0.72402072
-5727.57633634,0.72372529,0.00066288,0.72372525
-5727.73817240,0.72088200,0.00066027,0.72088196
-5910.33875444,0.66744013,0.00061132,0.66744009
-6012.14934839,0.68776174,0.00062993,0.68776170
-6067.91173904,0.63050242,0.00057750,0.63050239
-6175.43688081,0.59720686,0.10474329,0.59608058
-6284.84932497,0.60247627,0.00055182,0.60247624
-6401.57357805,0.59502932,0.00054500,0.59502929
-6519.57749906,0.58650556,0.00054631,0.58650553
-6696.34288614,0.57520885,0.00052685,0.57520882
-6997.56329472,0.56088414,0.00051390,0.56088411
-7428.10167902,0.41620647,0.71000857,0.33387735
-8075.55944267,0.40207554,0.75761584,0.30224489
-8274.46444512,0.29782467,0.77151926,0.12562801
-8229.99234693,0.33508158,0.78404157,0.19229228
-11958.81403522,0.23263028,0.66283115,0.01723565
-11135.30266869,0.38024091,0.71363431,0.28670036
-11241.27776072,0.33500792,0.84019019,0.16048413
-13085.66391327,0.28650770,0.72730514,0.13148192
-13150.37271070,0.34437256,0.69808240,0.24268473
-12693.71652322,0.36704101,0.67554936,0.28073859
-13143.76029079,0.46080845,0.16372920,0.45723138
-13121.07004216,0.38388037,0.65417536,0.30812470
-12907.75921360,0.35967768,0.75887691,0.24253041
-12874.96572998,0.25785918,0.71220210,0.06599590
-13210.83506302,0.39295609,0.64771785,0.32096890
-12296.94646039,0.33324891,0.77992751,0.19115358
-11539.99810155,0.43174170,0.58295591,0.38048757
-11919.15091857,0.35286909,0.81242036,0.20895766
-11533.17927693,0.34434175,0.79309689,0.20376068
-11463.07346282,0.27865572,0.77115818,0.06928279
-9963.98773879,0.28638614,0.78873302,0.07622203
-10902.08852228,0.31688545,0.81205672,0.14012660
-9704.86754154,0.32523600,0.83035710,0.14599855
-8888.14303360,0.36270324,0.65713421,0.28045505
-7572.78483799,0.41094497,0.67896550,0.33526704
-7330.98491995,0.55539207,0.00050907,0.55539204
-6902.44217771,0.56550192,0.00051796,0.56550189
-6779.34561969,0.57902267,0.00053036,0.57902264
-6597.26049236,0.59335536,0.00054347,0.59335532
-6462.15253571,0.59194659,0.00781362,0.59194027
-6337.03905250,0.61311703,0.00056175,0.61311700
-6183.76525058,0.62457994,0.00057207,0.62457990
-5997.86145313,0.67876258,0.00062169,0.67876255
-5897.13367821,0.71624595,0.00065603,0.71624591
-5850.74532711,0.73019747,0.00066883,0.73019743
-5867.32882268,0.72879066,0.00066751,0.72879062
-5837.08810958,0.73689194,0.00067497,0.73689190
-5871.43281973,0.72752822,0.00066638,0.72752819
-5753.11875798,0.75798625,0.00084234,0.75798619
-5761.66148614,0.75808216,0.00069435,0.75808212
-5767.25853238,0.75710536,0.00069346,0.75710532
-5766.82767510,0.75860045,0.00069543,0.75860041
-5770.04592475,0.75911643,0.00069529,0.75911639
-5770.88155210,0.75692459,0.00069329,0.75692456
-5778.26620289,0.75833911,0.00069458,0.75833907
-5777.40984785,0.75895326,0.00069515,0.75895322
-5776.87597193,0.75803566,0.00069431,0.75803562
-5776.56692895,0.75773444,0.00069403,0.75773440
-5775.23216628,0.75760820,0.00088483,0.75760814
-5772.82392112,0.75609782,0.00069285,0.75609778
-5769.52745946,0.75809954,0.00069439,0.75809950
-5763.34189195,0.75854406,0.00069635,0.75854402
-5765.19356673,0.75887016,0.00069507,0.75887012
-5891.34459504,0.72314522,0.00066234,0.72314519
-5907.91325228,0.71602461,0.00065582,0.71602457
-5891.22396943,0.72299425,0.00066220,0.72299421
-5909.17266653,0.71842252,0.00065802,0.71842248
-5970.31661223,0.69475270,0.00117203,0.69475258
-6182.58691569,0.62682729,0.00057412,0.62682726
-6336.26825720,0.60503509,0.00055417,0.60503506
-6456.34027661,0.59211680,0.00054234,0.59211677
-6600.93083481,0.58749880,0.00053810,0.58749877
-6702.86209422,0.58638948,0.00053714,0.58638945
-6905.29186082,0.57517529,0.00052682,0.57517526
-7034.71567398,0.57802611,0.00064502,0.57802607
-7397.33620878,0.52797231,0.20785023,0.52293647
-7357.89505629,0.37881421,0.79286394,0.25786166
0.00000000,0.00000000,0.00000000,0.00000000
-10153.56154667,0.33762989,0.78121388,0.19807268
-9459.84275455,0.36014985,0.81436835,0.22015092
-10733.05928851,0.25464832,0.70395497,0.06434729
0.00000000,0.00000000,0.00000000,0.00000000
-11642.32684809,0.34004454,0.80758013,0.18904377
-11255.66632084,0.39035835,0.64819703,0.31766353
-11143.11655175,0.33270482,0.70882317,0.22168623
-10833.73592893,0.31939747,0.80153555,0.15268754
-2074850.30664823,0.69573837,0.00063724,0.69573833
-10512.96636672,0.30483011,0.81068230,0.11141672
-11695.22810912,0.38678876,0.65811271,0.31072381
-13762.23231470,0.19770754,0.56487868,0.00000000
0.00000000,0.00000000,0.00000000,0.00000000
-10836.62840045,0.37257330,0.79272016,0.24865885
-10588.71523631,0.27526339,0.75102517,0.08170179
-11474.67713409,0.25323518,0.70729900,0.05333622
-9936.70677544,0.34617927,0.73244078,0.23264258
-10032.56181419,0.33590667,0.76379540,0.20339328
-8365.22344268,0.32771302,0.85450301,0.13397514
-8364.61037762,0.35280979,0.85183878,0.18864029
-7847.45504719,0.44729362,0.53161706,0.40675673
-7253.51000108,0.51912682,0.23383241,0.51263501
-6835.57280902,0.57106266,0.00052305,0.57106263
-6680.21283901,0.56996363,0.00052227,0.56996361
-6480.42740980,0.59124651,0.00054153,0.59124648
-6364.99793793,0.60315243,0.00055244,0.60315240
-6276.11458242,0.60302961,0.00055233,0.60302958
-6189.82039704,0.61393963,0.00056232,0.61393959
-6076.90802605,0.63395266,0.10490908,0.63288842
-5997.30960259,0.67474220,0.00066639,0.67474215
-5981.32102584,0.67573472,0.00061892,0.67573469
-5855.47268531,0.70702972,0.00064758,0.70702969
-5783.93049455,0.72456739,0.00066366,0.72456735
-5781.05297766,0.72563928,0.00066464,0.72563925
-5797.02106531,0.72099154,0.00066037,0.72099150
-5666.49273527,0.75892412,0.00069512,0.75892408
-5660.49719976,0.75953484,0.00069567,0.75953480
-5663.00034183,0.75960094,0.00069574,0.75960090
-5677.38139276,0.74495996,0.00068234,0.74495993
-5655.32143700,0.75974223,0.00085772,0.75974217
-5658.37801459,0.75955025,0.00080360,0.75955020
-5653.68083380,0.75972723,0.00074884,0.75972718
-5660.41731981,0.75869430,0.00069505,0.75869426
-5664.53724722,0.75942625,0.00069560,0.75942622
-5664.09623082,0.75955927,0.00069570,0.75955923
-5662.41623974,0.75931991,0.00069548,0.75931987
-5674.46011249,0.75769801,0.00069399,0.75769797
-5675.56174607,0.75960714,0.00069575,0.75960710
-5820.12604958,0.72298408,0.00066220,0.72298404
-5952.64374351,0.67627686,0.00061942,0.67627682
-5981.61415240,0.67863495,0.00062159,0.67863491
-6042.23885422,0.66348434,0.00060771,0.66348431
-6019.35047011,0.66936690,0.00061309,0.66936687
-6023.92787013,0.62742691,0.38608988,0.61270222
-6153.88992952,0.58797982,0.30502190,0.57820677
-6243.97890518,0.61014054,0.00055884,0.61014050
-6306.99825696,0.63033149,0.00057733,0.63033146
-6439.28361885,0.59676714,0.00054659,0.59676711
-6559.77626982,0.58932589,0.00053977,0.58932586
-6835.20044880,0.56455891,0.09270898,0.56362566
-6947.89892087,0.56966619,0.00116978,0.56966604
-7198.01097800,0.56151011,0.00051658,0.56151008
-7573.57105288,0.43117419,0.62048928,0.37248869
-9744.49382352,0.21547517,0.61538207,0.00627695
-10421.72450530,0.26019082,0.73225492,0.04488983
0.00000000,0.00000000,0.00000000,0.00000000
-11412.36478441,0.25803993,0.71496496,0.06297366
-11359.71277643,0.43213290,0.55133276,0.38665590
-11243.91785915,0.39326860,0.68044043,0.31295813
-11062.62530974,0.32702692,0.77294737,0.18373695
-11226.52546685,0.30683992,0.71919830,0.17546531
-11827.81522709,0.30266633,0.75253948,0.14910815
-11283.20585804,0.34594177,0.72059143,0.23678543
-10899.04832944,0.37454413,0.68517253,0.28770521
-12101.66965464,0.28246053,0.76243468,0.09259528
-10215.52228749,0.34781356,0.80079790,0.20595584
-11597.02538065,0.29223423,0.76105479,0.12020111
-9798.09419589,0.27434464,0.77016214,0.05103079
-9695.37528388,0.33033008,0.79862471,0.17603206
-9804.63422180,0.37534389,0.69444472,0.28601920
-9499.99403343,0.39304323,0.66487115,0.31675134
-10266.76851757,0.26324195,0.74444829,0.03750236
-8126.84699321,0.40352492,0.77688149,0.29815787
-7460.94776790,0.46562948,0.62753178,0.41057373
-7215.45726070,0.56258853,0.00089504,0.56258844
-6997.41756550,0.57053467,0.00052256,0.57053464
-6773.89232970,0.58672444,0.00057119,0.58672440
-6682.20383940,0.58563930,0.00053640,0.58563927
-6581.44576143,0.59163504,0.00054189,0.59163500
-6444.58960343,0.60467741,0.00055383,0.60467738
-6349.45783264,0.60186683,0.00055128,0.60186680
-6194.34766902,0.63049846,0.00057748,0.63049842
-6015.05032412,0.70603355,0.00068445,0.70603351
-5997.12659829,0.71408259,0.00065406,0.71408255
-6090.88856822,0.65875069,0.26516707,0.65218023
-5978.91185419,0.72398466,0.00066314,0.72398462
-5968.04418686,0.70865301,0.00068866,0.70865297
-5852.38733270,0.75878760,0.00070986,0.75878756
-5853.35847547,0.75737805,0.00069370,0.75737801
-5856.34582858,0.75830976,0.00069455,0.75830972
-5860.40847151,0.75938643,0.00069554,0.75938639
-5862.68913404,0.75912242,0.00069530,0.75912238
-5866.46215727,0.75920860,0.00069539,0.75920857
-5868.92569393,0.75898136,0.00080119,0.75898131
-5875.27494083,0.75673864,0.00069312,0.75673860
-5876.33658353,0.75784767,0.00069414,0.75784763
-5873.74247039,0.75863410,0.00069486,0.75863406
-5869.90855541,0.75851256,0.00069474,0.75851252
-5868.29424189,0.75797660,0.00069425,0.75797656
-5866.38751757,0.75887507,0.00069562,0.75887504
-5864.94084047,0.76017752,0.00069627,0.76017748
-5860.71291682,0.76113316,0.00074671,0.76113311
-5865.06918408,0.75733195,0.00069367,0.75733191
-5997.61580325,0.72247967,0.00066174,0.72247963
-5993.56907213,0.72236906,0.00066163,0.72236903
-5979.38780768,0.72596436,0.00066492,0.72596432
-5991.65252710,0.72051122,0.00065995,0.72051118
-5965.81189432,0.72543331,0.04897155,0.72523080
-6105.49395621,0.66936715,0.15699398,0.66710802
-6309.48670798,0.61168680,0.00056027,0.61168677
-6443.41848789,0.60886610,0.00055767,0.60886607
-6542.01453561,0.60375607,0.00055299,0.60375604
-6607.47201096,0.59758367,0.00054734,0.59758364
-6772.60249802,0.57814972,0.00052954,0.57814969
-6921.10709960,0.57803545,0.00052945,0.57803542
-7100.82085423,0.57209079,0.00251965,0.57209011
-7251.23203781,0.56824246,0.01280420,0.56822479
-8264.84918903,0.40418937,0.57870543,0.34977679
-8985.06097513,0.38965459,0.71556931,0.29850606
-9055.65645531,0.32616146,0.75436500,0.19149580
-8990.17612815,0.32000588,0.78898805,0.16170111
-9939.73191068,0.23996786,0.68057663,0.02905968
0.00000000,0.00000000,0.00000000,0.00000000
-11323.68230633,0.29714997,0.78646319,0.11193244
-11399.72667196,0.28284181,0.73924320,0.11426123
0.00000000,0.00000000,0.00000000,0.00000000
0.00000000,0.00000000,0.00000000,0.00000000
-11914.17203034,0.32860589,0.68804703,0.22358279
-11123.18257741,0.42728893,0.50828381,0.38849409
-11156.56653742,0.36366381,0.77363447,0.24276297
-10299.39246562,0.35387071,0.70554901,0.25346411
-10481.21251767,0.31162791,0.73720227,0.17474903
-9932.67225649,0.18658317,0.53309476,0.00000008
-8007.37178754,0.32579582,0.84606887,0.13584341
-8007.22912331,0.31683297,0.79839713,0.14932172
-7610.60865595,0.45079512,0.59824161,0.39921717
-7437.13825194,0.49580441,0.45630449,0.46937812
-7474.38036305,0.53506745,0.13396471,0.53300913
-7044.77788359,0.56902016,0.00055280,0.56902012
-6850.89253491,0.57190618,0.05531042,0.57157845
-6673.00010973,0.58841073,0.00053894,0.58841070
-6522.82705482,0.60018081,0.00054972,0.60018078
-6432.41883421,0.61372359,0.00056212,0.61372356
-6357.16289008,0.61059321,0.00055925,0.61059318
-6257.34023347,0.61615052,0.00056435,0.61615049
-6185.16260139,0.63787335,0.00085878,0.63787328
-6123.05702436,0.65699240,0.04604386,0.65679472
-6110.28490486,0.67512958,0.00061836,0.67512955
-5965.05962040,0.69289231,0.18841096,0.68974718
-5918.34697858,0.72204253,0.00066134,0.72204249
-5917.56828368,0.72147577,0.00066082,0.72147573
-5775.25634219,0.75297143,0.00068966,0.75297139
-5770.63987062,0.75773648,0.00069403,0.75773645
-5771.20571528,0.75622136,0.00069265,0.75622132
-5768.62110996,0.75659673,0.00069298,0.75659669
-5764.58668222,0.75776347,0.00069406,0.75776343
-5764.25836955,0.75765122,0.00069396,0.75765118
-5759.99280244,0.75953577,0.00076196,0.75953572
-5763.25195608,0.75792284,0.00090109,0.75792277
-5760.57702442,0.75884667,0.00072105,0.75884663
-5765.56651602,0.75803623,0.00069431,0.75803620
-5811.32125439,0.74426714,0.00068170,0.74426710
-5773.13033149,0.75611653,0.00069255,0.75611649
-5777.87126206,0.75734010,0.00069367,0.75734006
-5778.88593850,0.76047190,0.00069654,0.76047186
-5782.88914438,0.75905485,0.00069525,0.75905481
-5794.64136683,0.74711489,0.00068430,0.74711485
-5895.39760356,0.72990654,0.00066854,0.72990650
-5915.64987579,0.72571525,0.00066470,0.72571522
-5958.58044350,0.71147387,0.00065166,0.71147383
-5985.33096616,0.70631466,0.00064693,0.70631462
-6067.87190419,0.68593519,0.00062826,0.68593516
-6131.06759336,0.66621212,0.00061020,0.66621208
-6240.03355140,0.59067058,0.37757456,0.57569768
-6321.17010626,0.61711991,0.00056523,0.61711987
-6395.52384510,0.60729397,0.00055623,0.60729393
-6489.90582178,0.59998204,0.00126002,0.59998188
-6605.11740630,0.59672548,0.00054655,0.59672545
-6705.87701257,0.58641239,0.00053711,0.58641236
-6838.33981371,0.58068158,0.00053186,0.58068155
-7109.69349436,0.56439983,0.00051696,0.56439980
-7310.54396527,0.50717069,0.46398930,0.48046807
-7438.84885639,0.54819103,0.00066309,0.54819098
-7607.19552456,0.52803667,0.32779602,0.51542223
-8092.50057622,0.39839763,0.81363394,0.27861380
-7952.34914618,0.31662635,0.83223211,0.12412688
-10578.46588160,0.51162025,0.00099849,0.51162013
-10526.28299810,0.47974907,0.39310556,0.45959657
-11462.44502774,0.34404074,0.71628652,0.23561282
-14837.95935364,0.19196632,0.54847519,0.00000000
-12796.96388532,0.31822937,0.69301751,0.20600111
-8973.69173900,0.37474059,0.79763027,0.24998858
-9716.56274256,0.34184245,0.75122928,0.21845812
-11427.27514758,0.29668138,0.75472706,0.13506389
-11027.02869449,0.32643455,0.72989211,0.20322047
-11111.99264366,0.22167887,0.62887006,0.02637275
-8194.02577744,0.34714030,0.83767888,0.18586934
-9185.63828366,0.40252316,0.72528444,0.31238646
-8999.50944561,0.45890336,0.47919337,0.42715697
-7321.34314781,0.32658927,0.86568728,0.12189044
-7406.84470896,0.55125386,0.04691249,0.55100928
-7191.21282759,0.56915152,0.00052130,0.56915150
-7017.27414152,0.56831832,0.03207134,0.56820745
-6874.97858342,0.57085135,0.00052285,0.57085132
-6701.02427421,0.58013003,0.00053135,0.58013000
-6635.05240261,0.59604596,0.00054593,0.59604593
-6526.03025060,0.60381208,0.00055305,0.60381205
-6448.18499430,0.60424463,0.00117764,0.60424449
-6323.81014915,0.63436174,0.00058105,0.63436170
-6204.97030830,0.63200156,0.42157001,0.61453651
-6063.88213271,0.71680223,0.06350242,0.71645756
-6027.27256176,0.73312280,0.00067148,0.73312276
-6024.10290064,0.73739937,0.00067540,0.73739933
-6088.75397372,0.70153274,0.00064255,0.70153270
-6106.56454546,0.71296010,0.00065302,0.71296006
-5946.19384482,0.75921498,0.00069538,0.75921494
-5948.40207290,0.75963217,0.00069577,0.75963213
-5948.70607230,0.75831731,0.00069456,0.75831727
-5952.80711333,0.76008899,0.00069949,0.76008895
-5958.08572562,0.75949214,0.00069564,0.75949210
-5963.17514093,0.75877198,0.00071586,0.75877194
-5964.36791748,0.75897925,0.00069517,0.75897921
-5971.49825563,0.75733537,0.00069366,0.75733533
-5975.29513209,0.75863015,0.00069486,0.75863011
-5969.88885725,0.75843165,0.00069467,0.75843161
-5967.12752205,0.75858641,0.00069481,0.75858637
-5965.75001087,0.75825604,0.00069450,0.75825600
-5963.91699939,0.75900772,0.00069521,0.75900768
-5960.78743063,0.75892778,0.00069515,0.75892774
-5965.33749886,0.75711266,0.00069346,0.75711262
-5978.20031774,0.73652515,0.00067461,0.73652512
-5957.22591552,0.75787193,0.00069416,0.75787189
-6047.17922497,0.72934383,0.00066804,0.72934380
-6049.97966222,0.73396743,0.00067226,0.73396739
-6032.79883033,0.73735328,0.00067537,0.73735324
-6126.75555709,0.70325699,0.00064417,0.70325695
-6098.92579556,0.71374981,0.00065943,0.71374977
-6215.32426346,0.63793277,0.43235336,0.61972524
-6394.87443945,0.61866606,0.00056666,0.61866603
-6497.93176969,0.61126187,0.00055986,0.61126184
-6560.34428549,0.60032546,0.00054985,0.60032543
-6679.68254195,0.57945892,0.03887856,0.57929912
-6764.53195271,0.57925035,0.00053055,0.57925032
-6865.15355973,0.57597192,0.00052754,0.57597189
-7047.79500684,0.57568312,0.04576092,0.57546027
-7189.98730491,0.57122283,0.00052321,0.57122280
-7245.01674896,0.56830778,0.00052247,0.56830775
-9283.64068814,0.27665851,0.73525766,0.10156752
-8561.20813967,0.32433300,0.78618736,0.17168518
-8692.95451748,0.31673278,0.83818173,0.11940457
-7737.85352652,0.32997101,0.81905952,0.16340349
-8480.75538152,0.32722048,0.83096348,0.14995651
-8398.87991238,0.32025443,0.84916019,0.11929566
-8111.91252183,0.32741311,0.86074811,0.12822110
-10976.04533558,0.21331478,0.60947081,0.00000000
-8838.71622182,0.45795011,0.52206894,0.41991690
-9671.39663568,0.24007382,0.68446789,0.01564110
-7926.86809140,0.30078549,0.81184943,0.09865203
-10946.91661481,0.47904640,0.06337954,0.47853252
-7761.01270634,0.37734086,0.80394220,0.25141908
-7708.52028478,0.32977352,0.83856113,0.15036768
-7947.49209430,0.41082530,0.82806417,0.29117069
-7556.04625073,0.49866962,0.36806615,0.48174265
-7229.72909958,0.56203842,0.00145729,0.56203819
-7081.25197517,0.56587804,0.00051830,0.56587801
-6872.84045089,0.58403663,0.00145087,0.58403641
-6761.03876860,0.58835308,0.00053888,0.58835305
-6649.24873045,0.59554021,0.00054546,0.59554017
-6574.43024416,0.60146049,0.00055089,0.60146046
-6466.19437984,0.60108559,0.00067369,0.60108555
-6387.28535573,0.61804839,0.00056609,0.61804836
-6314.23935949,0.62147066,0.00056922,0.62147063
-6286.69115406,0.57988167,0.51496094,0.55116025
-6343.56599977,0.58941991,0.23333758,0.58373465
-6053.48750038,0.68690405,0.22032877,0.68256168
-5994.08201919,0.72428495,0.00066339,0.72428491
-6029.49612343,0.71358476,0.00065359,0.71358472
-6023.01164660,0.71525207,0.00667366,0.71524826
-5963.31022735,0.73497158,0.00067320,0.73497154
-6007.32735303,0.72347231,0.00066264,0.72347227
-5861.55427760,0.75760576,0.00069391,0.75760572
-5863.55670319,0.75795741,0.00069424,0.75795737
-5858.38961545,0.75805032,0.00069433,0.75805028
-5857.22860027,0.75756525,0.00069387,0.75756521
-5855.18689267,0.75990159,0.00069603,0.75990155
-5857.60073629,0.75833046,0.00069457,0.75833042
-5854.75874694,0.76041900,0.00069650,0.76041896
-5854.36301629,0.75669170,0.00069307,0.75669166
-5857.68455776,0.75936218,0.00069552,0.75936214
-5860.95911322,0.75983132,0.00069595,0.75983128
-5867.56558326,0.75714260,0.00069348,0.75714256
-5866.57810705,0.75739980,0.00069373,0.75739976
-5871.61799259,0.75874957,0.00073723,0.75874952
-5874.74963542,0.75823620,0.00069449,0.75823616
-5874.85295935,0.75355139,0.00069020,0.75355135
-6014.25306015,0.72369489,0.00066285,0.72369486
-6195.57579173,0.66021527,0.00060471,0.66021523
-6436.63621065,0.60036130,0.00054990,0.60036127
-6258.49634465,0.62713574,0.32141839,0.61696336
-6053.19528776,0.71495285,0.00065498,0.71495282
-6073.17689654,0.70836235,0.00064880,0.70836231
-6153.21656067,0.63622727,0.47115087,0.61448532
-6208.68936892,0.66336176,0.00972067,0.66335304
-6320.52267100,0.63813834,0.00058456,0.63813831
-6413.72914976,0.61783828,0.00056589,0.61783825
-6509.73721899,0.61101484,0.00055964,0.61101481
-6586.99364584,0.60121468,0.00055068,0.60121465
-6686.87588888,0.60076198,0.00055025,0.60076195
-6770.42634699,0.59364391,0.00054373,0.59364387
-6902.17121753,0.57168017,0.00052361,0.57168014
-6999.41099473,0.58184973,0.00053293,0.58184970
-7209.97338068,0.56424267,0.00064704,0.56424262
-7431.83862642,0.51276141,0.39413953,0.49385664
-7497.33669086,0.49708887,0.54370062,0.45922225
-7697.06292712,0.50112669,0.41640116,0.47946605
-8121.41961368,0.39344493,0.82625861,0.26677287
-8029.39357048,0.45428097,0.66687027,0.38973516
-8174.67971227,0.38848605,0.77455174,0.27826235
-14532.88615907,0.16545502,0.47272863,0.00000001
-8173.69669551,0.49576807,0.41209625,0.47432333
-8117.18472074,0.41513785,0.79557002,0.30790471
-7832.55073429,0.31485234,0.83470132,0.11740114
-7749.76374600,0.44796102,0.56146379,0.40255681
-7764.53003025,0.52016496,0.21207135,0.51484196
-7748.73401341,0.45593813,0.62643829,0.39975933
-7379.34992995,0.55191139,0.00089314,0.55191131
-7140.38092268,0.56767352,0.00061436,0.56767348
-7234.87430096,0.55919020,0.00051218,0.55919017
-7034.05025173,0.55675674,0.11892023,0.55519877
-6971.75794795,0.57282620,0.00052467,0.57282617
-6868.84824936,0.57603650,0.00117270,0.57603635
-6752.14086645,0.58335163,0.00053430,0.58335160
-6638.51766184,0.59491723,0.00054490,0.59491720
-6582.84683223,0.60342664,0.00055269,0.60342661
-6489.05487089,0.64542546,0.00059116,0.64542543
-6427.10211768,0.67554137,0.00082977,0.67554131
-6349.51190663,0.66391447,0.00060809,0.66391444
-6217.46765828,0.70313687,0.00064403,0.70313683
-6324.71844878,0.67701995,0.00062010,0.67701992
-6157.28603232,0.72667037,0.00066557,0.72667034
-6172.96218578,0.72306293,0.00066227,0.72306289
-6175.56276328,0.70499998,0.00064572,0.70499994
-6047.17736271,0.75930537,0.00069546,0.75930533
-6053.23526957,0.75592078,0.00069236,0.75592074
-6057.36101977,0.75824359,0.00069458,0.75824355
-6060.54943808,0.75877466,0.00069500,0.75877462
-6065.38499129,0.75571092,0.00069217,0.75571088
-6065.31298067,0.75883722,0.00069504,0.75883718
-6068.75888275,0.75651856,0.00069292,0.75651853
-6069.78004633,0.75648131,0.00069289,0.75648127
-6079.80221842,0.75691147,0.00069327,0.75691143
-6070.25390778,0.75935294,0.00069551,0.75935291
-6071.98222496,0.75938334,0.00070467,0.75938330
-6073.36695104,0.75551326,0.00069201,0.75551322
-6070.19305441,0.75790362,0.00069419,0.75790358
-6067.50316835,0.75737949,0.00069371,0.75737945
-6066.55436730,0.75772703,0.00069404,0.75772699
-6064.13851104,0.75873198,0.00069495,0.75873195
-6061.03105819,0.75792565,0.00069421,0.75792561
-6060.89572940,0.75827782,0.00069453,0.75827778
-6237.98757064,0.70196505,0.00943630,0.70195728
-6066.94473158,0.75941468,0.00069557,0.75941464
-6080.09636678,0.74551784,0.00068288,0.74551780
-6181.19558471,0.72293687,0.00066215,0.72293684
-6205.04277134,0.71560442,0.00065544,0.71560438
-6376.23699703,0.63589404,0.23786421,0.63042070
-6482.02608318,0.64059958,0.00292371,0.64059876
-6463.74327740,0.62552782,0.20442412,0.62142247
-6549.04493164,0.54088329,0.71333245,0.47981396
-6617.95541722,0.59778143,0.00054752,0.59778140
-6692.15171515,0.59835463,0.00054804,0.59835460
-6775.89906396,0.58392564,0.00053483,0.58392561
-6897.64782299,0.58047799,0.00053167,0.58047796
-6950.96041644,0.56375566,0.17610490,0.56037609
-7072.74555780,0.56976552,0.00052186,0.56976549
-7214.12109560,0.55736308,0.00114230,0.55736294
-7264.90209641,0.56227436,0.00057347,0.56227433
-7426.45666896,0.55437222,0.00050776,0.55437219
-7382.34363964,0.55243848,0.04625673,0.55220120
-7658.11319217,0.51777230,0.21922158,0.51205569
-7752.89635122,0.52125179,0.22207816,0.51542399
-7610.01961176,0.49430054,0.49519849,0.46291834
-7957.30925013,0.42217544,0.77775126,0.32269523
-7839.86477915,0.53891117,0.13577173,0.53681197
-7832.43403593,0.48768474,0.51184125,0.45358976
-7602.21035894,0.49583524,0.57464415,0.45321202
-7425.90091923,0.56663358,0.00149274,0.56663334
-7488.96102788,0.52081862,0.28412967,0.51123640
-7177.03975411,0.56952017,0.00052173,0.56952014
-7167.52638394,0.56377070,0.00051637,0.56377067
-7030.19727088,0.57561632,0.00052722,0.57561629
-6926.82515523,0.58404898,0.00053494,0.58404895
-6790.92252061,0.56847161,0.14324667,0.56625641
-6700.11920177,0.60129944,0.00055074,0.60129941
-6595.17896583,0.61706752,0.14889970,0.61486288
-6571.57884344,0.61579283,0.00056402,0.61579280
-6483.88225626,0.61881809,0.00056679,0.61881806
-6425.23279053,0.62521935,0.00057265,0.62521932
-6299.01719925,0.65478700,0.00060031,0.65478696
-6170.96274390,0.69445431,0.12176789,0.69314532
-6193.45225437,0.68875341,0.06430761,0.68838555
-6122.67559216,0.72232352,0.00066160,0.72232349
-6102.39692981,0.72368113,0.00066283,0.72368110
-6117.30677992,0.72051506,0.00065994,0.72051503
-6071.89350366,0.73208474,0.00067055,0.73208470
-6118.24623258,0.72148621,0.00066082,0.72148617
-5976.65496241,0.75838072,0.00069462,0.75838068
-5974.56794808,0.75722272,0.00069358,0.75722268
-5970.14911380,0.75801262,0.00069430,0.75801258
-5966.84115027,0.75954136,0.00069569,0.75954132
-5968.90769607,0.76133273,0.00069732,0.76133269
-5962.40433280,0.76024137,0.00069668,0.76024133
-5962.85306437,0.75939433,0.00069555,0.75939429
-5962.39745408,0.75760762,0.00069393,0.75760758
-5965.21314685,0.75785156,0.00069415,0.75785152
-5966.43315196,0.75822892,0.00069448,0.75822888
-5969.05832521,0.75690876,0.00069328,0.75690872
-5971.68606114,0.75760533,0.00069391,0.75760529
-5971.87271583,0.75880792,0.00069501,0.75880788
-5977.66391688,0.75758549,0.00069389,0.75758545
-5976.93845005,0.75873067,0.00069495,0.75873063
-5980.56512054,0.76024124,0.00069633,0.76024120
-5984.31158558,0.75814507,0.00069442,0.75814503
-5984.99091007,0.75952508,0.00069566,0.75952504
-6110.13327117,0.72425133,0.00066336,0.72425129
-6093.51277241,0.73060081,0.00066917,0.73060078
-6092.81652279,0.73206334,0.00067052,0.73206330
-6126.86753656,0.72444036,0.00066355,0.72444033
-6254.54354859,0.67964361,0.00062250,0.67964358
-6148.16900647,0.72087282,0.00066026,0.72087278
-6160.57762756,0.71670757,0.00065645,0.71670754
-6243.19083225,0.68558066,0.00062794,0.68558062
-6361.14163561,0.65131995,0.00060720,0.65131992
-6431.73718724,0.63199439,0.00057885,0.63199436
-6501.05903274,0.62703758,0.00057431,0.62703755
-6541.64673790,0.61210464,0.00056064,0.61210460
-6645.26859806,0.60293502,0.00056891,0.60293498
-6709.53964207,0.59481622,0.00054480,0.59481619
-6754.28283736,0.59639145,0.00054942,0.59639142
-6899.45460300,0.58907811,0.00053955,0.58907807
-6948.49653270,0.58875633,0.00053926,0.58875630
-7060.64399200,0.57483538,0.00078392,0.57483532
-7250.72943587,0.54401106,0.16126030,0.54107526
-7213.89747726,0.57121357,0.00052319,0.57121354
-7327.32775032,0.56420344,0.03147535,0.56409587
-7449.80317482,0.52773397,0.34915587,0.51338990
-7617.62792028,0.44744504,0.75367020,0.36142048
-7538.14993265,0.54895739,0.00285559,0.54895648
-7490.11997124,0.55157008,0.00051477,0.55157005
-7443.82705979,0.55296603,0.00050647,0.55296600
-7377.72476242,0.56071694,0.00051357,0.56071691
-7237.55132946,0.56214601,0.00051500,0.56214598
-7186.29624655,0.56917303,0.00052132,0.56917300
-7162.09794285,0.56496784,0.02537994,0.56489801
-7074.49217517,0.57296350,0.00052653,0.57296347
-7019.09617080,0.58037498,0.00070926,0.58037492
-6944.99418065,0.57377335,0.03711187,0.57362631
-6838.56789990,0.59102230,0.00054133,0.59102227
-6721.80475069,0.60133367,0.00055077,0.60133364
-6689.44253013,0.59981208,0.00054938,0.59981205
-6599.64080364,0.60945850,0.00055821,0.60945847
-6502.15974084,0.63927903,0.00069015,0.63927898
-6446.69756537,0.60842708,0.44636454,0.58802759
-6362.77489672,0.66532975,0.22991139,0.66044562
-6378.69238777,0.68901137,0.00063108,0.68901134
-6288.43662907,0.69415217,0.11140912,0.69305611
-6243.55378268,0.72160805,0.00066093,0.72160801
-6261.31562819,0.71694003,0.00065666,0.71694000
-6116.31961248,0.75940416,0.00069556,0.75940412
-6115.18151907,0.75866959,0.00069529,0.75866955
-6223.97375823,0.72326798,0.00066246,0.72326794
-6130.65496259,0.75971542,0.00069586,0.75971538
-6128.36460956,0.75855519,0.00069480,0.75855515
-6136.23880106,0.75896244,0.00069516,0.75896240
-6147.03679288,0.75664065,0.00069305,0.75664062
-6142.28182452,0.75852697,0.00069477,0.75852693
-6147.27734287,0.75832195,0.00069456,0.75832191
-6149.77662731,0.75709088,0.00069344,0.75709084
-6153.52534313,0.75842559,0.00076750,0.75842554
-6155.43568338,0.75873110,0.00069494,0.75873106
-6154.31319073,0.75760688,0.00069391,0.75760684
-6147.58160377,0.75768524,0.00069399,0.75768520
-6147.32175320,0.75778330,0.00077921,0.75778325
-6142.49469155,0.75834633,0.00069458,0.75834629
-6145.88187377,0.75697904,0.00069336,0.75697900
-6139.47464179,0.75805978,0.00069432,0.75805975
-6140.75374434,0.75817753,0.00069443,0.75817749
-6139.78984780,0.75907866,0.00069526,0.75907862
-6135.42897629,0.75741835,0.00069375,0.75741831
-6131.70782518,0.75903737,0.00069522,0.75903733
-6255.63390791,0.72282967,0.00066206,0.72282964
-6246.69843826,0.72421066,0.00066334,0.72421062
-6259.30475715,0.71959763,0.00067244,0.71959759
-6266.82243009,0.72095387,0.00066034,0.72095383
-6358.71581359,0.64596783,0.47891039,0.62384167
-6534.58814943,0.63099845,0.00065521,0.63099841
-6474.89860173,0.62430004,0.35343610,0.61192173
-6454.29227922,0.65884065,0.03883992,0.65870039
-6567.22869814,0.65981693,0.00060434,0.65981690
-6710.07774816,0.60548379,0.00055457,0.60548376
-6794.15067342,0.60116394,0.00055062,0.60116391
-6816.47325063,0.59890627,0.00054855,0.59890624
-6927.41522987,0.57132190,0.14059717,0.56919872
-6985.05795163,0.58896033,0.00053944,0.58896030
-7044.34098241,0.58175293,0.00053294,0.58175290
-7100.99438917,0.58260955,0.00053362,0.58260952
-7148.41583560,0.57374103,0.00052550,0.57374100
-7230.65908644,0.57297727,0.00052480,0.57297724
-7252.39541714,0.57186500,0.00053032,0.57186497
-7442.20750967,0.55655328,0.00082953,0.55655320
-7222.82578304,0.57294439,0.00127606,0.57294421
-7273.93271082,0.56078220,0.00051364,0.56078217
-7234.10017365,0.57252857,0.00052440,0.57252854
-7176.70507806,0.57449544,0.02879070,0.57440706
-7107.62241702,0.58100951,0.00053216,0.58100948
-7054.45446160,0.57956200,0.00184977,0.57956164
-6944.06431544,0.58864584,0.00053915,0.58864581
-6865.13590363,0.59630015,0.00054616,0.59630012
-6790.25700552,0.59852552,0.00054821,0.59852549
-6722.49102023,0.59529957,0.00054526,0.59529954
-6626.69609019,0.61111543,0.00055973,0.61111540
-6577.85399652,0.61427867,0.00056263,0.61427864
-6519.06725818,0.62367694,0.03674194,0.62354435
-6478.01145742,0.64066617,0.00058680,0.64066613
-6397.62261301,0.65427587,0.00059926,0.65427583
-6302.41121808,0.68645491,0.00062875,0.68645487
-6254.75282190,0.70006374,0.00064120,0.70006370
-6303.08582204,0.68210840,0.00076470,0.68210835
-6320.74992463,0.69502144,0.00063658,0.69502141
-6201.52327671,0.72088690,0.00066028,0.72088686
-6161.54521698,0.72643098,0.00066536,0.72643094
-6182.19034220,0.71991267,0.00065938,0.71991263
-6065.84461327,0.75116186,0.00068801,0.75116183
-6208.25127341,0.70692476,0.00064748,0.70692472
-6056.69723267,0.75706023,0.00096676,0.75706015
-6055.37898024,0.75639465,0.00069282,0.75639461
-6055.08120082,0.75599363,0.00069244,0.75599359
-6049.59229808,0.75719849,0.00069356,0.75719845
-6049.71419184,0.75604051,0.00069248,0.75604047
-6050.98008860,0.75634197,0.00069278,0.75634193
-6046.68489179,0.75632698,0.00088172,0.75632692
-6046.48659946,0.75813371,0.00069439,0.75813367
-6040.48146618,0.75689589,0.00069326,0.75689585
-6040.21238068,0.75772063,0.00069402,0.75772059
-6050.50148751,0.75568091,0.00069215,0.75568087
-6054.78243540,0.75797871,0.00069432,0.75797867
-6054.98728671,0.75979812,0.00076702,0.75979808
-6063.56589167,0.75426010,0.00069084,0.75426006
-6061.75300832,0.75917579,0.00074112,0.75917575
-6066.33668363,0.75547275,0.00069198,0.75547271
-6071.37020149,0.75676180,0.00069318,0.75676176
-6075.71389782,0.75668230,0.00069309,0.75668226
-6081.00346028,0.74834490,0.00068543,0.74834486
-6079.93676122,0.75767787,0.00069398,0.75767783
-6080.73588000,0.75997946,0.00069609,0.75997942
-6087.15288842,0.75936630,0.00069553,0.75936626
-6253.67015422,0.70662659,0.00064723,0.70662655
-6363.08448462,0.70022381,0.00064135,0.70022377
-6347.82317630,0.63071614,0.54987260,0.60063614
-6351.15784340,0.65793743,0.26350728,0.65144128
-6302.73552626,0.69857180,0.00068128,0.69857176
-6314.33417877,0.69085353,0.11136806,0.68975303
-6337.13392749,0.66686379,0.32765056,0.65692948
-6441.83749355,0.65283465,0.00064660,0.65283461
-6423.47350163,0.62336573,0.49971818,0.59832629
-6518.04879202,0.60813392,0.28530161,0.59987977
-6566.91174914,0.57612876,0.54286142,0.54389685
-6674.02057822,0.60601746,0.00055506,0.60601743
-6778.88001055,0.60251194,0.00055185,0.60251191
-6870.92531661,0.55031610,0.38005734,0.53399763
-6894.58409309,0.59162309,0.00054189,0.59162306
-6939.03576134,0.58939938,0.00053991,0.58939935
-6986.01415629,0.58744624,0.00053805,0.58744621
-6978.48643691,0.59522557,0.00054518,0.59522554
-7077.68862360,0.58931130,0.00057493,0.58931127
-7133.75026047,0.57500795,0.00052666,0.57500792
-7116.66169084,0.57734734,0.00197510,0.57734693
-7093.99150135,0.57377091,0.02884886,0.57368206
-7103.24556699,0.58047763,0.00053167,0.58047760
-7040.84898344,0.58986309,0.00054027,0.58986306
-6993.93968146,0.58469115,0.00053594,0.58469112
-6963.34138141,0.59373059,0.00054381,0.59373056
-6926.96377846,0.59069661,0.00054103,0.59069658
-6859.84118680,0.60320712,0.00055251,0.60320709
-6817.02321974,0.59928825,0.00054890,0.59928822
-6782.67995325,0.60770459,0.00055686,0.60770456
-6731.42940814,0.62056947,0.00056839,0.62056944
-6589.05847754,0.63519009,0.00058180,0.63519006
-6441.28867541,0.65609857,0.30363541,0.64743456
-6346.70359905,0.72198790,0.00068284,0.72198786
-6448.65413979,0.67516800,0.17856297,0.67226925
-6562.09938883,0.66620758,0.03831633,0.66607259
-6738.35282539,0.58024235,0.30596665,0.57027473
-6381.61992335,0.71447786,0.00065442,0.71447783
-6347.79356916,0.72747268,0.00066635,0.72747265
-6374.34714064,0.71819022,0.00069773,0.71819018
-6238.42758973,0.75774937,0.00069404,0.75774933
-6243.57677863,0.75712793,0.00069349,0.75712789
-6244.23317685,0.75716658,0.00069352,0.75716654
-6245.21161603,0.75823106,0.00069448,0.75823103
-6251.20836119,0.75794570,0.00069423,0.75794566
-6253.44161392,0.75958213,0.00069573,0.75958209
-6256.29863205,0.76059261,0.00069665,0.76059257
-6255.00477697,0.76023198,0.00069633,0.76023194
-6261.06359042,0.76033287,0.00071773,0.76033283
-6266.89094937,0.75773360,0.00069403,0.75773356
-6272.95420076,0.75689236,0.00069325,0.75689232
-6266.90538720,0.75682351,0.00069319,0.75682347
-6271.35713852,0.75748641,0.00069381,0.75748637
-6276.44190639,0.75696383,0.00069333,0.75696379
-6271.30892698,0.75715697,0.00069350,0.75715693
-6264.70050421,0.75810191,0.00069439,0.75810187
-6261.32316690,0.75876215,0.00069497,0.75876211
-6262.10770182,0.75759202,0.00069390,0.75759198
-6258.60501498,0.75781160,0.00069411,0.75781156
-6259.98889256,0.75697428,0.00069336,0.75697425
-6255.24650706,0.75691269,0.00070937,0.75691265
-6375.63700489,0.68494266,0.31040528,0.67627169
-6250.88781751,0.75885167,0.00069507,0.75885163
-6247.90191998,0.75982091,0.00071187,0.75982087
-6360.23586056,0.72635216,0.00066528,0.72635212
-6347.33300755,0.73107446,0.00066961,0.73107442
-6325.57144012,0.73726828,0.00067528,0.73726824
-6317.73372463,0.74029693,0.00067808,0.74029689
-6323.83511578,0.73810423,0.00067606,0.73810420
-6441.18137398,0.69465207,0.00063625,0.69465204
-6566.50783255,0.65149140,0.00059672,0.65149137
-6742.97246503,0.63227336,0.03268952,0.63216983
-6740.58361288,0.64041813,0.00058658,0.64041809
-6760.77016669,0.61849214,0.00056650,0.61849211
-6800.97162687,0.61609316,0.00056429,0.61609313
-6856.48682953,0.60765708,0.00055656,0.60765705
-6867.71188989,0.60007484,0.00114315,0.60007471
-6899.41005009,0.59486489,0.00132436,0.59486471
-6976.87724723,0.58555979,0.00053635,0.58555976
-7186.44195054,0.57510393,0.00052675,0.57510390
-6958.38158536,0.59514114,0.00054511,0.59514111
-6986.44899436,0.58599046,0.00053673,0.58599043
-7010.96942072,0.58402023,0.00053495,0.58402020
-6963.02052439,0.59425509,0.00054506,0.59425505
-6936.29698022,0.59678662,0.00054661,0.59678659
-6919.09944083,0.59835829,0.00054805,0.59835826
-6858.26652835,0.59497091,0.14314708,0.59285768
-6752.47304429,0.61086812,0.00055951,0.61086809
-6751.89409356,0.60390851,0.00055313,0.60390848
-6694.65568602,0.61511790,0.01802263,0.61508556
-6551.16834476,0.59158004,0.49875354,0.56523840
-6521.52485330,0.64725364,0.00059284,0.64725361
-6474.82696593,0.63010646,0.36249299,0.61720135
-6430.62790287,0.68109949,0.00095771,0.68109941
-6397.84763280,0.69322171,0.00063494,0.69322168
-6321.02154711,0.72070977,0.00076986,0.72070972
-6359.75225275,0.71046262,0.00065074,0.71046259
-6523.46002336,0.67289461,0.00061632,0.67289457
-6461.89274076,0.67245730,0.00061592,0.67245727
-6502.44617274,0.68228037,0.00062520,0.68228033
-6596.12236583,0.65854753,0.00121576,0.65854739
-6362.81231453,0.70562293,0.00064631,0.70562290
-6170.76787587,0.75775633,0.00069405,0.75775629
-6166.72185352,0.75812884,0.00069440,0.75812880
-6170.15319582,0.75751729,0.00069385,0.75751726
-6163.26355984,0.75937119,0.00069553,0.75937115
-6163.45007689,0.75856213,0.00069478,0.75856209
-6166.14451578,0.75663644,0.00069303,0.75663640
-6160.24216636,0.75815922,0.00069570,0.75815919
-6157.32194235,0.75764592,0.00069395,0.75764588
-6163.49209089,0.75688043,0.00069326,0.75688039
-6157.16527601,0.75776254,0.00069406,0.75776251
-6153.86513586,0.75778770,0.00069407,0.75778766
-6151.25464945,0.75746149,0.00069378,0.75746146
-6150.94907834,0.75867507,0.00071553,0.75867503
-6151.46146320,0.75887247,0.00069507,0.75887243
-6155.64083472,0.75881478,0.00069504,0.75881474
-6162.01677633,0.75575834,0.00069222,0.75575830
-6159.51212656,0.75893828,0.00069591,0.75893824
-6165.80424140,0.75844120,0.00069468,0.75844116
-6171.73804085,0.75652741,0.00069297,0.75652737
-6176.30761019,0.75703426,0.00104850,0.75703418
-6175.17246866,0.75741780,0.00069373,0.75741776
-6180.91352841,0.75892314,0.00069513,0.75892310
-6188.49430899,0.75848207,0.00069471,0.75848203
-6190.09790730,0.75849419,0.00069473,0.75849415
-6188.92159604,0.75700803,0.00069337,0.75700799
-6193.75729601,0.75896366,0.00069515,0.75896362
-6323.48060460,0.71597318,0.00065698,0.71597314
-6412.45605827,0.69488455,0.00063646,0.69488451
-6376.61006812,0.71140446,0.00065159,0.71140442
-6400.35885438,0.70164700,0.00064267,0.70164696
-6403.00503287,0.70583530,0.00064649,0.70583526
-6348.50059981,0.72592703,0.00066490,0.72592699
-6345.26874549,0.72343047,0.00070405,0.72343043
-6380.67329038,0.71413167,0.00080854,0.71413161
-6399.56878798,0.71017606,0.00339389,0.71017506
-6427.93511309,0.69978452,0.00088367,0.69978445
-6421.31905470,0.70004186,0.00064119,0.70004182
-6424.05761120,0.70080573,0.00064189,0.70080570
-6560.81547184,0.63924551,0.22183416,0.63451285
-6668.88383563,0.62456337,0.00057205,0.62456334
-6717.49265695,0.62926000,0.00057635,0.62925996
-6711.14322875,0.62446084,0.00057459,0.62446081
-6800.43921767,0.60906701,0.00055786,0.60906698
-6853.93286862,0.60494281,0.00055408,0.60494278
-6887.79520951,0.59618377,0.00054605,0.59618374
-6839.66905838,0.62051535,0.00056836,0.62051531
-6849.91086782,0.61042198,0.00055910,0.61042194
-6914.05177530,0.59083108,0.00054115,0.59083105
-6877.05239826,0.60070807,0.00055020,0.60070804
-6853.34845038,0.59703104,0.00054683,0.59703101
-6871.29947292,0.59281359,0.00054306,0.59281355
-6820.62024453,0.60826992,0.00055713,0.60826989
-6836.01540887,0.61412421,0.00056311,0.61412417
-6785.55710311,0.61946532,0.00056738,0.61946528
-6752.21673160,0.61554922,0.00056612,0.61554919
-6753.61381663,0.62512159,0.00057256,0.62512156
-6606.23965188,0.66840934,0.01248218,0.66839507
-6579.43638311,0.67972946,0.00093339,0.67972938
-6675.23738886,0.65139815,0.00059663,0.65139812
-6527.04898504,0.68640427,0.11868137,0.68514625
-6452.42046591,0.72170070,0.00066105,0.72170066
-6425.59008606,0.73079432,0.00066937,0.73079428
-6472.58351331,0.72030595,0.00065974,0.72030591
-6331.06757308,0.75767723,0.00069397,0.75767719
-6331.98202742,0.75543983,0.00069195,0.75543979
-6336.03949440,0.75634987,0.00069397,0.75634983
-6339.85805035,0.75805623,0.00069433,0.75805619
-6335.62492705,0.75838998,0.00074359,0.75838994
-6349.15932178,0.75575358,0.00069221,0.75575354
-6350.82692187,0.75498196,0.00069152,0.75498192
-6356.09899852,0.75575695,0.00069221,0.75575691
-6353.12451690,0.75887616,0.00069509,0.75887612
-6363.50166432,0.75424423,0.00069084,0.75424420
-6722.52580739,0.59192888,0.00054216,0.59192885
-6366.26112964,0.75740687,0.00069373,0.75740683
-6368.83736572,0.75601851,0.00070837,0.75601847
-6371.21837891,0.75732520,0.00069366,0.75732516
-6376.11548185,0.75527577,0.00069179,0.75527574
-6371.81291726,0.75695001,0.00069332,0.75694998
-6370.61908340,0.75634576,0.00069276,0.75634572
-6368.42773632,0.75600145,0.00069246,0.75600141
-6367.19595679,0.75616513,0.00069260,0.75616509
-6364.29456500,0.75720328,0.00069354,0.75720324
-6361.49610188,0.75614608,0.00069257,0.75614605
-6360.86015212,0.75599254,0.00069244,0.75599250
-6358.76234854,0.75723942,0.00107322,0.75723933
-6357.42066318,0.75659367,0.00069298,0.75659363
-6352.23353361,0.75748725,0.00069382,0.75748722
-6350.95407763,0.75683993,0.00069321,0.75683989
-6347.37387826,0.75651991,0.00069294,0.75651987
-6347.56298450,0.75744136,0.00087522,0.75744130
-6351.22640818,0.75173390,0.00068855,0.75173386
-6541.11127681,0.70039402,0.00064150,0.70039398
-6651.39645701,0.68423148,0.00062698,0.68423145
-6654.49837707,0.66475370,0.00060886,0.66475367
-6759.01143970,0.64651921,0.00059216,0.64651918
-6654.69890641,0.66460728,0.00067347,0.66460724
-6516.06625077,0.70416741,0.00064497,0.70416737
-6648.82994569,0.66192327,0.00087451,0.66192320
-6603.54078945,0.63516848,0.48439066,0.61212441
-6755.48022450,0.61620983,0.03138599,0.61611191
-6799.18479136,0.61649897,0.00056466,0.61649894
-6789.17165294,0.63464516,0.00337399,0.63464406
-6770.43834462,0.63156806,0.00057847,0.63156803
-6785.49384699,0.61538287,0.00056364,0.61538284
-6782.02797565,0.61925441,0.00086672,0.61925434
-6783.26193294,0.61836560,0.00056637,0.61836557
-6791.98958487,0.61913625,0.00132373,0.61913608
-6744.60505886,0.62659135,0.00057406,0.62659131
-6748.05119429,0.62125685,0.00056903,0.62125682
-6691.60929364,0.63089895,0.00057786,0.63089892
-6706.09315219,0.62457039,0.00057205,0.62457036
-6673.57771710,0.63858898,0.00058511,0.63858895
-6627.19978171,0.65737859,0.00060210,0.65737856
-6559.02948479,0.64909350,0.33136918,0.63864794
-6508.60664413,0.67150659,0.28780235,0.66390843
-6436.26769259,0.72058331,0.00066000,0.72058328
-6421.53659729,0.72598092,0.00066495,0.72598088
-6419.41788966,0.72495189,0.00066400,0.72495185
-6418.09738347,0.72535806,0.00066437,0.72535802
-6410.34620648,0.72764475,0.00066646,0.72764471
-6435.03423918,0.72417746,0.00066331,0.72417742
-6398.72363110,0.72407782,0.00066321,0.72407778
-6377.84470952,0.73212843,0.00067059,0.73212839
-6386.91249956,0.72729741,0.00066617,0.72729738
-6411.35737361,0.72173230,0.00066107,0.72173226
-6277.44428573,0.75646136,0.00069287,0.75646132
-6274.23669814,0.75913624,0.00069531,0.75913620
-6270.49927918,0.76010521,0.00072092,0.76010517
-6269.66740699,0.75827287,0.00069452,0.75827284
-6266.07548484,0.75913425,0.00069531,0.75913421
-6269.62661286,0.75716532,0.00069351,0.75716528
-6264.17052476,0.75770649,0.00069401,0.75770645
-6259.97778594,0.75846975,0.00069470,0.75846971
-6255.72655327,0.75897218,0.00082720,0.75897213
-6258.25605487,0.75943497,0.00069558,0.75943493
-6253.93684125,0.75822280,0.00069449,0.75822276
-6253.93294896,0.75805333,0.00102597,0.75805325
-6249.92676320,0.75867336,0.00073368,0.75867332
-6248.29485246,0.75674221,0.00069311,0.75674217
-6242.80350535,0.76022805,0.00082966,0.76022799
-6247.70780047,0.75795635,0.00077712,0.75795630
-6252.19465365,0.75885267,0.00069505,0.75885263
-6257.84845617,0.75803509,0.00069433,0.75803505
-6261.80013674,0.75699856,0.00069336,0.75699852
-6264.46962737,0.75777127,0.00069407,0.75777123
-6263.41411557,0.75780864,0.00069410,0.75780860
-6267.76959087,0.75942275,0.00069559,0.75942271
-6271.44731342,0.75668080,0.00069306,0.75668076
-6273.20098835,0.75733485,0.00069366,0.75733481
-6277.67694916,0.75717530,0.00069352,0.75717526
-6284.05400581,0.75872910,0.00069494,0.75872906
-6282.18963485,0.75882260,0.00069503,0.75882256
-6285.03693559,0.75809929,0.00069437,0.75809925
-6291.58176685,0.75733680,0.00069368,0.75733676
-6297.80655247,0.75742532,0.00069375,0.75742528
-6435.49615675,0.72103644,0.00066041,0.72103640
-6441.30518255,0.72159486,0.00066092,0.72159482
-6429.42031788,0.72356285,0.00066272,0.72356281
-6418.24132963,0.72940525,0.00066808,0.72940522
-6431.79430288,0.72756756,0.00066639,0.72756752
-6456.47540328,0.71913000,0.00065867,0.71912996
-6447.02003997,0.72482941,0.00066389,0.72482938
-6429.10424541,0.73079758,0.00066935,0.73079755
-6445.70209916,0.72913569,0.00066785,0.72913565
-6444.83768245,0.73046421,0.00066911,0.73046418
-6452.80821246,0.72414255,0.00066326,0.72414251
-6484.84024921,0.71574456,0.00065556,0.71574452
-6491.03638392,0.71403585,0.00065400,0.71403582
-6582.19199827,0.67417287,0.10394826,0.67319047
-6615.32680035,0.64468931,0.29671491,0.63626994
-6641.97460309,0.62542989,0.40304032,0.60931393
-6634.18576681,0.65399784,0.18483618,0.65079031
-6660.05757830,0.65978357,0.00087639,0.65978349
-6623.08336001,0.65620780,0.19009045,0.65282633
-6632.45099477,0.66315120,0.09839503,0.66225638
-6695.77533775,0.66340007,0.00220483,0.66339962
-6719.14966124,0.64246422,0.00091741,0.64246414
-6727.61816107,0.62212269,0.33308646,0.61110203
-6691.49344968,0.61623437,0.50836011,0.58998909
-6881.06718369,0.60529286,0.09034826,0.60446630
-6712.21025811,0.66166394,0.00060882,0.66166390
-6656.66779694,0.67595173,0.00235590,0.67595123
-6583.26619317,0.69904503,0.00064027,0.69904499
-6552.95757211,0.68920576,0.25450526,0.68342512
-6656.04210791,0.68692882,0.00062918,0.68692878
-6711.86460140,0.65933769,0.00167589,0.65933743
-7000.88171871,0.61585334,0.00146017,0.61585313
-6864.92899985,0.63433021,0.00058099,0.63433018
-6716.99142714,0.66180408,0.00063223,0.66180405
-6416.44596818,0.75776529,0.00069407,0.75776525
-6418.59575030,0.75774291,0.00069403,0.75774288
-6423.47385393,0.76007478,0.00082832,0.76007472
-6427.21748663,0.75726462,0.00069361,0.75726458
-6430.02944483,0.75758065,0.00069390,0.75758061
-6431.59077435,0.75775665,0.00069404,0.75775661
-6430.47541388,0.75771780,0.00069484,0.75771776
-6439.23876939,0.75734355,0.00069367,0.75734351
-6445.75775725,0.75660415,0.00069302,0.75660411
-6445.56489453,0.75737610,0.00069370,0.75737606
-6450.62914514,0.75766854,0.00069398,0.75766850
-6452.28191937,0.75645944,0.00069286,0.75645940
-6454.79590896,0.75870486,0.00069492,0.75870482
-6455.43457582,0.75926582,0.00069544,0.75926578
-6460.47241010,0.75807810,0.00069435,0.75807806
-6465.40768523,0.75648362,0.00069290,0.75648358
-6458.94547847,0.75704702,0.00069341,0.75704698
-6457.27369364,0.75834208,0.00069458,0.75834204
-6457.73985382,0.75724237,0.00069358,0.75724233
-6454.58082727,0.75745215,0.00069378,0.75745211
-6449.27489591,0.75797910,0.00069425,0.75797906
-6451.57128502,0.75673452,0.00069312,0.75673448
-6448.77413198,0.75894545,0.00069514,0.75894541
-6447.55362909,0.75854786,0.00069479,0.75854782
-6445.33179859,0.75671029,0.00069309,0.75671025
-6441.79736295,0.75844248,0.00069632,0.75844244
-6442.18483060,0.75812084,0.00069438,0.75812081
-6438.74265476,0.75745878,0.00069377,0.75745874
-6434.00205379,0.75895247,0.00069515,0.75895243
-6433.23977010,0.75797648,0.00069425,0.75797644
-6429.96985578,0.75351658,0.00069019,0.75351654
-6946.44267980,0.59368380,0.14618131,0.59147507
-6607.27726154,0.71079303,0.00065103,0.71079299
-6681.89650982,0.69730308,0.00063871,0.69730304
-6713.35101546,0.67301805,0.00061643,0.67301802
-6559.92422135,0.71919151,0.00065873,0.71919147
-6562.87258441,0.71594324,0.00065575,0.71594321
-6550.40263029,0.71784133,0.00065749,0.71784130
-6705.71203947,0.66934496,0.03663582,0.66922213
-7142.04952746,0.57832884,0.30915524,0.56811625
-6844.98739058,0.62588171,0.00169774,0.62588143
-6650.23618481,0.68895052,0.00110316,0.68895041
-6679.50537477,0.67515555,0.00066268,0.67515551
-6620.20296503,0.69515929,0.00063671,0.69515926
-6577.89208179,0.71120885,0.00065143,0.71120881
-6563.50334819,0.71217585,0.00065230,0.71217582
-6573.68976586,0.70520834,0.00064637,0.70520830
-6580.74644785,0.70395618,0.00064479,0.70395615
-6596.20330629,0.69359785,0.03691487,0.69347750
-6548.78926945,0.71412293,0.00088851,0.71412287
-6556.91503821,0.71479722,0.00065471,0.71479718
-6520.52446564,0.72436541,0.00066346,0.72436537
-6482.31704015,0.73636204,0.00067446,0.73636201
-6495.26280686,0.72473610,0.08854075,0.72407325
-6488.33103756,0.73199625,0.00067046,0.73199621
-6485.07896273,0.73258639,0.00067099,0.73258635
-6503.78726197,0.72540961,0.00066444,0.72540957
-6502.66002130,0.72631199,0.00066524,0.72631195
-6495.72501249,0.72448146,0.00066357,0.72448143
-6482.52215061,0.72994158,0.00066857,0.72994155
-6527.22727667,0.71617806,0.00065596,0.71617802
-6509.67229858,0.71626213,0.00079397,0.71626207
-6375.17576818,0.75558090,0.00069206,0.75558086
-6372.47742941,0.75652493,0.00069293,0.75652489
-6372.10063595,0.75769196,0.00077151,0.75769191
-6366.67787775,0.75762798,0.00069393,0.75762794
-6368.29712019,0.75707784,0.00069343,0.75707780
-6360.56174189,0.75800978,0.00069430,0.75800974
-6368.41650410,0.75598448,0.00069244,0.75598444
-6362.86319509,0.75744518,0.00106626,0.75744509
-6362.26547374,0.75569431,0.00069217,0.75569427
-6358.37518836,0.75794851,0.00069423,0.75794848
-6355.79105263,0.75813573,0.00069441,0.75813569
-6355.93302335,0.75567071,0.00069214,0.75567067
-6359.94856066,0.75574834,0.00069222,0.75574830
-6356.83762533,0.75683831,0.00069321,0.75683827
-6350.95027940,0.75700705,0.00071302,0.75700701
-6349.26367213,0.75732896,0.00069367,0.75732892
-6346.99027625,0.75795162,0.00069423,0.75795159
-6346.50852801,0.75721058,0.00069354,0.75721054
-6348.06720132,0.75737713,0.00069372,0.75737709
-6353.58262491,0.75659448,0.00069300,0.75659444
-6352.81055509,0.76027220,0.00084655,0.76027215
-6367.73719017,0.75617823,0.00069262,0.75617819
-6364.99439561,0.75538454,0.00069189,0.75538451
-6369.85872752,0.75591767,0.00069237,0.75591763
-6375.69128124,0.75547061,0.00069196,0.75547057
-6376.41925595,0.75615714,0.00069258,0.75615710
-6381.17114012,0.75810901,0.00069439,0.75810898
-6388.94595168,0.75708619,0.00069343,0.75708615
-6386.01680367,0.75931943,0.00071970,0.75931939
-6391.28684247,0.75843572,0.00069475,0.75843568
-6393.76802778,0.76009263,0.00069619,0.76009259
-6398.91881152,0.75827596,0.00069454,0.75827592
-6403.98943831,0.75853068,0.00069478,0.75853064
-6408.24756903,0.75609828,0.00069253,0.75609824
-6407.12671649,0.75779034,0.00069409,0.75779030
-6540.75927961,0.71504689,0.00065494,0.71504686
-6530.43561321,0.72525254,0.00066427,0.72525250
-6523.20041042,0.72660259,0.00066553,0.72660255
-6517.23688706,0.73070587,0.00066928,0.73070583
-6531.73955109,0.72818923,0.00066699,0.72818920
-6530.00031654,0.73006485,0.00066869,0.73006481
-6523.84037671,0.73274765,0.00067114,0.73274761
-6549.20431635,0.72738022,0.00066624,0.72738019
-6524.61461675,0.73587740,0.00067403,0.73587736
-6548.83710653,0.73107166,0.00066961,0.73107163
-6578.03220861,0.72601701,0.00066497,0.72601697
-6574.93939069,0.72565503,0.00066464,0.72565500
-6592.74935200,0.71438305,0.07366023,0.71391770
-6653.46686246,0.69398854,0.09302445,0.69322438
-6643.81030011,0.70288766,0.00064379,0.70288763
-6602.95487287,0.72126618,0.00066063,0.72126614
-6604.97951224,0.72269633,0.00066194,0.72269629
-6596.13345926,0.72563999,0.00066463,0.72563995
-6612.68126541,0.71892810,0.00065849,0.71892806
-6625.14376212,0.70992304,0.07925282,0.70938092
-6758.80266726,0.67291886,0.00944385,0.67291074
-6915.39462110,0.59074660,0.60292933,0.55176977
-6671.94773119,0.68118560,0.26132400,0.67501723
-6607.26716523,0.72497320,0.00066403,0.72497317
-6610.33163036,0.72554687,0.00066455,0.72554683
-6600.46697000,0.73062522,0.00066921,0.73062519
-6607.66440236,0.72638867,0.00066531,0.72638863
-6620.57580277,0.72643589,0.00066537,0.72643585
-6508.22960369,0.75225343,0.00068901,0.75225339
-6508.41967801,0.75703082,0.00069340,0.75703078
-6510.63634303,0.75823493,0.00069448,0.75823489
-6517.57565548,0.75686765,0.00069323,0.75686761
-6519.74417923,0.75648813,0.00069289,0.75648809
-6522.80026998,0.75747611,0.00069382,0.75747607
-6530.01989614,0.75534117,0.00069185,0.75534113
-6530.15763239,0.75797852,0.00069425,0.75797848
-6534.55034294,0.75789670,0.00069417,0.75789666
-6534.19294187,0.75834089,0.00069459,0.75834085
-6544.18281826,0.75778412,0.00069408,0.75778408
-6549.32410214,0.75878694,0.00069499,0.75878690
-6550.60018809,0.75851382,0.00069474,0.75851378
-6550.70205096,0.75806150,0.00069574,0.75806146
-6554.89855322,0.75831455,0.00084395,0.75831449
-6560.78868893,0.75819828,0.00069451,0.75819824
-6561.35041125,0.75795606,0.00069431,0.75795603
-6570.58888688,0.75697761,0.00069334,0.75697757
-6564.97785997,0.76027608,0.00074585,0.76027603
-6562.11097697,0.75725144,0.00069361,0.75725140
-6566.17650959,0.75560525,0.00069209,0.75560521
-6561.78554686,0.75940722,0.00069556,0.75940718
-6557.35976806,0.75812377,0.00071199,0.75812373
-6557.87466281,0.75738654,0.00069370,0.75738650
-6554.58954346,0.75895848,0.00069519,0.75895844
-6549.69863014,0.75990903,0.00072330,0.75990899
-6551.88917821,0.75654818,0.00069295,0.75654814
-6550.75007336,0.75895262,0.00069514,0.75895258
-6543.27516496,0.75882969,0.00069504,0.75882966
-6543.22261100,0.75842200,0.00069473,0.75842196
-6540.94571466,0.75812618,0.00069440,0.75812614
-6538.66573565,0.76001001,0.00069611,0.76000997
-6534.72573640,0.75961465,0.00069576,0.75961461
-6539.88214045,0.75830405,0.00069455,0.75830401
-6536.00726060,0.75788039,0.00069416,0.75788036
-6652.45013367,0.71638595,0.00065627,0.71638591
-6659.86614078,0.72280120,0.00066203,0.72280116
-6621.24347561,0.72995191,0.00066858,0.72995187
-6630.72981706,0.73125458,0.00066980,0.73125454
-6635.77082327,0.72688244,0.00066578,0.72688240
-6636.80035646,0.72774651,0.00066656,0.72774648
-6753.32201166,0.68018629,0.00062299,0.68018625
-6890.63260700,0.66915087,0.00061296,0.66915083
-6904.80918762,0.66046244,0.00060493,0.66046240
-6705.47008942,0.68468516,0.19277381,0.68135267
-6618.59427514,0.72881684,0.00066754,0.72881680
-6611.59457519,0.73064285,0.00066923,0.73064282
-6618.07386810,0.72941948,0.00066809,0.72941944
-6605.06578063,0.73237289,0.00067080,0.73237285
-6639.83755486,0.71917353,0.00066650,0.71917349
-6665.88079602,0.71367368,0.00065368,0.71367364
-6602.53785866,0.72961812,0.00066828,0.72961809
-6613.70450578,0.73045566,0.00066904,0.73045562
-6630.01143918,0.71898306,0.00065854,0.71898302
-6589.24655812,0.73494975,0.00067316,0.73494971
-6576.08193119,0.73876491,0.00067668,0.73876487
-6575.60982981,0.73705746,0.00067509,0.73705742
-6568.80152465,0.74036338,0.00067812,0.74036334
-6587.77477438,0.73153197,0.00067003,0.73153193
-6590.04205871,0.73125860,0.00066978,0.73125856
-6580.70341583,0.73204201,0.00067050,0.73204197
-6603.46003269,0.72518523,0.00066421,0.72518520
-6608.72818033,0.72720944,0.00066607,0.72720941
-6473.78804381,0.75644839,0.00069285,0.75644835
-6473.86148473,0.75920662,0.00069538,0.75920659
-6470.87194332,0.75503321,0.00069156,0.75503317
-6468.36572382,0.75688746,0.00069325,0.75688743
-6466.31844658,0.75705276,0.00069341,0.75705272
-6469.76533618,0.75786080,0.00069420,0.75786076
-6464.24398265,0.75866012,0.00069488,0.75866008
-6467.34076869,0.75796635,0.00069424,0.75796632
-6458.97918576,0.75824423,0.00069451,0.75824420
-6462.02165525,0.75780151,0.00069485,0.75780147
-6461.45900275,0.75729477,0.00069363,0.75729473
-6456.78141914,0.75926508,0.00069544,0.75926504
-6460.94681535,0.75708116,0.00069343,0.75708112
-6457.61812298,0.75646679,0.00069287,0.75646675
-6458.85118205,0.75676711,0.00069314,0.75676708
-6453.33004534,0.75693559,0.00069330,0.75693555
-6452.90312614,0.75784251,0.00069412,0.75784247
-6447.41239050,0.75835419,0.00073457,0.75835414
-6450.62867022,0.75856289,0.00069491,0.75856285
-6451.16516529,0.75855068,0.00069480,0.75855064
-6451.56418018,0.75906345,0.00069524,0.75906341
-6456.80796846,0.75714060,0.00069348,0.75714057
-6458.39532868,0.75788410,0.00069417,0.75788407
-6460.95055178,0.75630564,0.00069272,0.75630560
-6470.39882214,0.75665000,0.00069304,0.75664996
-6472.92626551,0.75713350,0.00069348,0.75713346
-6475.40225707,0.75661680,0.00069301,0.75661676
-6474.99233834,0.75691775,0.00069329,0.75691771
-6483.45434094,0.75638099,0.00069280,0.75638095
-6487.06308302,0.75765903,0.00069398,0.75765899
-6489.93019095,0.75640058,0.00069281,0.75640055
-6491.14098518,0.75865116,0.00069490,0.75865112
-6493.06242396,0.75883697,0.00069507,0.75883693
-6493.99404059,0.76001825,0.00069777,0.76001821
-6500.38714045,0.75700968,0.00069337,0.75700964
-6502.83566403,0.75721118,0.00069355,0.75721114
-6506.33689179,0.75561957,0.00069209,0.75561953
-6513.64187452,0.75556250,0.00069205,0.75556246
-6517.33380416,0.75571702,0.00069218,0.75571698
-6642.12008092,0.71787504,0.00065752,0.71787501
-6657.02884622,0.72175579,0.00066107,0.72175575
-6666.77924451,0.72161625,0.00066094,0.72161621
-6646.63596323,0.72620798,0.00066515,0.72620794
-6640.75603810,0.72795549,0.00066677,0.72795546
-6627.41564456,0.73638963,0.00067449,0.73638960
-6632.12910544,0.73358767,0.00067191,0.73358763
-6632.37155979,0.73461040,0.00067284,0.73461036
-6668.06500819,0.72298874,0.00066221,0.72298871
-6659.36234148,0.72828775,0.00066705,0.72828771
-6715.87893057,0.71031160,0.00065059,0.71031156
-6761.75154728,0.69852727,0.00063981,0.69852723
-6789.37205515,0.69618645,0.00063766,0.69618641
-6704.23221408,0.71858920,0.00067039,0.71858916
-6650.36798693,0.73383814,0.00067214,0.73383810
-6660.13736365,0.73295152,0.00067132,0.73295148
-6663.44773166,0.73410534,0.00067240,0.73410530
-6854.31071781,0.69035708,0.00063231,0.69035704
-6948.82972664,0.67666320,0.00061977,0.67666317
-6978.18323711,0.65711277,0.00060187,0.65711274
-6836.71620276,0.67851133,0.00110519,0.67851122
-6699.07255382,0.72717657,0.00066603,0.72717654
-6736.17471301,0.72119277,0.00066055,0.72119273
-6747.39031148,0.71878366,0.00065837,0.71878362
-6744.87274512,0.71802826,0.00065767,0.71802823
-6606.26595040,0.75246931,0.00069189,0.75246927
-6612.13417339,0.75818903,0.00069446,0.75818899
-6612.39249117,0.75810460,0.00069728,0.75810456
-6617.74246351,0.75742541,0.00069376,0.75742537
-6615.89134756,0.75568540,0.00069216,0.75568536
-6620.97494344,0.75760088,0.00069392,0.75760084
-6628.85610111,0.75633662,0.00069275,0.75633658
-6630.62950295,0.75795288,0.00086365,0.75795281
-6632.32529209,0.75684323,0.00069322,0.75684319
-6640.60092805,0.75652039,0.00069292,0.75652035
-6640.58966914,0.75709087,0.00069345,0.75709083
-6644.31110461,0.75792281,0.00069420,0.75792277
-6650.76107437,0.75654416,0.00069294,0.75654413
-6647.35265481,0.75657263,0.00069296,0.75657259
-6651.01698169,0.75679131,0.00069316,0.75679127
-6657.57059186,0.75623556,0.00069266,0.75623552
-6664.51333249,0.75702274,0.00069340,0.75702270
-6661.49584079,0.75714924,0.00069350,0.75714920
-6666.90177054,0.75575249,0.00069221,0.75575245
-6670.09328492,0.75635537,0.00069276,0.75635533
-6663.77909391,0.75799570,0.00069426,0.75799566
-6669.23230601,0.75584897,0.00069232,0.75584893
-6662.13017201,0.75728091,0.00069364,0.75728087
-6659.66716825,0.75801033,0.00069429,0.75801029
-6655.43951140,0.75674323,0.00069312,0.75674319
-6651.03221976,0.75853930,0.00069476,0.75853926
-6655.69722734,0.75596421,0.00069242,0.75596417
-6648.35554056,0.75645042,0.00069285,0.75645038
-6648.88059553,0.75802424,0.00069429,0.75802420
-6646.03978179,0.75806484,0.00069433,0.75806480
-6649.40750811,0.75574977,0.00069221,0.75574973
-6642.61975664,0.75711267,0.00069347,0.75711263
-6641.89217741,0.75837636,0.00069462,0.75837632
-6642.30986901,0.75627831,0.00069269,0.75627827
-6635.84710148,0.75678018,0.00069315,0.75678014
-6635.60662225,0.75736566,0.00069369,0.75736562
-6633.57899072,0.75724133,0.00069364,0.75724130
-6631.29371970,0.75745241,0.00069377,0.75745237
-6631.94095278,0.75733217,0.00069368,0.75733213
-6631.40595615,0.75750389,0.00069382,0.75750385
-6627.62212083,0.75793021,0.00073046,0.75793017
-6738.39682299,0.72652692,0.00066545,0.72652688
-6743.69830770,0.72830846,0.00066708,0.72830843
-6745.56333033,0.72573876,0.00066473,0.72573872
-6873.15284465,0.69121338,0.00067187,0.69121334
-6754.80647847,0.72059115,0.00066001,0.72059111
-6711.75481427,0.73421206,0.00067248,0.73421202
-6713.57048516,0.73159659,0.00067011,0.73159655
-6711.95879203,0.73018139,0.00066879,0.73018135
-6792.50667985,0.70413465,0.00064496,0.70413462
-6872.55898449,0.69314504,0.00063487,0.69314500
-6848.81136991,0.70373489,0.00064456,0.70373486
-6836.06303257,0.69183473,0.00063366,0.69183469
-6710.90242094,0.73135285,0.00066986,0.73135281
-6706.31338744,0.72955308,0.00066822,0.72955304
-6696.16091515,0.73292978,0.00067131,0.73292974
-6759.53703753,0.71127164,0.00065148,0.71127160
-6728.74827583,0.72086916,0.00066028,0.72086912
-6713.89752425,0.72516777,0.00066420,0.72516773
-6699.85448327,0.71987952,0.00065935,0.71987948
-6590.84104583,0.75790037,0.00069418,0.75790033
-6591.00336788,0.75766953,0.00069531,0.75766949
-6587.86081483,0.75881597,0.00069502,0.75881593
-6588.59019209,0.75751555,0.00069384,0.75751551
-6585.99868997,0.75812591,0.00069441,0.75812587
-6582.94699634,0.75897487,0.00069516,0.75897483
-6580.42853634,0.75769016,0.00070815,0.75769012
-6574.89142389,0.75718472,0.00069352,0.75718468
-6579.75449044,0.75703231,0.00069339,0.75703227
-6576.00101930,0.75833869,0.00069458,0.75833866
-6576.99046032,0.75809017,0.00069435,0.75809013
-6571.33766912,0.75777626,0.00069407,0.75777622
-6569.55548214,0.75773229,0.00069404,0.75773225
-6572.67016008,0.75854879,0.00069478,0.75854875
-6569.39459254,0.75658396,0.00069299,0.75658392
-6568.55232894,0.75697723,0.00069334,0.75697719
-6565.40345434,0.75830088,0.00069455,0.75830084
-6560.80101902,0.75934938,0.00069550,0.75934934
-6563.68882590,0.75918132,0.00069535,0.75918128
-6559.36717937,0.75848968,0.00069473,0.75848964
-6554.31571729,0.76006700,0.00069616,0.76006696
-6554.08752552,0.75890724,0.00069511,0.75890721
-6550.87491800,0.75888694,0.00069509,0.75888691
-6554.07859435,0.76085102,0.00069688,0.76085098
-6557.47209239,0.75831334,0.00130868,0.75831320
-6561.60254902,0.75812035,0.00069438,0.75812031
-6564.33310478,0.75993951,0.00071897,0.75993947
-6567.24506860,0.75843947,0.00069468,0.75843943
-6572.31567954,0.75838698,0.00069464,0.75838694
-6573.60525004,0.75894383,0.00071501,0.75894379
-6582.59121757,0.75751482,0.00069384,0.75751479
-6580.78533131,0.75890522,0.00069511,0.75890518
-6584.60967313,0.75624017,0.00069266,0.75624013
-6583.71912741,0.75888051,0.00069508,0.75888047
-6590.49880536,0.75645097,0.00107892,0.75645087
-6594.46377902,0.75776310,0.00069406,0.75776306
-6594.24546300,0.75773619,0.00069403,0.75773615
-6597.92849942,0.75795729,0.00069423,0.75795725
-6606.14451382,0.75628651,0.00069270,0.75628647
-6604.58576677,0.76038637,0.00069646,0.76038633
-6608.68831975,0.75624702,0.00069266,0.75624698
-6615.77480465,0.75633498,0.00069274,0.75633494
-6617.42018539,0.75803807,0.00069431,0.75803804
-6620.98098116,0.75753227,0.00069385,0.75753223
-6622.00063379,0.75918727,0.00069537,0.75918723
-6626.87066387,0.75625195,0.00069267,0.75625191
-6627.53952058,0.75652101,0.00069294,0.75652097
-6635.02454171,0.75609771,0.00069254,0.75609767
-6757.60375067,0.71773586,0.00065739,0.71773582
-6772.65239297,0.70917424,0.00064955,0.70917420
-6791.30903498,0.71781596,0.00065747,0.71781593
-6791.00744227,0.72022541,0.00065970,0.72022537
-6757.69167735,0.72869428,0.00066744,0.72869424
-6813.44750267,0.71029439,0.00065118,0.71029436
-6825.54646646,0.71393856,0.00065391,0.71393852
-6834.22690016,0.70745052,0.00904743,0.70744344
-6795.70861440,0.72157606,0.00066092,0.72157603
-6768.47680013,0.73030419,0.00066890,0.73030415
-6768.65415929,0.73237771,0.00067082,0.73237767
-6779.24272447,0.72831806,0.00066708,0.72831802
-6804.24135948,0.72060532,0.00066002,0.72060529
-6788.77514638,0.72792440,0.00066672,0.72792436
-6780.74321513,0.72936929,0.00066807,0.72936926
-6680.74756375,0.75661294,0.00069302,0.75661290
-6685.18528512,0.75246821,0.00068920,0.75246818
-6690.77462841,0.75888409,0.00069508,0.75888405
-6695.05995042,0.75769412,0.00069400,0.75769408
-6694.96728251,0.75752672,0.00069384,0.75752668
-6699.59185693,0.75858341,0.00069482,0.75858337
-6700.77669112,0.75853779,0.00116616,0.75853768
-6700.74854739,0.75859075,0.00069482,0.75859071
-6707.76899569,0.75810167,0.00069437,0.75810163
-6709.56629311,0.75805056,0.00069434,0.75805053
-6707.00983970,0.75887967,0.00069507,0.75887963
-6716.21604284,0.75900747,0.00069519,0.75900743
-6722.86008158,0.75773377,0.00069404,0.75773373
-6721.11100302,0.75851695,0.00069474,0.75851692
-6725.36326544,0.75848327,0.00069472,0.75848323
-6729.19788924,0.75764090,0.00069395,0.75764086
-6730.84444295,0.75830872,0.00069456,0.75830868
-6742.42575499,0.75725874,0.00069361,0.75725870
-6743.93766848,0.75757801,0.00069389,0.75757797
-6749.98198235,0.75539161,0.00069190,0.75539158
-6749.47714749,0.75738287,0.00069371,0.75738283
-6750.96536049,0.75756071,0.00069387,0.75756067
-6755.02008001,0.75720790,0.00102379,0.75720782
-6757.74629306,0.75663569,0.00069303,0.75663565
-6757.44251739,0.75769076,0.00069400,0.75769072
-6756.46431826,0.75602086,0.00069247,0.75602082
-6757.37208941,0.75624734,0.00069267,0.75624730
-6758.07570345,0.75811411,0.00069439,0.75811407
-6748.27433036,0.75829741,0.00069456,0.75829737
-6748.01859960,0.75764598,0.00069395,0.75764594
-6746.99126399,0.75797908,0.00069425,0.75797904
-6747.26238311,0.75872504,0.00069496,0.75872500
-6743.64693749,0.75599609,0.00069245,0.75599605
-6742.10416843,0.75717889,0.00069352,0.75717885
-6739.23683730,0.75516055,0.00069168,0.75516052
-6733.14136147,0.75854765,0.00069480,0.75854761
-6737.03586195,0.75772777,0.00069403,0.75772773
-6732.48352555,0.75813058,0.00069441,0.75813054
-6731.38221771,0.75900260,0.00069521,0.75900257
-6724.95910628,0.75824275,0.00069451,0.75824271
-6728.55853999,0.75813767,0.00069441,0.75813763
-6717.29854926,0.75854922,0.00069478,0.75854918
-6723.66679208,0.75901856,0.00069521,0.75901852
-6716.83887638,0.75793738,0.00072274,0.75793734
-6713.95322399,0.75889661,0.00069509,0.75889657
-6713.52703266,0.75903151,0.00069523,0.75903147
-6712.71733330,0.75887663,0.00069508,0.75887659
-6713.12556705,0.75905167,0.00069525,0.75905163
-6711.61934697,0.75801575,0.00069429,0.75801571
-6707.23631121,0.75598586,0.00069242,0.75598582
-6703.30975811,0.75555586,0.00069204,0.75555583
-6705.02874753,0.75240249,0.00068914,0.75240245
-6701.22995443,0.75639441,0.00069281,0.75639438
-6698.69530586,0.75853007,0.00069475,0.75853003
-6697.38189522,0.75902571,0.00069521,0.75902567
-6762.92919596,0.73212349,0.00067058,0.73212345
-6836.03602765,0.71974637,0.00065923,0.71974633
-6789.08773492,0.73163098,0.00067013,0.73163094
-6814.05798514,0.72516343,0.00066419,0.72516339
-6802.18668982,0.71657236,0.00065633,0.71657232
-6679.83285146,0.75866614,0.00069488,0.75866610
-6680.99276741,0.75839876,0.00069542,0.75839872
-6681.28933016,0.75742588,0.00069375,0.75742584
-6681.09352882,0.75640538,0.00069281,0.75640534
-6675.56207658,0.75556370,0.00069205,0.75556366
-6672.79582247,0.75763632,0.00118179,0.75763621
-6671.55604334,0.75585526,0.00069233,0.75585522
-6670.65329187,0.75712374,0.00069348,0.75712370
-6668.05714898,0.75713918,0.00069349,0.75713914
-6663.24426975,0.75834846,0.00069461,0.75834843
-6659.82938261,0.75640802,0.00069281,0.75640798
-6659.39637121,0.75735709,0.00069369,0.75735705
-6653.70424533,0.75831139,0.00075172,0.75831135
-6654.86151898,0.75869575,0.00080739,0.75869570
-6654.12206320,0.75685205,0.00069322,0.75685201
-6655.25186926,0.75547201,0.00069197,0.75547197
-6648.77706418,0.75862364,0.00069484,0.75862360
-6650.02600920,0.75843319,0.00069468,0.75843315
-6648.60367491,0.75740565,0.00069373,0.75740561
-6647.55894849,0.75577846,0.00069225,0.75577843
-6645.10887800,0.75625621,0.00069268,0.75625617
-6643.21830416,0.75714473,0.00070631,0.75714469
-6643.25589573,0.75456086,0.00069113,0.75456082
-6637.04831541,0.75812285,0.00069439,0.75812281
-6632.41551062,0.75711562,0.00069348,0.75711558
-6636.44680523,0.75804936,0.00078451,0.75804931
-6629.83569942,0.75656302,0.00069295,0.75656298
-6629.52740631,0.75792649,0.00069420,0.75792645
-6637.26544132,0.75755479,0.00069387,0.75755475
-6637.42236409,0.75714789,0.00069351,0.75714785
-6640.39717968,0.75606193,0.00069249,0.75606189
-6646.69446784,0.75544178,0.00069194,0.75544174
-6642.88829670,0.75685253,0.00069323,0.75685249
-6648.54257567,0.75774481,0.00069492,0.75774477
-6655.20625608,0.75507326,0.00069160,0.75507323
-6656.39926334,0.75598821,0.00069243,0.75598817
-6656.57576474,0.75823074,0.00069448,0.75823070
-6663.45686840,0.75666785,0.00069305,0.75666781
-6665.59042335,0.75650661,0.00069291,0.75650657
-6668.04664712,0.75650529,0.00070603,0.75650524
-6664.86741186,0.75672419,0.00069506,0.75672415
-6680.80233090,0.75741067,0.00069374,0.75741063
-6679.76758074,0.75736121,0.00069369,0.75736117
-6685.80844311,0.75737857,0.00069371,0.75737853
-6687.00499890,0.75801032,0.00069429,0.75801028
-6690.30585691,0.75711979,0.00072930,0.75711974
-6689.45210122,0.75854566,0.00069478,0.75854562
-6696.57153561,0.75846415,0.00069471,0.75846411
-6701.34606836,0.75774300,0.00069405,0.75774297
-6700.61203107,0.75965851,0.00069579,0.75965847
-6707.99938327,0.76007062,0.00089658,0.76007056
-6710.31292306,0.75901993,0.00069521,0.75901989
-6715.44781843,0.75811466,0.00069439,0.75811462
-6712.51058221,0.75848417,0.00069471,0.75848413
-6718.33243862,0.75795455,0.00069423,0.75795451
-6722.32665892,0.75844223,0.00069469,0.75844219
-6724.12152223,0.75871361,0.00069492,0.75871357
-6727.09634542,0.75870845,0.00069493,0.75870841
-6728.20439033,0.75786164,0.00069417,0.75786160
-6732.93623913,0.75892891,0.00072440,0.75892887
-6736.72187574,0.75925582,0.00144767,0.75925565
-6737.96456049,0.75683756,0.00069322,0.75683753
-6742.61079435,0.75837788,0.00070507,0.75837784
-6743.45630696,0.75816218,0.00069442,0.75816215
-6748.23379345,0.75804432,0.00069431,0.75804428
-6753.53004001,0.75699990,0.00069337,0.75699986
-6756.68022420,0.75860943,0.00069483,0.75860939
-6759.11333992,0.75697521,0.00069335,0.75697517
-6758.18964654,0.75704341,0.00069341,0.75704337
-6771.82146156,0.75407679,0.00069068,0.75407676
-6766.94804979,0.75762695,0.00069393,0.75762691
-6769.22511333,0.75647420,0.00081967,0.75647415
-6778.25129012,0.75502111,0.00069156,0.75502107
-6778.97127133,0.75674138,0.00069313,0.75674134
-6780.11849524,0.75832268,0.00069457,0.75832264
-6783.56088778,0.75715899,0.00069349,0.75715895
-6787.63755525,0.75714956,0.00069349,0.75714952
-6789.77395905,0.75719232,0.00069355,0.75719228
-6790.98459953,0.75564790,0.00069213,0.75564786
-6797.46071193,0.75695324,0.00069331,0.75695320
-6797.72591167,0.75704588,0.00069341,0.75704584
-6799.57786735,0.75642097,0.00069283,0.75642093
-6805.14887425,0.75852527,0.00069475,0.75852523
-6808.32830771,0.75606222,0.00071733,0.75606218
-6813.40885673,0.75660849,0.00077549,0.75660844
-6817.53827005,0.75630265,0.00069274,0.75630261
-6820.17561924,0.75577183,0.00069225,0.75577179
-6821.51689419,0.75762172,0.00069400,0.75762168
-6818.40435342,0.75801415,0.00069434,0.75801411
-6829.32789847,0.75731883,0.00069366,0.75731879
-6829.35135665,0.75824588,0.00069449,0.75824584
-6835.31509785,0.75795973,0.00069423,0.75795969
-6833.43045169,0.75753896,0.00069385,0.75753892
-6844.09311638,0.75998540,0.00069610,0.75998536
-6837.37220862,0.75605114,0.00069251,0.75605110
-6830.37583838,0.75645406,0.00069286,0.75645402
-6824.81685554,0.75700410,0.00069336,0.75700406
-6825.03296662,0.75670416,0.00069309,0.75670412
-6821.60209469,0.75791388,0.00069420,0.75791384
-6820.27284248,0.75656318,0.00069297,0.75656314
-6821.73842919,0.75699225,0.00069334,0.75699221
-6815.47499572,0.75594660,0.00069240,0.75594656
-6813.39590933,0.75759220,0.00069392,0.75759216
-6814.21007734,0.75654047,0.00069295,0.75654044
-6810.01535371,0.75722329,0.00069356,0.75722325
-6806.01496206,0.75586605,0.00069232,0.75586601
-6807.76380451,0.75694955,0.00069334,0.75694952
-6801.32377122,0.75682736,0.00069321,0.75682732
-6803.35280786,0.75650178,0.00112156,0.75650168
-6801.38793753,0.75736559,0.00069371,0.75736555
-6799.52435660,0.75750161,0.00069383,0.75750158
-6792.14957134,0.75670713,0.00069309,0.75670709
-6795.70349265,0.75715499,0.00069350,0.75715495
-6793.51076059,0.75638441,0.00069279,0.75638437
-6790.01250715,0.75604293,0.00069248,0.75604289
-6789.97577888,0.75746734,0.00099605,0.75746726
-6788.04131748,0.75817391,0.00069445,0.75817387
-6782.40096307,0.75752963,0.00069384,0.75752959
-6781.11793901,0.75664916,0.00069304,0.75664912
-6782.97071816,0.75779329,0.00069408,0.75779326
-6779.41551909,0.75774590,0.00069412,0.75774586
-6775.44723945,0.75553222,0.00069201,0.75553218
-6777.27100876,0.75705324,0.00069341,0.75705321
-6770.96938224,0.75823601,0.00069450,0.75823597
-6771.42424240,0.75843470,0.00084601,0.75843464
-6766.93797366,0.75685846,0.00069322,0.75685842
-6767.76081641,0.75735450,0.00069368,0.75735446
-6765.97025353,0.75786317,0.00115488,0.75786306
-6766.69719407,0.75868921,0.00069490,0.75868917
-6762.64827888,0.75827111,0.00069453,0.75827107
-6762.23131240,0.75727836,0.00069470,0.75727832
-6760.57043227,0.75688667,0.00069325,0.75688663
-6758.47716639,0.75698291,0.00069335,0.75698287
-6752.74583131,0.75812555,0.00090901,0.75812548
-6752.83870687,0.75849658,0.00069473,0.75849654
-6750.43895121,0.75850185,0.00069475,0.75850181
-6746.22948224,0.75948308,0.00069563,0.75948304
-6747.26205963,0.75860775,0.00069483,0.75860772
-6744.09370989,0.75698272,0.00110936,0.75698262
-6749.58345721,0.75672222,0.00069311,0.75672218
-6742.73005119,0.75689862,0.00069328,0.75689858
-6742.20573028,0.75786330,0.00110103,0.75786320
-6741.74385264,0.75875757,0.00074241,0.75875753
-6731.55970997,0.76211836,0.00069806,0.76211832
-6735.19331899,0.75757605,0.00069388,0.75757601
-6738.29992861,0.75986613,0.00069598,0.75986609
-6732.27385822,0.75740090,0.00069373,0.75740086
-6728.91525731,0.75722474,0.00069358,0.75722470
-6729.44124520,0.75757405,0.00099756,0.75757397
-6729.19438846,0.75729767,0.00069365,0.75729763
-6729.48913352,0.75699102,0.00069335,0.75699098
-6728.45556776,0.75620172,0.00069263,0.75620168
-6724.97494873,0.75729315,0.00069362,0.75729311
-6723.32930823,0.75588352,0.00069234,0.75588348
-6720.40478815,0.75814816,0.00069492,0.75814813
-6719.35547651,0.75789114,0.00069418,0.75789110
-6719.77139731,0.75826336,0.00069452,0.75826332
-6725.70496044,0.75708650,0.00069344,0.75708646
-6727.14004236,0.75764003,0.00069395,0.75763999
-6732.48326655,0.75381343,0.00069044,0.75381339
-6731.53764182,0.75819964,0.00069446,0.75819960
-6738.46412101,0.75805118,0.00069432,0.75805114
-6734.49417325,0.75892139,0.00083476,0.75892134
-6743.53931624,0.75941213,0.00069686,0.75941209
-6749.91325244,0.75746404,0.00069378,0.75746401
-6751.37601031,0.75680810,0.00069318,0.75680807
-6756.10464642,0.75621291,0.00069265,0.75621287
-6756.18253669,0.75681906,0.00069322,0.75681902
-6762.95520824,0.75753469,0.00071947,0.75753464
-6765.66920487,0.75861861,0.00069859,0.75861857
-6768.20889247,0.75733222,0.00069366,0.75733218
-6773.99868408,0.75835331,0.00069461,0.75835327
-6778.54982314,0.75687226,0.00069324,0.75687222
-6776.91591360,0.75771666,0.00069401,0.75771662
-6783.23931933,0.75789535,0.00069417,0.75789531
-6784.78111155,0.75758168,0.00069388,0.75758164
-6791.93015128,0.75692033,0.00069330,0.75692029
-6794.75690705,0.75697754,0.00069336,0.75697750
-6796.14574420,0.75773761,0.00090492,0.75773754
-6800.53781254,0.75494687,0.00069148,0.75494683
-6801.41675461,0.75772557,0.00069403,0.75772553
-6805.78226207,0.75752118,0.00069383,0.75752114
-6812.87517289,0.75634256,0.00069275,0.75634252
-6815.22085748,0.75817148,0.00069443,0.75817144
-6815.43213374,0.75566767,0.00069213,0.75566764
-6820.17639288,0.75801454,0.00069607,0.75801450
-6821.07370538,0.75778749,0.00069408,0.75778745
-6828.63047983,0.75717003,0.00069351,0.75716999
-6824.67862120,0.75749577,0.00069381,0.75749573
-6832.94271536,0.75961887,0.00069576,0.75961883
-6836.95179047,0.75866394,0.00069489,0.75866390
-6840.60497096,0.75907681,0.00069525,0.75907677
-6839.99435620,0.75977049,0.00069591,0.75977046
-6845.90103099,0.75920846,0.00069538,0.75920842
-6846.88190686,0.75901336,0.00069520,0.75901333
-6853.43123486,0.75934284,0.00069552,0.75934280
-6856.06857827,0.75914179,0.00069533,0.75914175
-6861.82542998,0.75873934,0.00069620,0.75873931
-6864.55008810,0.75863125,0.00069485,0.75863121
-6868.37804701,0.75744931,0.00074510,0.75744927
-6874.93624964,0.75815106,0.00069442,0.75815102
-6871.11696248,0.75769039,0.00069399,0.75769035
-6879.39394757,0.75800306,0.00069427,0.75800302
-6883.35024135,0.75756985,0.00069387,0.75756982
-6887.66041021,0.75792037,0.00069420,0.75792033
-6884.58233446,0.75908114,0.00073979,0.75908110
-6897.39711175,0.75626376,0.00069268,0.75626372
-6897.11063248,0.75692423,0.00069328,0.75692419
-6899.35148113,0.75842389,0.00069467,0.75842385
-6905.08259353,0.75767599,0.00069398,0.75767595
-6907.97171316,0.75805372,0.00069432,0.75805368
-6909.67294437,0.75722374,0.00069358,0.75722371
-6909.80738002,0.75752896,0.00069385,0.75752892
-6914.13122964,0.75836300,0.00069460,0.75836296
-6914.80501855,0.75830475,0.00069484,0.75830471
-6923.92423965,0.75694564,0.00069331,0.75694560
-6930.15930605,0.75516972,0.00069169,0.75516968
-6939.63255893,0.75633571,0.00069276,0.75633567
-6933.88260004,0.75739002,0.00085378,0.75738996
-6932.71029749,0.75871297,0.00083688,0.75871291
-6937.98663132,0.75726094,0.00069359,0.75726090
-6936.04562055,0.75794312,0.00069424,0.75794308
-6933.49849770,0.75717853,0.00069352,0.75717849
-6932.79169066,0.75754791,0.00075896,0.75754786
-6938.08017696,0.75626260,0.00069268,0.75626256
-6927.83656330,0.75682251,0.00069320,0.75682247
-6924.44981319,0.75840577,0.00079012,0.75840572
-6923.50489774,0.75851489,0.00069475,0.75851485
-6923.02670039,0.75728627,0.00069362,0.75728623
-6924.80984016,0.75906207,0.00069525,0.75906203
-6918.93395398,0.75874272,0.00069497,0.75874268
-6920.39125599,0.75729789,0.00069363,0.75729785
-6918.23518745,0.75639876,0.00069281,0.75639872
-6911.77554124,0.75779358,0.00069411,0.75779354
-6910.28542057,0.75799254,0.00069426,0.75799250
-6912.39229914,0.75807336,0.00076728,0.75807331
-6909.61335697,0.75760464,0.00069391,0.75760460
-6905.69552842,0.75519446,0.00069171,0.75519443
-6905.34041730,0.75796412,0.00069426,0.75796408
-6903.47276463,0.75798376,0.00069426,0.75798372
-6900.29045822,0.75532580,0.00069183,0.75532576
-6896.83145252,0.75833272,0.00069458,0.75833268
-6897.44675741,0.75763021,0.00069393,0.75763017
-6894.20656116,0.75795914,0.00069423,0.75795910
-6893.80663946,0.75554902,0.00069203,0.75554898
-6889.47649002,0.75867058,0.00069488,0.75867054
-6889.65501171,0.75930091,0.00069546,0.75930087
-6885.47859317,0.75772010,0.00079450,0.75772004
-6881.06527537,0.75830870,0.00069456,0.75830866
-6882.31005433,0.75843981,0.00069468,0.75843977
-6883.41936824,0.75881669,0.00069505,0.75881665
-6875.54122997,0.75785268,0.00069415,0.75785264
-6876.64672518,0.75880778,0.00069501,0.75880774
-6872.97922588,0.75843882,0.00069468,0.75843878
-6871.79108549,0.75870309,0.00069500,0.75870305
-6873.16826548,0.75681704,0.00069320,0.75681700
-6867.12814797,0.75851010,0.00069478,0.75851007
-6866.22787122,0.75872479,0.00069494,0.75872475
-6865.42047016,0.75607785,0.00069253,0.75607781
-6861.78142105,0.75867508,0.00069490,0.75867504
-6860.46379379,0.75810863,0.00098960,0.75810855
-6853.58288498,0.76100944,0.00069702,0.76100940
-6855.35759614,0.75758035,0.00069389,0.75758031
-6848.53520056,0.75900748,0.00069521,0.75900744
-6856.54694827,0.75832516,0.00069458,0.75832512
-6853.64289325,0.75922083,0.00069539,0.75922079
-6848.45573418,0.75940200,0.00069557,0.75940196
-6843.62286078,0.75883395,0.00069504,0.75883391
-6844.77082583,0.75853486,0.00069476,0.75853482
-6842.88643532,0.75577430,0.00069224,0.75577426
-6841.31236906,0.75803668,0.00069430,0.75803664
-6839.19062434,0.75895464,0.00072540,0.75895460
-6835.42715117,0.75948828,0.00069565,0.75948824
-6838.23232179,0.75783508,0.00069413,0.75783504
-6833.57188936,0.75960647,0.00069576,0.75960643
-6830.36155351,0.75833895,0.00091273,0.75833888
-6832.96275704,0.75731148,0.00069364,0.75731144
-6825.30526210,0.75795217,0.00069422,0.75795213
-6827.74561120,0.75677672,0.00069315,0.75677669
-6819.49122889,0.75908988,0.00069528,0.75908984
-6817.29753902,0.75624596,0.00069267,0.75624592
-6820.84276938,0.75787743,0.00069416,0.75787739
-6817.21330403,0.75587408,0.00069232,0.75587404
-6816.31391945,0.75488505,0.00069143,0.75488501
