Zc,E0Tn,betaTn,elastic
-4009.54203714,0.76029784,0.00069637,0.76029780
-3999.32438566,0.75725356,0.00069358,0.75725352
-3986.72763716,0.75999580,0.00069610,0.75999576
-4002.69008174,0.74602116,0.00068331,0.74602112
-3971.79836624,0.75925444,0.00069542,0.75925440
-3971.54337094,0.75829236,0.00081497,0.75829231
-3955.28961060,0.76123651,0.00069724,0.76123647
-3959.48252803,0.75698342,0.00069335,0.75698338
-3953.06270630,0.75821976,0.00069447,0.75821972
-3941.70323051,0.75975349,0.00069588,0.75975345
-3937.69676197,0.75817190,0.00069443,0.75817186
-3932.39582023,0.75992559,0.00075286,0.75992554
-3922.63175804,0.75970818,0.00069585,0.75970814
-3917.35443846,0.76003806,0.00069614,0.76003802
-3914.22604354,0.75778715,0.00069408,0.75778712
-3904.96233542,0.75835648,0.00069459,0.75835644
-3899.01808019,0.75783327,0.00069413,0.75783324
-3894.61503943,0.75979492,0.00069591,0.75979488
-3883.81948995,0.75756207,0.00069387,0.75756203
-3872.94328559,0.75878147,0.00069498,0.75878143
-3868.46214755,0.75820162,0.00069445,0.75820158
-3858.09510913,0.76121436,0.00069724,0.76121432
-3857.53332087,0.75830970,0.00069455,0.75830967
-3846.24704484,0.75861305,0.00069706,0.75861301
-3846.56027910,0.75937509,0.00069553,0.75937505
-3844.63796355,0.75792842,0.00069423,0.75792838
-3839.46295741,0.75843340,0.00069469,0.75843336
-3829.13751495,0.75741109,0.00069373,0.75741105
-3823.01740321,0.75682754,0.00069321,0.75682750
-3810.22208372,0.76026184,0.00069637,0.76026180
-3808.08126386,0.75850915,0.00069476,0.75850911
-3803.68732669,0.75828739,0.00070177,0.75828735
-3797.78388375,0.75663093,0.00069302,0.75663089
-3787.53565185,0.75984908,0.00069596,0.75984904
-3784.29482409,0.75765460,0.00069396,0.75765456
-3772.01377110,0.76147925,0.00069746,0.76147921
-3771.70032123,0.75789149,0.00069417,0.75789145
-3760.33455816,0.75805309,0.00069432,0.75805305
-3755.66999479,0.75857563,0.00072934,0.75857558
-3748.29176610,0.75886447,0.00090840,0.75886440
-3744.59120166,0.75652457,0.00069292,0.75652453
-3735.22353573,0.75727401,0.00069360,0.75727397
-3732.60077458,0.75807872,0.00069494,0.75807868
-3719.62130140,0.75838096,0.00069462,0.75838092
-3722.03287268,0.75704870,0.00069341,0.75704866
-3712.43053331,0.75767707,0.00069398,0.75767703
-3702.28770400,0.76064507,0.00070943,0.76064502
-3699.59247923,0.75774642,0.00069406,0.75774638
-3691.37395563,0.75731662,0.00069367,0.75731658
-3677.05728011,0.75892935,0.00069512,0.75892931
-3673.15208238,0.75911321,0.00069529,0.75911317
-3669.33392733,0.75910201,0.00069538,0.75910197
-3662.17174290,0.75585375,0.00069230,0.75585371
-3654.46033334,0.75807000,0.00069436,0.75806996
-3653.10470202,0.75639003,0.00069280,0.75638999
-3646.53763997,0.75741352,0.00069373,0.75741348
-3636.76388262,0.75804032,0.00069431,0.75804028
-3631.54946398,0.75682182,0.00069321,0.75682178
-3628.65304767,0.75677776,0.00071413,0.75677772
-3620.22184530,0.75884592,0.00073294,0.75884588
-3605.56458693,0.75986481,0.00069600,0.75986477
-3596.72132481,0.75812834,0.00069439,0.75812831
-3595.11731648,0.75854172,0.00069477,0.75854168
-3591.17112990,0.75669179,0.00069308,0.75669175
-3600.43424789,0.75595249,0.00069240,0.75595245
-3600.29447738,0.75646256,0.00069286,0.75646252
-3613.94733934,0.75669107,0.00069307,0.75669103
-3618.81350100,0.75858349,0.00069482,0.75858346
-3626.51127161,0.75734814,0.00080520,0.75734809
-3632.56867264,0.75965736,0.00069721,0.75965732
-3637.09722589,0.75922229,0.00069539,0.75922225
-3649.83101872,0.75915127,0.00069534,0.75915123
-3657.68008161,0.75811885,0.00069439,0.75811881
-3664.12905641,0.75602239,0.00069246,0.75602236
-3667.03372028,0.75782729,0.00069411,0.75782725
-3678.03382490,0.75969703,0.00070998,0.75969698
-3685.87836840,0.76008162,0.00069628,0.76008158
-3685.94165835,0.75921050,0.00069538,0.75921046
-3702.34198771,0.75829031,0.00069454,0.75829027
-3707.18404248,0.75688389,0.00069325,0.75688385
-3713.84543218,0.75805807,0.00069433,0.75805803
-3726.18708377,0.75671816,0.00069309,0.75671812
-3730.82123362,0.75695793,0.00069332,0.75695789
-3728.21096191,0.75934633,0.00069550,0.75934629
-3745.65075951,0.75624681,0.00069266,0.75624677
-3744.79948803,0.75992040,0.00069603,0.75992036
-3753.40905498,0.75553359,0.00069201,0.75553355
-3761.60721316,0.75883813,0.00069503,0.75883809
-3770.22375166,0.75767869,0.00069398,0.75767865
-3776.80547128,0.75920684,0.00069552,0.75920680
-3788.69791388,0.75900274,0.00069518,0.75900270
-3795.05934287,0.75732724,0.00069367,0.75732720
-3797.30259013,0.75998623,0.00069609,0.75998619
-3808.55659204,0.76036135,0.00069643,0.76036132
-3820.71042417,0.75481773,0.00069136,0.75481769
-3819.16616161,0.75799961,0.00069429,0.75799957
-3826.22621835,0.75914692,0.00069532,0.75914688
-3833.24541653,0.75954152,0.00069568,0.75954149
-3844.52670362,0.75782965,0.00069411,0.75782961
-3855.22025625,0.75838740,0.00069464,0.75838736
-3858.39649930,0.75731391,0.00069367,0.75731387
-3869.40464573,0.75696058,0.00069332,0.75696055
-3873.30800683,0.75504939,0.00069158,0.75504936
-3883.13677719,0.75883825,0.00069504,0.75883821
-3887.54880056,0.75888484,0.00070019,0.75888480
-3897.38600158,0.75862165,0.00077399,0.75862160
-3899.15814516,0.75862039,0.00069483,0.75862035
-3905.69836330,0.75862707,0.00069485,0.75862703
-3911.14204516,0.76028414,0.00069637,0.76028410
-3921.34418015,0.75891263,0.00069510,0.75891259
-3932.96248811,0.75791697,0.00069421,0.75791693
-3936.62912971,0.75962219,0.00069575,0.75962215
-3940.12882740,0.75856530,0.00069480,0.75856526
-3953.79345709,0.75615041,0.00069259,0.75615037
-3962.11665998,0.75861103,0.00069484,0.75861100
-3964.76939169,0.75737151,0.00069369,0.75737147
-3975.02539826,0.75619473,0.00069265,0.75619469
-3978.29078712,0.76039891,0.00069647,0.76039887
-3990.18336018,0.75694269,0.00069370,0.75694265
-3993.35638440,0.75970714,0.00069583,0.75970711
-4007.25879950,0.75736875,0.00069369,0.75736871
-4008.17739892,0.76014304,0.00069624,0.76014300
-4021.27111098,0.75611954,0.00069255,0.75611950
-4018.11408360,0.75946814,0.00069562,0.75946810
-4031.38367414,0.75676875,0.00069314,0.75676871
-4043.64279589,0.75552430,0.00069200,0.75552426
-4040.83413872,0.75821030,0.00069449,0.75821026
-4052.62557833,0.75866048,0.00069487,0.75866044
-4062.61126623,0.75806609,0.00069434,0.75806605
-4056.76835131,0.75714099,0.00073488,0.75714095
-4047.73247666,0.75816522,0.00069442,0.75816518
-4038.32689766,0.75825550,0.00069451,0.75825546
-4035.14691371,0.75722229,0.00069357,0.75722225
-4029.82878234,0.75616875,0.00069302,0.75616872
-4013.51989995,0.76112273,0.00069713,0.76112270
-4013.54354330,0.75629307,0.00069270,0.75629303
-4003.77993106,0.76012401,0.00069621,0.76012397
-4007.10970699,0.75742622,0.00069374,0.75742618
-3996.69848596,0.75745732,0.00069380,0.75745729
-3992.53684246,0.75685502,0.00069323,0.75685498
-3981.33683552,0.75921925,0.00069540,0.75921921
-3977.82971723,0.75862238,0.00069485,0.75862234
-3962.83943077,0.76155919,0.00069753,0.76155915
-3967.05768931,0.75598680,0.00069242,0.75598676
-3958.09991143,0.75852499,0.00069475,0.75852495
-3945.94584504,0.75859564,0.00069481,0.75859560
-3944.93294538,0.75763172,0.00069395,0.75763168
-3944.48950988,0.75819625,0.00069448,0.75819622
-3931.32876267,0.75882374,0.00069505,0.75882371
-3917.56878793,0.76136516,0.00069736,0.76136512
-3914.80967948,0.75903388,0.00069521,0.75903384
-3911.07356670,0.75697679,0.00071190,0.75697675
-3907.14373390,0.75592448,0.00069238,0.75592445
-3902.84265240,0.75677134,0.00071427,0.75677130
-3892.12664504,0.75698614,0.00069334,0.75698610
-3887.19055409,0.75828365,0.00070214,0.75828361
-3879.72454884,0.75946900,0.00069563,0.75946896
-3880.11664859,0.75594842,0.00069240,0.75594838
-3866.40892082,0.75782192,0.00069410,0.75782188
-3862.99127897,0.75618705,0.00069263,0.75618701
-3856.77315856,0.75644325,0.00069287,0.75644321
-3846.45742323,0.75663847,0.00069302,0.75663843
-3839.58981106,0.75896311,0.00081536,0.75896306
-3824.67361305,0.76079949,0.00069684,0.76079945
-3829.84494603,0.75860597,0.00073219,0.75860593
-3822.21896605,0.75723013,0.00069356,0.75723009
-3814.13635104,0.75925003,0.00070057,0.75924999
-3806.03584132,0.76056395,0.00069661,0.76056391
-3803.70683372,0.75662938,0.00069301,0.75662934
-3791.76854120,0.76014718,0.00069630,0.76014714
-3791.49457013,0.75943980,0.00069562,0.75943976
-3784.66998011,0.75709863,0.00069345,0.75709859
-3774.11373854,0.76002711,0.00070044,0.76002707
-3765.47759867,0.75690989,0.00069327,0.75690985
-3757.93947842,0.75787747,0.00069416,0.75787743
-3751.57459959,0.75793031,0.00069420,0.75793027
-3750.12234369,0.75656626,0.00069297,0.75656622
-3736.13862375,0.75787707,0.00069416,0.75787703
-3739.87300385,0.75755045,0.00069386,0.75755041
-3728.84126895,0.75780654,0.00069411,0.75780650
-3720.35590926,0.75832487,0.00070297,0.75832483
-3716.70786612,0.75749638,0.00069381,0.75749634
-3707.27795170,0.75865502,0.00069488,0.75865498
-3692.13446179,0.75932024,0.00069548,0.75932020
-3699.13475968,0.75841415,0.00069779,0.75841411
-3687.86390920,0.75676969,0.00069316,0.75676965
-3682.83602815,0.75848359,0.00069472,0.75848355
-3675.78001967,0.75826923,0.00069452,0.75826920
-3671.85536368,0.76013665,0.00082241,0.76013660
-3665.28512072,0.75944504,0.00069559,0.75944500
-3657.68126623,0.75822540,0.00069449,0.75822536
-3643.79087012,0.75977924,0.00069591,0.75977920
-3650.43027944,0.75942559,0.00069558,0.75942555
-3659.84796974,0.76037730,0.00069645,0.76037726
-3664.61839875,0.75969518,0.00069583,0.75969514
-3679.71802936,0.75786595,0.00069415,0.75786591
-3684.55156692,0.75644309,0.00069284,0.75644306
-3694.56852480,0.75793132,0.00069421,0.75793128
-3701.16352745,0.76003347,0.00069627,0.76003344
-3698.41714872,0.76098796,0.00069702,0.76098792
-3717.58981368,0.75859990,0.00069482,0.75859986
-3721.09444649,0.75894976,0.00069517,0.75894972
-3724.08212175,0.75966743,0.00069579,0.75966739
-3734.78658685,0.75740334,0.00069372,0.75740330
-3744.22075372,0.75676044,0.00069313,0.75676040
-3749.08250791,0.75998034,0.00069608,0.75998030
-3759.11394918,0.75732552,0.00069366,0.75732548
-3764.54647605,0.75856146,0.00089616,0.75856140
-3775.22785839,0.75730083,0.00069364,0.75730079
-3782.12666197,0.75840831,0.00069467,0.75840827
-3798.42717477,0.75610692,0.00069254,0.75610688
-3793.27706676,0.75828296,0.00069453,0.75828292
-3798.93737977,0.75979964,0.00069606,0.75979961
-3811.96859390,0.75971969,0.00069588,0.75971965
-3819.10485605,0.75806652,0.00073037,0.75806648
-3822.61047881,0.75893000,0.00069513,0.75892996
-3821.94241628,0.75901522,0.00069521,0.75901518
-3839.60828285,0.75995907,0.00069610,0.75995903
-3845.76248923,0.75820105,0.00069448,0.75820101
-3857.58457236,0.75699605,0.00069336,0.75699601
-3860.17357320,0.75615414,0.00069261,0.75615410
-3864.18949831,0.75864631,0.00069487,0.75864627
-3872.37729135,0.75900673,0.00069519,0.75900669
-3875.54415169,0.76050440,0.00069656,0.76050436
-3885.98607846,0.75904132,0.00069522,0.75904128
-3894.87013657,0.75763949,0.00069394,0.75763945
-3907.23587395,0.75840000,0.00073542,0.75839995
-3913.71974632,0.75564327,0.00069211,0.75564323
-3915.28582258,0.75747304,0.00069379,0.75747300
-3925.70442363,0.75921404,0.00069538,0.75921400
-3938.23595374,0.75929481,0.00069549,0.75929477
-3932.40453817,0.76175010,0.00069772,0.76175006
-3947.34388708,0.75895350,0.00069514,0.75895346
-3956.30623317,0.75801098,0.00070398,0.75801094
-3962.78421284,0.76055962,0.00069673,0.76055958
-3970.20576027,0.75917510,0.00069535,0.75917506
-3979.87247151,0.75839804,0.00069466,0.75839800
-3979.95066973,0.75918968,0.00069536,0.75918965
-3994.62575178,0.75659408,0.00069300,0.75659404
-3992.66509857,0.76032009,0.00069640,0.76032005
-4005.47460029,0.75709825,0.00069345,0.75709822
-4001.15423848,0.76050664,0.00069657,0.76050660
-4022.10170332,0.75907802,0.00069553,0.75907798
-4029.28658035,0.75863469,0.00069486,0.75863465
-4033.46602158,0.75760307,0.00069390,0.75760303
-4042.80509392,0.75656414,0.00069295,0.75656411
-4049.41892854,0.75827618,0.00070184,0.75827614
-4049.33798518,0.76036118,0.00069643,0.76036114
-4066.63406341,0.75918443,0.00070378,0.75918439
-4067.83915659,0.75800905,0.00069427,0.75800901
-4078.95303512,0.75750366,0.00069382,0.75750362
-4088.91032412,0.76011296,0.00069620,0.76011292
-4088.10384708,0.76037789,0.00069645,0.76037785
-4092.49260669,0.76110923,0.00069714,0.76110919
-4104.26625285,0.76145978,0.00069744,0.76145975
-4116.20346809,0.75948061,0.00069562,0.75948057
-4122.33923276,0.75904674,0.00069524,0.75904670
-4113.74339617,0.75947959,0.00069563,0.75947955
-4110.30604286,0.75964083,0.00069581,0.75964079
-4105.22669977,0.75902711,0.00069521,0.75902707
-4092.92233773,0.75996851,0.00069608,0.75996847
-4092.53358572,0.75759304,0.00069393,0.75759300
-4085.82177868,0.75839092,0.00069463,0.75839088
-4072.60671105,0.76156342,0.00069753,0.76156338
-4068.71257594,0.76019689,0.00069628,0.76019685
-4069.53463438,0.75685288,0.00069323,0.75685284
-4061.98826347,0.75581124,0.00069227,0.75581120
-4049.60760057,0.76054045,0.00069659,0.76054041
-4047.15566963,0.75748954,0.00069382,0.75748950
-4039.98589907,0.75621241,0.00069264,0.75621237
-4033.05288407,0.75888529,0.00069509,0.75888525
-4026.54762972,0.75828422,0.00069453,0.75828418
-4022.56752715,0.75868805,0.00073604,0.75868801
-4008.70636437,0.75846358,0.00069469,0.75846354
-4010.22041348,0.75647749,0.00069288,0.75647745
-3993.85379230,0.75846536,0.00069469,0.75846532
-3995.68862683,0.75715393,0.00069350,0.75715389
-3986.32437011,0.76134754,0.00069736,0.76134750
-3985.07868818,0.75741126,0.00069373,0.75741122
-3979.32987985,0.75941169,0.00069556,0.75941165
-3963.54106867,0.76010004,0.00069619,0.76010000
-3962.17349059,0.75676744,0.00069314,0.75676741
-3956.43955274,0.76018306,0.00069627,0.76018302
-3944.01480048,0.76074074,0.00069678,0.76074070
-3946.53442477,0.75843558,0.00069468,0.75843554
-3934.16842240,0.75761925,0.00069392,0.75761921
-3936.03428368,0.75922131,0.00069541,0.75922127
-3924.89987164,0.75905694,0.00080289,0.75905689
-3907.97033488,0.76088060,0.00069691,0.76088056
-3905.99762824,0.75873527,0.00069495,0.75873523
-3903.65623514,0.75821972,0.00069448,0.75821968
-3900.35105364,0.75736942,0.00069539,0.75736938
-3889.18152922,0.75551907,0.00069199,0.75551904
-3885.46904053,0.75656885,0.00069296,0.75656881
-3880.05932498,0.75730250,0.00069365,0.75730246
-3872.22129956,0.75797855,0.00070523,0.75797851
-3867.01617547,0.75528722,0.00069178,0.75528718
-3859.75766804,0.75817633,0.00069443,0.75817629
-3847.82822195,0.76247574,0.00069837,0.76247570
-3842.59639323,0.75975998,0.00069588,0.75975995
-3842.02462939,0.75882040,0.00069502,0.75882036
-3834.12278100,0.75774768,0.00069405,0.75774764
-3827.09947865,0.75698804,0.00069336,0.75698801
-3812.16540164,0.76016439,0.00069626,0.76016435
-3813.30597674,0.75926247,0.00069544,0.75926243
-3803.45791891,0.75658142,0.00069297,0.75658139
-3798.32989066,0.75983641,0.00071033,0.75983637
-3795.36989764,0.75877827,0.00069498,0.75877823
-3789.49162292,0.75896479,0.00069518,0.75896475
-3780.25519328,0.75988706,0.00069599,0.75988702
-3770.84832280,0.75665600,0.00069307,0.75665597
-3765.19018314,0.75837695,0.00069461,0.75837691
-3760.00677926,0.75519443,0.00069172,0.75519439
-3751.26472635,0.75765277,0.00069395,0.75765273
-3750.23416038,0.75667300,0.00069308,0.75667296
-3743.49295163,0.76004734,0.00069679,0.76004730
-3731.81052213,0.75993123,0.00069605,0.75993119
-3727.74858551,0.75622461,0.00069264,0.75622457
-3722.01712148,0.76067549,0.00073870,0.76067545
-3709.46084474,0.76055650,0.00069664,0.76055646
-3722.71099683,0.75727794,0.00069362,0.75727791
-3732.87783408,0.75770153,0.00069401,0.75770149
-3727.36018601,0.76055537,0.00069661,0.76055533
-3746.27940484,0.75720689,0.00069356,0.75720685
-3750.25180933,0.75922213,0.00069539,0.75922209
-3759.73566501,0.75659972,0.00069299,0.75659968
-3765.06662504,0.75825488,0.00069453,0.75825484
-3768.01966253,0.75935508,0.00069551,0.75935504
-3782.19264435,0.75676335,0.00069317,0.75676331
-3782.89226555,0.75814146,0.00069440,0.75814142
-3797.04238602,0.75809629,0.00069437,0.75809625
-3806.43934961,0.75605093,0.00069248,0.75605089
-3801.22869710,0.76106174,0.00069707,0.76106170
-3819.11669249,0.75950595,0.00069565,0.75950591
-3827.76521729,0.75701466,0.00069336,0.75701462
-3831.94408321,0.76122901,0.00095742,0.76122893
-3833.94882953,0.76152125,0.00069749,0.76152121
-3847.77829032,0.75798054,0.00069425,0.75798050
-3857.01446117,0.75767472,0.00069398,0.75767468
-3859.66028999,0.75734169,0.00082472,0.75734163
-3875.54544598,0.75523056,0.00069176,0.75523052
-3874.56535756,0.75796582,0.00069424,0.75796578
-3883.17763138,0.75625387,0.00069267,0.75625383
-3890.74723743,0.75810915,0.00070564,0.75810910
-3900.16596908,0.75813425,0.00069442,0.75813421
-3908.42590780,0.75541102,0.00069190,0.75541099
-3914.68581272,0.75562434,0.00069212,0.75562430
-3923.94737435,0.75604616,0.00069249,0.75604612
-3928.68478559,0.76063660,0.00069668,0.76063656
-3931.24971181,0.76130714,0.00069730,0.76130710
-3942.01578628,0.76041921,0.00069649,0.76041917
-3952.77701440,0.75750746,0.00069383,0.75750742
-3964.46427179,0.75862943,0.00069484,0.75862940
-3962.10501011,0.75884044,0.00069505,0.75884040
-3974.30597522,0.75775148,0.00069406,0.75775144
-3982.34945964,0.75868363,0.00069493,0.75868359
-3981.99683320,0.76078424,0.00069682,0.76078420
-4000.02888486,0.75701235,0.00069338,0.75701231
-3998.90058109,0.75824336,0.00069449,0.75824333
-4014.02274072,0.75600013,0.00069246,0.75600009
-4014.32338839,0.75881812,0.00069502,0.75881808
-4028.18490324,0.75802320,0.00069431,0.75802316
-4033.00574020,0.75975513,0.00074392,0.75975509
-4038.52871748,0.75877078,0.00069497,0.75877074
-4047.99885512,0.75592372,0.00069236,0.75592368
-4050.71042957,0.76077526,0.00069681,0.76077522
-4063.15964515,0.75984719,0.00069596,0.75984715
-4071.67223477,0.75781836,0.00069413,0.75781833
-4079.85902761,0.75671936,0.00080840,0.75671931
-4086.94091108,0.75869533,0.00069491,0.75869529
-4089.03622637,0.75894050,0.00069514,0.75894046
-4101.78677831,0.75930927,0.00069547,0.75930923
-4113.85836577,0.75925916,0.00069542,0.75925912
-4116.92963185,0.75964735,0.00069608,0.75964732
-4123.82901788,0.75909808,0.00070075,0.75909804
-4133.25352522,0.75840295,0.00069466,0.75840291
-4142.93473477,0.75779669,0.00069408,0.75779665
-4144.93357333,0.75864608,0.00069486,0.75864604
-4154.64594440,0.75945354,0.00069562,0.75945350
-4154.73467236,0.76039832,0.00069647,0.76039829
-4164.33301808,0.76107193,0.00069708,0.76107189
-4178.77063821,0.75685964,0.00069323,0.75685960
-4184.69947788,0.75634973,0.00069277,0.75634970
-4187.98773480,0.75754290,0.00069385,0.75754286
-4191.29229297,0.75920296,0.00069537,0.75920292
-4190.17157740,0.75680692,0.00069317,0.75680688
-4187.15777914,0.75620859,0.00069263,0.75620855
-4179.05138555,0.76067950,0.00087497,0.76067944
-4168.43172988,0.75782442,0.00069413,0.75782438
-4159.30963092,0.76004953,0.00069616,0.76004949
-4155.65140532,0.75923529,0.00069540,0.75923525
-4153.97179424,0.75668513,0.00069307,0.75668509
-4153.30987219,0.75480441,0.00069134,0.75480437
-4139.52244605,0.75657022,0.00069298,0.75657018
-4133.01323024,0.75654572,0.00070367,0.75654568
-4129.24817077,0.75691402,0.00069327,0.75691398
-4125.18592789,0.75746253,0.00069381,0.75746249
-4113.82753148,0.75763609,0.00069393,0.75763605
-4108.40981135,0.75558214,0.00069206,0.75558210
-4102.20398598,0.75589218,0.00069237,0.75589214
-4090.84066533,0.75938593,0.00069554,0.75938589
-4079.38047445,0.76119728,0.00069720,0.76119724
-4085.41352537,0.75997257,0.00069608,0.75997253
-4074.89776468,0.75662110,0.00069300,0.75662106
-4067.52434788,0.75804115,0.00069432,0.75804111
-4054.52542849,0.75984857,0.00069596,0.75984853
-4052.47200735,0.75714484,0.00069348,0.75714480
-4048.94725111,0.75630529,0.00069272,0.75630525
-4034.78690132,0.76056857,0.00069665,0.76056853
-4037.33843751,0.75723012,0.00069356,0.75723008
-4026.97832010,0.76025804,0.00088024,0.76025798
-4024.20569410,0.75861759,0.00069483,0.75861755
-4011.85914881,0.75861676,0.00069483,0.75861672
-4008.03937312,0.75703394,0.00069339,0.75703390
-3999.78989289,0.75894637,0.00069515,0.75894633
-3994.27439339,0.75703560,0.00069340,0.75703556
-3982.55364430,0.76107172,0.00069709,0.76107168
-3982.94830015,0.75882021,0.00069502,0.75882017
-3978.80358331,0.75735512,0.00069368,0.75735508
-3964.40354213,0.76101069,0.00069703,0.76101065
-3963.74582137,0.75749696,0.00069383,0.75749692
-3958.96827367,0.75742477,0.00069374,0.75742473
-3949.32302762,0.75885225,0.00069507,0.75885221
-3937.21430753,0.76071559,0.00069676,0.76071555
-3928.61089177,0.75948335,0.00069565,0.75948332
-3924.55645535,0.76006402,0.00069618,0.76006399
-3926.18813206,0.75641690,0.00069284,0.75641686
-3915.30821393,0.75530486,0.00069180,0.75530482
-3911.49535017,0.75589182,0.00069234,0.75589178
-3907.89074843,0.75628361,0.00069271,0.75628357
-3899.82755424,0.75749134,0.00069380,0.75749130
-3889.46233957,0.75831462,0.00069455,0.75831458
-3886.94009718,0.75790328,0.00069418,0.75790324
-3879.60231162,0.75547460,0.00069197,0.75547456
-3875.34224898,0.75494949,0.00069148,0.75494945
-3864.79607728,0.75594151,0.00069296,0.75594147
-3859.25753690,0.75847679,0.00069471,0.75847675
-3844.78568481,0.76211176,0.00074094,0.76211171
-3844.44597440,0.75930975,0.00084946,0.75930969
-3841.22273028,0.75884437,0.00069506,0.75884433
-3830.69810933,0.75851042,0.00069474,0.75851038
-3824.64174989,0.75944250,0.00069566,0.75944246
-3818.95634379,0.76048579,0.00069657,0.76048575
-3820.88135125,0.75443349,0.00069100,0.75443345
-3799.30196298,0.76020988,0.00069630,0.76020984
-3802.89958210,0.75893493,0.00069513,0.75893489
-3795.59589925,0.75750200,0.00069384,0.75750196
-3784.34223153,0.76011430,0.00069620,0.76011426
-3797.05789366,0.75789485,0.00069418,0.75789481
-3798.12080638,0.75949051,0.00069564,0.75949047
-3806.08406299,0.75864490,0.00069486,0.75864486
-3814.86205451,0.75755027,0.00069386,0.75755023
-3817.54067355,0.75982322,0.00069594,0.75982318
-3829.66706893,0.75959552,0.00069573,0.75959548
-3837.72411989,0.75417025,0.00069077,0.75417021
-3838.34271150,0.75916574,0.00069533,0.75916570
-3844.60970335,0.75942252,0.00069558,0.75942248
-3861.39155456,0.75882115,0.00069502,0.75882111
-3870.08002666,0.75762888,0.00071916,0.75762884
-3877.39645807,0.75672434,0.00069313,0.75672430
-3879.30980021,0.75695465,0.00069331,0.75695461
-3887.68034618,0.75715365,0.00069351,0.75715361
-3898.89033973,0.75611441,0.00069254,0.75611437
-3898.66964716,0.75744157,0.00069376,0.75744153
-3912.11925346,0.75647130,0.00069289,0.75647126
-3914.03817365,0.75964136,0.00069577,0.75964133
-3922.82106666,0.75835307,0.00069460,0.75835304
-3925.18737201,0.75786003,0.00069416,0.75785999
-3940.26421611,0.76023826,0.00069632,0.76023823
-3950.20939289,0.75673998,0.00069312,0.75673994
-3956.69370152,0.75774913,0.00069407,0.75774909
-3953.64475219,0.75901062,0.00069519,0.75901058
-3973.61127635,0.75878527,0.00069500,0.75878523
-3977.99369848,0.75769967,0.00069403,0.75769963
-3979.09003069,0.75938610,0.00069554,0.75938606
-3991.82898810,0.75712977,0.00069347,0.75712973
-4002.32192688,0.76092185,0.00088852,0.76092179
-4006.99353197,0.75758098,0.00069390,0.75758094
-4017.89008227,0.75837934,0.00078361,0.75837929
-4020.43271127,0.75744479,0.00069379,0.75744475
-4029.13161942,0.75855306,0.00069477,0.75855302
-4038.11537412,0.75693596,0.00069330,0.75693592
-4039.44264609,0.75961347,0.00069575,0.75961343
-4055.41324660,0.75392440,0.00069054,0.75392436
-4059.30697742,0.75571788,0.00069220,0.75571785
-4060.53729082,0.75966497,0.00069580,0.75966493
-4076.03365190,0.75935192,0.00069553,0.75935188
-4089.16068224,0.75771755,0.00069402,0.75771751
-4093.47710649,0.75668492,0.00069307,0.75668488
-4100.13105501,0.76071985,0.00069678,0.76071981
-4100.78514736,0.76115960,0.00069717,0.76115956
-4109.34229338,0.75971992,0.00069585,0.75971988
-4121.42444726,0.75851004,0.00069474,0.75851000
-4130.32841071,0.75885938,0.00069507,0.75885934
-4138.58785806,0.75931902,0.00069548,0.75931898
-4147.76780569,0.76131993,0.00070740,0.76131989
-4153.40049354,0.76043957,0.00069650,0.76043953
-4155.59033997,0.75878406,0.00069500,0.75878402
-4159.17716423,0.76160204,0.00069760,0.76160200
-4173.22559831,0.75878828,0.00069501,0.75878824
-4186.08068388,0.75737672,0.00069370,0.75737668
-4188.63960426,0.75811905,0.00069437,0.75811901
-4190.44850481,0.76008486,0.00069618,0.76008482
-4204.11775732,0.75763103,0.00069394,0.75763099
-4212.43142424,0.75647455,0.00069289,0.75647451
-4213.86199519,0.75778810,0.00069409,0.75778806
-4230.78717665,0.75671304,0.00069309,0.75671300
-4235.85268609,0.75831165,0.00069456,0.75831161
-4242.65316879,0.75941686,0.00069556,0.75941682
-4253.38233935,0.75820992,0.00069446,0.75820988
-4258.31466132,0.75962768,0.00069579,0.75962764
-4265.51374441,0.76007949,0.00069620,0.76007945
-4272.74510875,0.75699998,0.00069335,0.75699994
-4261.24480774,0.76029537,0.00069637,0.76029533
-4263.20147905,0.75783398,0.00069413,0.75783394
-4250.26048658,0.76062308,0.00069669,0.76062304
-4248.06376127,0.75828913,0.00069457,0.75828909
-4240.73004016,0.76150885,0.00069748,0.76150881
-4230.28120445,0.75791609,0.00069421,0.75791605
-4228.38004938,0.75762997,0.00069396,0.75762993
-4214.37591137,0.75795401,0.00069424,0.75795397
-4214.81183354,0.75662546,0.00069876,0.75662542
-4207.11372915,0.75869471,0.00070479,0.75869467
-4193.77947450,0.75899164,0.00069518,0.75899160
-4190.64074413,0.75607907,0.00069251,0.75607903
-4193.29144673,0.75687242,0.00069324,0.75687238
-4181.55304940,0.76045259,0.00069653,0.76045255
-4168.85517379,0.75905009,0.00069523,0.75905005
-4172.43690002,0.75756397,0.00069390,0.75756393
-4161.97299716,0.75623324,0.00069268,0.75623320
-4159.16467620,0.75634024,0.00069275,0.75634020
-4149.92157272,0.75837844,0.00069501,0.75837841
-4145.28382958,0.75769764,0.00069399,0.75769761
-4137.53595069,0.75841948,0.00069490,0.75841944
-4130.28985600,0.76120469,0.00069720,0.76120466
-4127.51960178,0.76174639,0.00069771,0.76174635
-4120.17757167,0.75948930,0.00069563,0.75948927
-4114.57487245,0.75741030,0.00069373,0.75741026
-4107.87925844,0.75738451,0.00069372,0.75738447
-4102.75258519,0.75843353,0.00069468,0.75843349
-4091.48520806,0.76043322,0.00069650,0.76043318
-4077.01605537,0.75845232,0.00069472,0.75845229
-4077.65932559,0.75973389,0.00069585,0.75973385
-4074.18394624,0.75715737,0.00069350,0.75715733
-4062.97639133,0.75402782,0.00069063,0.75402778
-4054.44388530,0.75946121,0.00069564,0.75946117
-4052.50296833,0.75865208,0.00069488,0.75865205
-4043.63071573,0.75470714,0.00069129,0.75470710
-4033.02507640,0.75925413,0.00069543,0.75925409
-4032.69571358,0.75592400,0.00069239,0.75592396
-4016.34311814,0.76140013,0.00069740,0.76140009
-4020.71383926,0.75644437,0.00069285,0.75644433
-4005.70150683,0.76094448,0.00069697,0.76094444
-4009.99675277,0.75719838,0.00069355,0.75719834
-4000.60237141,0.75847475,0.00070284,0.75847471
-3995.42446996,0.75957249,0.00069571,0.75957246
-3986.93242615,0.75733559,0.00069368,0.75733555
-3971.87936740,0.75998620,0.00069609,0.75998616
-3977.97963605,0.75751887,0.00069385,0.75751883
-3965.86321122,0.75952139,0.00069566,0.75952135
-3958.45083050,0.76060755,0.00069666,0.76060752
-3949.89211221,0.76011409,0.00069620,0.76011405
-3947.13197290,0.75758307,0.00069389,0.75758303
-3943.97072284,0.75754188,0.00069386,0.75754184
-3935.82487596,0.75833827,0.00070112,0.75833823
-3925.13051259,0.75944539,0.00069559,0.75944535
-3918.25193038,0.75956424,0.00069570,0.75956420
-3907.25071837,0.75817726,0.00069443,0.75817722
-3904.86601686,0.75845549,0.00069468,0.75845545
-3899.87788500,0.75851116,0.00080103,0.75851111
-3890.95685604,0.75933634,0.00069550,0.75933630
-3882.12764611,0.75994747,0.00069605,0.75994743
-3872.53596334,0.75833101,0.00069457,0.75833097
-3872.13405423,0.76009842,0.00069619,0.76009838
-3869.59934315,0.75990643,0.00070606,0.75990639
-3863.78201000,0.75801035,0.00069428,0.75801031
-3865.90992451,0.75692815,0.00069330,0.75692811
-3877.89490303,0.75626739,0.00069269,0.75626735
-3880.59363957,0.75751628,0.00069384,0.75751624
-3895.51392389,0.72934540,0.00066842,0.72934536
-3899.52559638,0.75542492,0.00069194,0.75542488
-3906.04729388,0.75732888,0.00069368,0.75732884
-3913.39329616,0.75671419,0.00069309,0.75671415
-3919.32998253,0.75999932,0.00072565,0.75999928
-3928.50308658,0.75848757,0.00069471,0.75848753
-3928.69644182,0.76005521,0.00069615,0.76005517
-3940.13170825,0.76068596,0.00076853,0.76068591
-3952.74814662,0.75704508,0.00069341,0.75704504
-3955.65118624,0.75900659,0.00083698,0.75900653
-3967.88386976,0.75866041,0.00069489,0.75866037
-3964.80873224,0.76041884,0.00069649,0.76041880
-3978.89301198,0.75683404,0.00069391,0.75683400
-3987.34346309,0.75932277,0.00069548,0.75932273
-3992.20056867,0.76045938,0.00069652,0.76045934
-4006.18299337,0.75572949,0.00069219,0.75572945
-4007.79443934,0.75944499,0.00069562,0.75944495
-4019.44318118,0.75558959,0.00069208,0.75558956
-4016.10234033,0.76024637,0.00069635,0.76024633
-4031.25769963,0.75631807,0.00069527,0.75631803
-4032.82046117,0.76032151,0.00076316,0.76032146
-4045.49858586,0.75866493,0.00069488,0.75866489
-4052.02198257,0.75621630,0.00069264,0.75621626
-4059.50532806,0.75883340,0.00069503,0.75883336
-4071.04742635,0.75948970,0.00069565,0.75948967
-4077.65301048,0.75647142,0.00069287,0.75647138
-4086.29188724,0.75681548,0.00069318,0.75681545
-4093.12866835,0.75837068,0.00069461,0.75837064
-4094.06017669,0.76110527,0.00069711,0.76110523
-4107.08420295,0.75948303,0.00069562,0.75948299
-4117.45811395,0.75908580,0.00069529,0.75908576
-4124.95489959,0.76026565,0.00069643,0.76026561
-4132.53500630,0.75780601,0.00069410,0.75780597
-4141.18824235,0.75787056,0.00069416,0.75787052
-4148.79380257,0.75891485,0.00069511,0.75891481
-4152.74293821,0.76062462,0.00069668,0.76062458
-4158.40689408,0.75805774,0.00069432,0.75805770
-4160.22093788,0.76094056,0.00069698,0.76094052
-4176.11252190,0.75838404,0.00069462,0.75838400
-4185.72235826,0.75677585,0.00069316,0.75677581
-4191.36991234,0.75984714,0.00069598,0.75984710
-4194.37684374,0.75947581,0.00069562,0.75947577
-4205.54604503,0.75589923,0.00069494,0.75589919
-4216.31856750,0.75685744,0.00069322,0.75685740
-4214.81292494,0.76156834,0.00069754,0.76156830
-4233.04073074,0.75641575,0.00069285,0.75641571
-4233.02381158,0.76203969,0.00069799,0.76203965
-4246.93774526,0.75618263,0.00069261,0.75618260
-4248.88256976,0.76000073,0.00069610,0.76000069
-4260.78405028,0.75727435,0.00069360,0.75727431
-4269.54978996,0.75697152,0.00069335,0.75697148
-4275.68324352,0.75641378,0.00069469,0.75641374
-4269.52417229,0.76124956,0.00069726,0.76124952
-4288.72573523,0.75942347,0.00069587,0.75942344
-4293.18279394,0.75735349,0.00069369,0.75735345
-4295.34627524,0.76023014,0.00069631,0.76023010
-4309.92504245,0.75864677,0.00069523,0.75864674
-4320.79186693,0.75665807,0.00069306,0.75665803
-4322.50472258,0.75703830,0.00069339,0.75703826
-4324.42813222,0.75794717,0.00069422,0.75794714
-4335.33843067,0.75856527,0.00069478,0.75856523
-4342.97433213,0.75915453,0.00069535,0.75915449
-4338.12693963,0.75679839,0.00069319,0.75679835
-4328.14506384,0.75621062,0.00069263,0.75621058
-4323.34836215,0.75730991,0.00069365,0.75730987
-4317.09759630,0.75953814,0.00083592,0.75953808
-4310.79187635,0.76039426,0.00074955,0.76039421
-4307.04198457,0.75791675,0.00069421,0.75791672
-4296.40126370,0.75674557,0.00069313,0.75674553
-4284.61999489,0.76063074,0.00069669,0.76063070
-4290.30309530,0.75818603,0.00069444,0.75818599
-4283.96361224,0.75695328,0.00071188,0.75695324
-4271.15396397,0.75976788,0.00069589,0.75976784
-4271.03624281,0.75635306,0.00069277,0.75635302
-4255.56160039,0.75727514,0.00069360,0.75727510
-4249.96584101,0.75715229,0.00069352,0.75715225
-4238.42530790,0.76213559,0.00073506,0.76213554
-4240.54948336,0.75768694,0.00069399,0.75768690
-4233.91178876,0.75933784,0.00069550,0.75933780
-4225.61103608,0.75822328,0.00069931,0.75822324
-4222.09542344,0.75688748,0.00069328,0.75688744
-4213.00997268,0.75780728,0.00069410,0.75780725
-4205.36532032,0.75646004,0.00069286,0.75646000
-4203.89806444,0.75625801,0.00069268,0.75625797
-4190.44481048,0.75855576,0.00069478,0.75855572
-4180.25141614,0.75931992,0.00069548,0.75931988
-4181.33236489,0.75500076,0.00069154,0.75500072
-4172.93679892,0.75658008,0.00069297,0.75658004
-4170.42428537,0.75778568,0.00069407,0.75778564
-4162.97799982,0.75918514,0.00069538,0.75918510
-4154.53558155,0.75994023,0.00069605,0.75994019
-4142.85746274,0.75798223,0.00069425,0.75798219
-4134.56069989,0.75897253,0.00069516,0.75897249
-4123.96201424,0.76171755,0.00069768,0.76171751
-4124.35582361,0.76084245,0.00069687,0.76084242
-4119.60953326,0.75935671,0.00069551,0.75935667
-4116.25679934,0.75925275,0.00069544,0.75925271
-4109.83096847,0.75831348,0.00069456,0.75831344
-4103.79428011,0.75532053,0.00069212,0.75532050
-4094.44766586,0.75710952,0.00069346,0.75710948
-4090.01466253,0.76049664,0.00069655,0.76049660
-4083.41807168,0.75920710,0.00069537,0.75920707
-4080.25457730,0.75569155,0.00069215,0.75569151
-4072.85010043,0.75628983,0.00072287,0.75628979
-4061.62127375,0.75562356,0.00069209,0.75562352
-4056.69914191,0.75759426,0.00069390,0.75759422
-4055.80819611,0.75656059,0.00069295,0.75656055
-4043.07180353,0.75866714,0.00069488,0.75866710
-4041.28063385,0.75730160,0.00069363,0.75730157
-4035.50916569,0.75707866,0.00069346,0.75707862
-4026.36960351,0.75824709,0.00069449,0.75824705
-4021.81054531,0.75564612,0.00069214,0.75564608
-4009.40335835,0.75929526,0.00069545,0.75929522
-4013.01665220,0.75675251,0.00069313,0.75675247
-4005.83180803,0.75812311,0.00069440,0.75812307
-3991.65009021,0.76058715,0.00069664,0.76058711
-3990.57734802,0.75631487,0.00069274,0.75631483
-3988.22592751,0.75926723,0.00069543,0.75926719
-3973.76761054,0.75963455,0.00069576,0.75963451
-3971.19111637,0.75760723,0.00069392,0.75760719
-3966.72256856,0.75857119,0.00069482,0.75857116
-3960.06331309,0.75936306,0.00069555,0.75936302
-3948.32613346,0.76021614,0.00069633,0.76021610
-3940.72668259,0.76021810,0.00069630,0.76021806
-3944.72737846,0.74980761,0.00068677,0.74980758
-3942.31680554,0.75738358,0.00069370,0.75738354
-3958.51208931,0.75869186,0.00069491,0.75869183
-3956.08408242,0.75869712,0.00069491,0.75869708
-3964.90170474,0.75996974,0.00070290,0.75996970
-3976.53471784,0.75765083,0.00069395,0.75765079
-3981.00960963,0.75895537,0.00069515,0.75895533
-3984.09507864,0.75988846,0.00069600,0.75988842
-3996.87569824,0.75572931,0.00069219,0.75572927
-3998.32336569,0.75899772,0.00069518,0.75899768
-4010.77304585,0.75730856,0.00069364,0.75730853
-4016.02318735,0.75779692,0.00069411,0.75779688
-4023.81040844,0.75881101,0.00070267,0.75881097
-4030.08842395,0.75798433,0.00069467,0.75798429
-4033.27088253,0.75868528,0.00069489,0.75868524
-4041.70601661,0.76104424,0.00069706,0.76104420
-4048.22664184,0.75727502,0.00072586,0.75727498
-4050.57776309,0.76023572,0.00069632,0.76023568
-4064.59233160,0.75876440,0.00069500,0.75876436
-4077.02776792,0.75508694,0.00069162,0.75508690
-4073.32737856,0.75821194,0.00069446,0.75821190
-4079.09604834,0.75865942,0.00069487,0.75865938
-4092.83037244,0.75673001,0.00069312,0.75672997
-4103.22865778,0.75591660,0.00069237,0.75591656
-4110.57612032,0.75752985,0.00069384,0.75752981
-4119.23633611,0.75811699,0.00069438,0.75811695
-4122.26837139,0.75927250,0.00069544,0.75927246
-4121.69064312,0.75973728,0.00069586,0.75973724
-4129.42572473,0.76019540,0.00069630,0.76019537
-4135.27502344,0.76009452,0.00069619,0.76009448
-4148.56321620,0.76063970,0.00069672,0.76063966
-4158.97112937,0.75933472,0.00069549,0.75933468
-4165.88570701,0.75610082,0.00069253,0.75610078
-4176.24547171,0.75766654,0.00069396,0.75766650
-4185.95990829,0.75676293,0.00069316,0.75676289
-4186.31057225,0.75801993,0.00069432,0.75801989
-4190.92751495,0.76064330,0.00069670,0.76064327
-4206.26852698,0.75691852,0.00069330,0.75691848
-4213.07207175,0.75817833,0.00069443,0.75817829
-4213.82243115,0.75844345,0.00069468,0.75844341
-4227.73865198,0.75642615,0.00069283,0.75642611
-4235.03419608,0.75782284,0.00069411,0.75782280
-4240.13713641,0.76014498,0.00069625,0.76014494
-4251.24943661,0.75892363,0.00069512,0.75892359
-4253.03049937,0.76132701,0.00069732,0.76132697
-4265.33817354,0.75759045,0.00069390,0.75759042
-4267.66970303,0.75914578,0.00069532,0.75914574
-4278.35872473,0.75855395,0.00069478,0.75855391
-4285.64488040,0.75884245,0.00069505,0.75884241
-4294.07266180,0.75943840,0.00069559,0.75943836
-4305.77336865,0.75649256,0.00069292,0.75649252
-4307.57664135,0.75802088,0.00069429,0.75802084
-4308.55174349,0.76128978,0.00069728,0.76128974
-4326.86906998,0.75940233,0.00069557,0.75940229
-4332.14304284,0.75612304,0.00069292,0.75612300
-4342.27797633,0.75608165,0.00069251,0.75608161
-4344.43604953,0.75901366,0.00070549,0.75901362
-4349.61579490,0.75897090,0.00069516,0.75897086
-4356.39186514,0.75971282,0.00069586,0.75971278
-4369.01460772,0.76062678,0.00088276,0.76062672
-4368.36238286,0.75827829,0.00069452,0.75827826
-4379.61569873,0.75955492,0.00069569,0.75955488
-4384.09441269,0.76055716,0.00069661,0.76055712
-4393.36786113,0.75940543,0.00069556,0.75940539
-4403.12396306,0.76044107,0.00069679,0.76044103
-4415.34293063,0.75918769,0.00069536,0.75918765
-4406.80036080,0.75691507,0.00069327,0.75691503
-4405.13208674,0.75745745,0.00069377,0.75745742
-4397.76634941,0.75910093,0.00069530,0.75910089
-4389.67206780,0.75987301,0.00069599,0.75987298
-4386.09324941,0.75913311,0.00069531,0.75913307
-4381.55658012,0.75832819,0.00069458,0.75832815
-4370.98341587,0.75784282,0.00069413,0.75784278
-4364.29220083,0.75809006,0.00069436,0.75809002
-4357.42682337,0.75936841,0.00069554,0.75936837
-4348.27479206,0.75767851,0.00069397,0.75767847
-4345.14052593,0.75484768,0.00069138,0.75484764
-4336.45608384,0.75668818,0.00069309,0.75668814
-4325.12571851,0.75905464,0.00069523,0.75905460
-4317.21386814,0.75940897,0.00069557,0.75940893
-4315.63211853,0.75939212,0.00069554,0.75939208
-4315.20280148,0.75562291,0.00069210,0.75562287
-4302.10016028,0.75850996,0.00069476,0.75850992
-4296.33161981,0.75775813,0.00069405,0.75775809
-4291.07718743,0.75689533,0.00069327,0.75689529
-4277.35515419,0.76039588,0.00069649,0.76039584
-4278.39375170,0.75805609,0.00069433,0.75805606
-4265.59826540,0.76050066,0.00069656,0.76050062
-4264.80730566,0.75858062,0.00069480,0.75858058
-4257.03981482,0.75828867,0.00069456,0.75828863
-4248.13946699,0.75925719,0.00069542,0.75925715
-4237.28460970,0.76060554,0.00069666,0.76060550
-4238.38502068,0.75840297,0.00069464,0.75840293
-4227.36746167,0.75870753,0.00069494,0.75870749
-4224.61827017,0.75450982,0.00069108,0.75450978
-4221.79391950,0.75742567,0.00069377,0.75742563
-4203.37457146,0.75832881,0.00069457,0.75832878
-4208.94900532,0.75549436,0.00069200,0.75549433
-4196.56473154,0.75671394,0.00069309,0.75671390
-4188.76803488,0.75799876,0.00069427,0.75799872
-4176.91444618,0.76008045,0.00069619,0.76008041
-4180.60125764,0.75450317,0.00069106,0.75450313
-4176.55734462,0.75516962,0.00069168,0.75516958
-4167.95122110,0.75686508,0.00069323,0.75686504
-4162.01722960,0.75678749,0.00069318,0.75678746
-4154.98588612,0.75937293,0.00069556,0.75937289
-4145.52133388,0.75954178,0.00069568,0.75954174
-4139.86721767,0.75896759,0.00069515,0.75896755
-4136.33264864,0.75877268,0.00069498,0.75877264
-4132.33773474,0.76141798,0.00074463,0.76141793
-4122.32444336,0.76066955,0.00072438,0.76066951
-4119.82387419,0.75798719,0.00069428,0.75798715
-4113.34902845,0.75735095,0.00069367,0.75735092
-4104.93078219,0.75661153,0.00069302,0.75661149
-4097.90552135,0.75942842,0.00069559,0.75942838
-4082.33759717,0.76101656,0.00074374,0.76101652
-4082.47448302,0.75836155,0.00069461,0.75836151
-4075.68731991,0.75728898,0.00069361,0.75728894
-4070.59883793,0.75750029,0.00069384,0.75750025
-4057.18031877,0.75989187,0.00069600,0.75989183
-4060.93548767,0.75749593,0.00076176,0.75749588
-4049.29090088,0.75707198,0.00069345,0.75707194
-4034.63672721,0.75917018,0.00069536,0.75917014
-4039.96530941,0.75722297,0.00069359,0.75722293
-4024.71396694,0.76030327,0.00069638,0.76030324
-4028.66508804,0.75724987,0.00069359,0.75724983
-4018.66766291,0.75850061,0.00069475,0.75850057
-4016.87615999,0.75877799,0.00069501,0.75877795
-4001.30282536,0.75794723,0.00069423,0.75794719
-4014.78902686,0.75675819,0.00069316,0.75675815
-4011.59484587,0.76031314,0.00069639,0.76031310
-4026.43141077,0.75733895,0.00069368,0.75733891
-4033.78485753,0.75909413,0.00070328,0.75909409
-4044.66497689,0.75793245,0.00069422,0.75793241
-4050.97878152,0.75617618,0.00069260,0.75617614
-4048.29876209,0.76028680,0.00069637,0.76028676
-4068.87362663,0.75761179,0.00069392,0.75761175
-4075.03703877,0.75470922,0.00069128,0.75470918
-4075.23866352,0.75770878,0.00069403,0.75770874
-4076.15111469,0.76104041,0.00069706,0.76104037
-4110.24852370,0.75255392,0.00068928,0.75255388
-4098.48167858,0.75923922,0.00069543,0.75923918
-4113.03160934,0.75632439,0.00069275,0.75632435
-4117.02006669,0.75779110,0.00069408,0.75779106
-4132.07566599,0.75446990,0.00069105,0.75446986
-4127.92173740,0.75967032,0.00069580,0.75967028
-4135.19737035,0.75694226,0.00069330,0.75694223
-4141.31225622,0.75933891,0.00069549,0.75933887
-4153.67208393,0.75706881,0.00069342,0.75706877
-4157.43339758,0.75742235,0.00069377,0.75742231
-4163.14319643,0.75571438,0.00069218,0.75571434
-4175.40647276,0.75678210,0.00069315,0.75678206
-4179.83473917,0.75795346,0.00069426,0.75795343
-4184.65490282,0.75724402,0.00069358,0.75724399
-4187.96160716,0.76042311,0.00069649,0.76042307
-4203.95754290,0.75569081,0.00069216,0.75569077
-4213.13295168,0.75676039,0.00069313,0.75676035
-4211.31172962,0.75828387,0.00069453,0.75828383
-4224.34610575,0.75534425,0.00069206,0.75534421
-4232.39420021,0.75676405,0.00069315,0.75676402
-4236.91846495,0.76031219,0.00069639,0.76031215
-4247.85350624,0.75756807,0.00069388,0.75756803
-4249.48676848,0.75999191,0.00069611,0.75999188
-4267.99458838,0.75563636,0.00069211,0.75563632
-4268.16115717,0.75869303,0.00069491,0.75869299
-4280.41019183,0.75787974,0.00069419,0.75787970
-4274.66777062,0.75920622,0.00069538,0.75920619
-4292.51768473,0.75817648,0.00069445,0.75817644
-4297.76945236,0.75960798,0.00086991,0.75960792
-4309.47851009,0.75951588,0.00069567,0.75951584
-4315.45006961,0.75782994,0.00070206,0.75782990
-4321.92675806,0.75903109,0.00082495,0.75903103
-4321.10453227,0.75999405,0.00069611,0.75999401
-4336.80025561,0.75955287,0.00069569,0.75955283
-4350.81888406,0.75773909,0.00069403,0.75773905
-4356.96785536,0.75735927,0.00069369,0.75735923
-4366.12176196,0.75668354,0.00069308,0.75668350
-4371.88954857,0.75605471,0.00069249,0.75605467
-4381.36832201,0.75636776,0.00069277,0.75636772
-4387.34683357,0.75701778,0.00069337,0.75701774
-4394.98259219,0.75683396,0.00069322,0.75683392
-4402.32937946,0.75831887,0.00069458,0.75831883
-4411.84586202,0.76008489,0.00069618,0.76008485
-4419.03425394,0.75998478,0.00069609,0.75998474
-4421.53022804,0.76046591,0.00069654,0.76046587
-4421.43172360,0.76119493,0.00069720,0.76119489
-4437.12650808,0.75604718,0.00069250,0.75604714
-4445.53043648,0.75636757,0.00069280,0.75636753
-4454.26997546,0.75932635,0.00069549,0.75932631
-4458.87559460,0.76024437,0.00087116,0.76024431
-4466.97234287,0.75786613,0.00069414,0.75786609
-4471.62079269,0.75821046,0.00069446,0.75821042
-4483.74057649,0.75455902,0.00069112,0.75455899
-4486.69464035,0.75913578,0.00069531,0.75913574
-4481.86831811,0.75757747,0.00069388,0.75757743
-4478.92170959,0.75837190,0.00069462,0.75837186
-4463.67490774,0.76028231,0.00069636,0.76028227
-4464.52482023,0.75667355,0.00069305,0.75667351
-4460.54001834,0.75892834,0.00069513,0.75892830
-4445.61050337,0.75903390,0.00069522,0.75903386
-4446.18240245,0.75707266,0.00069391,0.75707262
-4441.34209582,0.75696363,0.00069382,0.75696360
-4432.64289147,0.75882402,0.00069506,0.75882398
-4423.06051499,0.75879260,0.00069503,0.75879256
-4422.65537685,0.75863669,0.00069488,0.75863665
-4414.10289011,0.75949098,0.00082330,0.75949092
-4410.72139014,0.75816145,0.00069441,0.75816141
-4408.49341855,0.75658572,0.00069298,0.75658568
-4398.68309604,0.75763661,0.00069394,0.75763657
-4394.07968041,0.75858212,0.00069480,0.75858208
-4385.48702941,0.75817897,0.00069443,0.75817893
-4381.15202239,0.75683032,0.00069320,0.75683028
-4372.95299738,0.75740771,0.00069374,0.75740767
-4363.34304694,0.75830201,0.00069454,0.75830197
-4359.09996635,0.75798658,0.00076001,0.75798653
-4354.37369186,0.75653029,0.00069292,0.75653025
-4349.10076650,0.75589505,0.00070297,0.75589501
-4338.03253372,0.75873339,0.00070538,0.75873335
-4325.76149658,0.75971856,0.00069586,0.75971852
-4327.44912426,0.75821756,0.00069450,0.75821752
-4321.38095344,0.75695921,0.00069335,0.75695917
-4316.18946890,0.75725277,0.00069359,0.75725273
-4300.46022828,0.75924144,0.00069542,0.75924140
-4305.67915196,0.75754940,0.00069386,0.75754936
-4294.34000740,0.75616173,0.00069260,0.75616169
-4282.16878178,0.75947032,0.00069561,0.75947028
-4284.17080365,0.75639044,0.00069282,0.75639040
-4268.87611569,0.75876620,0.00069497,0.75876616
-4272.97812449,0.75835548,0.00069462,0.75835545
-4259.05245626,0.75939469,0.00069554,0.75939465
-4252.01526031,0.75686449,0.00069324,0.75686445
-4244.28123723,0.76053023,0.00069659,0.76053019
-4242.09149519,0.75835293,0.00069459,0.75835289
-4239.45010729,0.75778375,0.00069408,0.75778371
-4220.58446712,0.75946769,0.00069563,0.75946765
-4223.73501706,0.75729588,0.00069362,0.75729584
-4219.09061197,0.75552936,0.00069201,0.75552932
-4212.03197269,0.75889630,0.00073167,0.75889626
-4200.98568230,0.75905747,0.00069525,0.75905743
-4197.93610225,0.75625051,0.00069270,0.75625047
-4187.80507657,0.75722670,0.00069356,0.75722666
-4182.63668008,0.75947785,0.00069566,0.75947781
-4177.94335886,0.75878817,0.00069499,0.75878813
-4161.26784010,0.76132543,0.00069731,0.76132539
-4160.12970313,0.76151220,0.00069751,0.76151216
-4152.09508761,0.76043645,0.00069650,0.76043642
-4148.03359828,0.76205295,0.00073922,0.76205290
-4140.15198620,0.76028686,0.00069636,0.76028682
-4134.29725080,0.76079693,0.00069685,0.76079689
-4128.09377867,0.76033726,0.00069641,0.76033722
-4122.70437485,0.75943361,0.00069559,0.75943357
-4123.41008831,0.75869327,0.00069493,0.75869323
-4114.01900653,0.75950001,0.00069567,0.75949997
-4106.03093023,0.75770733,0.00069400,0.75770730
-4097.15112969,0.75993146,0.00069614,0.75993142
-4089.46497759,0.75832226,0.00069457,0.75832222
-4086.97763864,0.75653858,0.00069338,0.75653854
-4093.90142836,0.75659240,0.00069299,0.75659236
-4094.11489150,0.75955084,0.00069569,0.75955080
-4106.64303224,0.75893960,0.00069514,0.75893957
-4115.92825296,0.75838661,0.00080555,0.75838656
-4124.54356900,0.75794453,0.00069422,0.75794449
-4130.69281336,0.75706946,0.00069342,0.75706942
-4134.30481827,0.75830836,0.00069458,0.75830832
-4141.33937174,0.76097247,0.00087248,0.76097241
-4148.96740124,0.76013332,0.00069630,0.76013328
-4157.23880822,0.76042350,0.00084094,0.76042344
-4163.61192673,0.75940226,0.00069557,0.75940222
-4171.92544731,0.75768516,0.00069398,0.75768512
-4181.36010799,0.75533737,0.00069183,0.75533733
-4189.57220127,0.75578327,0.00069224,0.75578323
-4195.55801930,0.75944910,0.00070680,0.75944906
-4198.64029008,0.75859051,0.00069481,0.75859047
-4213.31647425,0.75919093,0.00069539,0.75919090
-4220.87995389,0.75595361,0.00069240,0.75595357
-4222.82665012,0.75888296,0.00069508,0.75888292
-4225.30815373,0.75916192,0.00069533,0.75916189
-4238.44301447,0.75790378,0.00069421,0.75790374
-4241.14545415,0.75990552,0.00069601,0.75990548
-4253.87311084,0.75948462,0.00069566,0.75948458
-4265.02024098,0.75957067,0.00069571,0.75957063
-4270.87779559,0.75625419,0.00069267,0.75625415
-4275.34224462,0.75928032,0.00069544,0.75928028
-4287.27579266,0.75668419,0.00069307,0.75668415
-4285.39934369,0.75881418,0.00069502,0.75881414
-4296.81730127,0.75691764,0.00069331,0.75691760
-4323.70948662,0.73586895,0.00067400,0.73586891
-4305.66819794,0.75781890,0.00069410,0.75781886
-4320.63302453,0.75784009,0.00069415,0.75784005
-4329.32934476,0.75571644,0.00069218,0.75571641
-4332.72942778,0.75378813,0.00069100,0.75378809
-4339.77794003,0.75843115,0.00069466,0.75843111
-4341.50408715,0.76009889,0.00069620,0.76009885
-4352.73552561,0.75880926,0.00069501,0.75880922
-4365.76961409,0.75958004,0.00069574,0.75958000
-4376.17349501,0.75780387,0.00069411,0.75780383
-4383.09012770,0.75707997,0.00069344,0.75707993
-4391.88573118,0.75900140,0.00069519,0.75900136
-4398.65376792,0.76036099,0.00069646,0.76036095
-4406.89350103,0.76019143,0.00069628,0.76019139
-4412.70274785,0.75890543,0.00069510,0.75890539
-4416.54491574,0.76011262,0.00069621,0.76011258
-4417.16865796,0.76096224,0.00069699,0.76096220
-4429.72043318,0.75987188,0.00069598,0.75987184
-4441.78354923,0.75733846,0.00069367,0.75733842
-4453.27542647,0.75865861,0.00069491,0.75865857
-4449.19051490,0.76005270,0.00069615,0.76005266
-4465.21527049,0.75983768,0.00069595,0.75983764
-4473.25963417,0.75768043,0.00069400,0.75768039
-4470.18153578,0.76000482,0.00069611,0.76000478
-4489.86863327,0.75705374,0.00069340,0.75705370
-4493.01447082,0.75911250,0.00069528,0.75911246
-4496.49143179,0.75826156,0.00069452,0.75826152
-4513.96236201,0.75783034,0.00069411,0.75783030
-4513.51379162,0.75620052,0.00069262,0.75620048
-4520.79180949,0.75922030,0.00069541,0.75922026
-4528.54665029,0.75727201,0.00069360,0.75727197
-4538.71024727,0.75846711,0.00069469,0.75846707
-4548.22163386,0.76114180,0.00069758,0.76114176
-4558.67161927,0.75839706,0.00069464,0.75839702
-4560.58344768,0.76053974,0.00069681,0.76053970
-4561.44116498,0.75951848,0.00069566,0.75951844
-4575.01871911,0.75188575,0.00068867,0.75188571
-4559.03038702,0.75861317,0.00073266,0.75861313
-4552.31494286,0.75944210,0.00069559,0.75944206
-4545.62487335,0.76020960,0.00069631,0.76020956
-4538.61846729,0.75742225,0.00069374,0.75742221
-4523.21775023,0.75924972,0.00069543,0.75924969
-4524.32994737,0.75645320,0.00069285,0.75645316
-4521.20971265,0.75587271,0.00069233,0.75587267
-4512.57209043,0.76060046,0.00072873,0.76060042
-4505.77873987,0.75628802,0.00069270,0.75628798
-4500.76380485,0.75885022,0.00069505,0.75885019
-4492.56734807,0.75814150,0.00069442,0.75814147
-4485.92833229,0.75543721,0.00069192,0.75543717
-4472.44892314,0.75837266,0.00069461,0.75837262
-4477.16091608,0.75749731,0.00069384,0.75749727
-4469.30891171,0.75818823,0.00069447,0.75818819
-4454.51399199,0.75899835,0.00069518,0.75899832
-4454.50399689,0.75792898,0.00069421,0.75792895
-4451.39054734,0.75776338,0.00069405,0.75776334
-4444.57497242,0.75835921,0.00069460,0.75835917
-4435.92416806,0.76051753,0.00069657,0.76051749
-4424.71271319,0.76105439,0.00069708,0.76105435
-4418.14687405,0.76094359,0.00069697,0.76094355
-4413.76701870,0.75840508,0.00069464,0.75840504
-4408.32734518,0.75791413,0.00069422,0.75791410
-4405.97739491,0.75668309,0.00069308,0.75668305
-4399.47293132,0.75423625,0.00069087,0.75423621
-4392.91632237,0.75475763,0.00069130,0.75475759
-4385.51028400,0.75310844,0.00068979,0.75310840
-4374.63220607,0.75241332,0.00068917,0.75241328
-4372.04903318,0.75125485,0.00068809,0.75125482
-4364.31075012,0.75218443,0.00068896,0.75218439
-4355.42188963,0.75222606,0.00068899,0.75222602
-4350.51372239,0.75212183,0.00068889,0.75212179
-4337.42797026,0.75603182,0.00069246,0.75603178
-4329.45259389,0.75671724,0.00069310,0.75671720
-4331.86025364,0.75482965,0.00069137,0.75482961
-4321.90997307,0.75323712,0.00068991,0.75323708
-4322.08036330,0.75206446,0.00068884,0.75206442
-4307.75262841,0.75576767,0.00069223,0.75576763
-4301.82838731,0.75625183,0.00069268,0.75625180
-4301.38756477,0.75650283,0.00069292,0.75650279
-4284.90032658,0.75899866,0.00069520,0.75899862
-4283.06294538,0.75605199,0.00069249,0.75605195
-4275.20194168,0.75941077,0.00069557,0.75941073
-4272.44964917,0.75710302,0.00069345,0.75710298
-4264.60134485,0.75948699,0.00069563,0.75948695
-4254.27583378,0.75797519,0.00069424,0.75797516
-4249.93820660,0.75824521,0.00069449,0.75824518
-4231.07992193,0.76177349,0.00069774,0.76177345
-4234.86732427,0.75716498,0.00069350,0.75716494
-4230.11150302,0.75716801,0.00069351,0.75716797
-4217.15638165,0.76103368,0.00069705,0.76103364
-4214.18085454,0.75835518,0.00069498,0.75835514
-4206.83931710,0.75593702,0.00069238,0.75593698
-4204.67342151,0.75768735,0.00069401,0.75768731
-4195.66367020,0.76019713,0.00069629,0.76019709
-4182.23239175,0.75910053,0.00069528,0.75910049
-4174.17747057,0.75984125,0.00069596,0.75984121
-4175.20851419,0.75868661,0.00069489,0.75868657
-4170.15657517,0.75575022,0.00069222,0.75575018
-4163.92178665,0.75848531,0.00069471,0.75848527
-4158.38589558,0.75569673,0.00069216,0.75569669
-4159.40301661,0.75926400,0.00069543,0.75926397
-4172.20848263,0.75506532,0.00069160,0.75506528
-4181.79579851,0.75623034,0.00069265,0.75623030
-4185.50831607,0.75860763,0.00069482,0.75860759
-4190.39624804,0.75909229,0.00069527,0.75909225
-4195.17443848,0.75912851,0.00069530,0.75912847
-4203.18256106,0.75731161,0.00069364,0.75731157
-4213.87763514,0.75660730,0.00069299,0.75660726
-4217.19444477,0.75983711,0.00069595,0.75983707
-4224.51503467,0.76024321,0.00069632,0.76024317
-4234.65142090,0.75689805,0.00069589,0.75689801
-4242.91719685,0.75776724,0.00069408,0.75776721
-4249.43729334,0.76056072,0.00069661,0.76056068
-4262.96529905,0.75819556,0.00069445,0.75819552
-4255.54361833,0.76116729,0.00069718,0.76116725
-4278.89489702,0.75626782,0.00069268,0.75626778
-4272.96016375,0.75777046,0.00069406,0.75777042
-4285.22325906,0.75530627,0.00069183,0.75530623
-4287.72544019,0.75765005,0.00069395,0.75765001
-4300.81453497,0.75456356,0.00069114,0.75456352
-4305.96162047,0.75377769,0.00069042,0.75377765
-4308.28803776,0.75673965,0.00069313,0.75673961
-4322.98288307,0.75475487,0.00069265,0.75475483
-4331.19430456,0.74888065,0.00068592,0.74888061
-4336.67160440,0.74452756,0.00068193,0.74452752
-4345.34115768,0.74423712,0.00068167,0.74423708
-4352.05720158,0.74441869,0.00068183,0.74441865
-4354.50524785,0.74439758,0.00068182,0.74439754
-4366.68392817,0.74745229,0.00068460,0.74745225
-4377.62085260,0.74077774,0.00067849,0.74077770
-4382.30672988,0.74777251,0.00068490,0.74777247
-4388.95505591,0.74781248,0.00068493,0.74781244
-4396.63750999,0.74709158,0.00068427,0.74709154
-4403.54120578,0.75209947,0.00068886,0.75209944
-4411.23528570,0.75088866,0.00068777,0.75088862
-4408.07986717,0.75515345,0.00069166,0.75515341
-4421.69288841,0.75478974,0.00069133,0.75478970
-4429.93869323,0.75034017,0.00068726,0.75034014
-4441.00560031,0.75433517,0.00069092,0.75433513
-4447.68193172,0.75534166,0.00069184,0.75534162
-4447.88318578,0.75797338,0.00069426,0.75797334
-4462.15800961,0.75578919,0.00069225,0.75578915
-4473.17379137,0.75426181,0.00069086,0.75426177
-4471.61930956,0.75810828,0.00069437,0.75810824
-4484.18879846,0.75608972,0.00069252,0.75608968
-4491.81718738,0.75677339,0.00069314,0.75677336
-4494.76180656,0.75917467,0.00069538,0.75917464
-4508.48043604,0.75697607,0.00069335,0.75697603
-4505.59666996,0.76083515,0.00069720,0.76083511
-4520.77782830,0.75594315,0.00069242,0.75594311
-4525.31979521,0.75870847,0.00070407,0.75870843
-4535.74985517,0.75695033,0.00069334,0.75695029
-4543.97997813,0.75749182,0.00069381,0.75749178
-4542.92227504,0.76054622,0.00069660,0.76054618
-4558.96220925,0.75632194,0.00069273,0.75632190
-4562.30145805,0.75874763,0.00069497,0.75874759
-4565.65500868,0.76120257,0.00069720,0.76120253
-4582.13812772,0.75850822,0.00069475,0.75850818
-4586.23456666,0.75846000,0.00069471,0.75845996
-4588.80121071,0.75804616,0.00069431,0.75804612
-4597.82463688,0.75996762,0.00069608,0.75996758
-4597.10716122,0.76062198,0.00069667,0.76062194
-4604.37929297,0.76036315,0.00069646,0.76036311
-4616.20503722,0.75952919,0.00069569,0.75952916
-4621.65652817,0.76029466,0.00069637,0.76029462
-4621.46661984,0.75907156,0.00069525,0.75907152
-4614.17024199,0.75837458,0.00069463,0.75837454
-4610.40017753,0.75829207,0.00069544,0.75829203
-4603.79782267,0.75544616,0.00069194,0.75544612
-4590.12102559,0.75723394,0.00069357,0.75723391
-4586.76939356,0.75937285,0.00069554,0.75937281
-4573.74517454,0.75996855,0.00069609,0.75996851
-4577.53109773,0.76061810,0.00069668,0.76061806
-4572.19331855,0.75646185,0.00069286,0.75646182
-4561.70431967,0.75882846,0.00069505,0.75882842
-4549.51951022,0.75996051,0.00069607,0.75996048
-4549.03572685,0.75829442,0.00069457,0.75829438
-4539.52215980,0.76090177,0.00091644,0.76090170
-4536.45065887,0.75861378,0.00069532,0.75861374
-4528.91825350,0.75684489,0.00069322,0.75684485
-4519.25601545,0.75845024,0.00069468,0.75845020
-4520.70909294,0.75314149,0.00068982,0.75314145
-4504.15152475,0.75824869,0.00069450,0.75824865
-4503.42545795,0.75450822,0.00069107,0.75450818
-4497.12499259,0.75732182,0.00069367,0.75732178
-4485.28286050,0.75360465,0.00069025,0.75360461
-4483.27079854,0.75216608,0.00068894,0.75216604
-4468.70074458,0.75326272,0.00068993,0.75326269
-4465.96815988,0.74842821,0.00068554,0.74842817
-4466.77321024,0.74638986,0.00068363,0.74638982
-4449.47453110,0.75003459,0.00068697,0.75003455
-4459.97456394,0.70429851,0.03659042,0.70418206
-4432.94818254,0.74944840,0.00068644,0.74944836
-4432.72112954,0.73636350,0.00067445,0.73636346
-4446.15821358,0.56237196,0.74203945,0.49880954
-5942.35847621,0.27199714,0.73865591,0.08452755
-5159.96629265,0.28064078,0.79642645,0.03252838
-7342.01216100,0.23368230,0.65791393,0.03978949
-4402.23210647,0.72885615,0.00066757,0.72885611
-4426.36170275,0.45456307,0.93671829,0.31486671
-4385.74710093,0.74742427,0.00068458,0.74742423
-4380.43439717,0.74664615,0.00069232,0.74664611
-4375.70439113,0.74722840,0.00068445,0.74722837
-4369.70908341,0.75032995,0.00068772,0.75032991
-4363.91234097,0.75106117,0.00068795,0.75106113
-4352.86101541,0.75513359,0.00069164,0.75513355
-4345.98318202,0.75703275,0.00069339,0.75703271
-4346.36192958,0.75385382,0.00069047,0.75385378
-4341.97024112,0.75352567,0.00069017,0.75352563
-4337.12942100,0.75209515,0.00068887,0.75209511
-4326.70320382,0.75820088,0.00069446,0.75820085
-4316.22645685,0.76124481,0.00069724,0.76124477
-4316.20282711,0.75767061,0.00069397,0.75767057
-4307.31236476,0.75842977,0.00069466,0.75842973
-4302.68106502,0.75848524,0.00069471,0.75848520
-4301.70697466,0.75805129,0.00069434,0.75805125
-4286.27453149,0.75922586,0.00069539,0.75922582
-4286.75473363,0.75721034,0.00069355,0.75721030
-4272.85218286,0.75925781,0.00069543,0.75925777
-4270.22967643,0.75716602,0.00069350,0.75716598
-4255.20422766,0.76281691,0.00071214,0.76281686
-4256.21636521,0.75858507,0.00069484,0.75858503
-4252.54035773,0.75990224,0.00069601,0.75990221
-4239.90146130,0.75882242,0.00069502,0.75882238
-4241.74169763,0.75850423,0.00082748,0.75850417
-4226.14315138,0.75873503,0.00069496,0.75873499
-4222.14049651,0.75863745,0.00069486,0.75863741
-4222.89797412,0.75644470,0.00069286,0.75644466
-4229.69909086,0.75768768,0.00069398,0.75768764
-4226.09183853,0.75834885,0.00069459,0.75834881
-4236.61920242,0.75757012,0.00069390,0.75757008
-4248.96667642,0.75983366,0.00069631,0.75983362
-4248.94297379,0.76048689,0.00069655,0.76048685
-4264.33375869,0.75824064,0.00069450,0.75824060
-4262.15589676,0.76030081,0.00069638,0.76030077
-4276.84265446,0.75789874,0.00069420,0.75789870
-4280.33156323,0.75749738,0.00069380,0.75749734
-4285.98233766,0.75783752,0.00069412,0.75783749
-4291.50435787,0.76059500,0.00069667,0.76059496
-4304.83367847,0.75763451,0.00069394,0.75763447
-4307.03977776,0.75899799,0.00069521,0.75899796
-4312.84654513,0.76126951,0.00069727,0.76126947
-4329.83349825,0.75744872,0.00069377,0.75744868
-4333.96840041,0.75578961,0.00069224,0.75578957
-4332.56139966,0.75967484,0.00069581,0.75967480
-4341.24664966,0.75786503,0.00069415,0.75786499
-4351.92522360,0.75780042,0.00069409,0.75780038
-4359.59170232,0.75398694,0.00069059,0.75398690
-4364.57868480,0.75051346,0.00068743,0.75051342
-4374.66937281,0.75029275,0.00068723,0.75029271
-4383.14404273,0.74550864,0.00068284,0.74550861
-4416.62751233,0.42487285,0.97802257,0.25167885
-7562.86029884,0.29958456,0.72376084,0.15994301
-7414.90711586,0.29554251,0.66802530,0.18077277
-7663.85891426,0.26487729,0.67490686,0.11983871
-8027.56786826,0.26947265,0.66300534,0.13699429
-7973.08795728,0.25951495,0.70279745,0.08271812
-8588.87686684,0.23157288,0.63869074,0.06045727
-8453.15827164,0.25145818,0.65537658,0.10303010
-8508.66290517,0.23212771,0.64033211,0.06045813
-6892.03440247,0.30491106,0.71927569,0.17203041
-8487.57051500,0.23300945,0.64168253,0.06207442
-7802.77227340,0.28014469,0.73125924,0.11390957
-7581.89705048,0.28259510,0.72526189,0.12419502
-6013.38916849,0.33920055,0.74505835,0.21692348
-7728.38215509,0.24343574,0.65311391,0.08371161
-7692.21979094,0.23826681,0.64417796,0.07705732
-7075.96525031,0.27947757,0.71817298,0.12217033
-6669.83031152,0.33614105,0.71218203,0.22551810
-4514.02475029,0.74751030,0.00068466,0.74751027
-4531.95988339,0.75281028,0.00068955,0.75281024
-4531.83533455,0.75213303,0.00068893,0.75213299
-4536.23885390,0.75861859,0.00069484,0.75861855
-4553.41655433,0.75623819,0.00069268,0.75623815
-4559.25652685,0.75469594,0.00069126,0.75469590
-4562.02302194,0.75776334,0.00069405,0.75776330
-4575.71413382,0.75774023,0.00069403,0.75774019
-4579.56167610,0.75749471,0.00069382,0.75749467
-4590.92986317,0.75814032,0.00069440,0.75814028
-4587.74666910,0.76069509,0.00069673,0.76069505
-4600.92933108,0.76107944,0.00069710,0.76107940
-4611.62711636,0.75929039,0.00069545,0.75929035
-4619.42133058,0.75659393,0.00069299,0.75659390
-4624.07175588,0.75663078,0.00069301,0.75663074
-4631.70740178,0.75759793,0.00069420,0.75759789
-4640.10858380,0.75712319,0.00069346,0.75712315
-4647.54086644,0.75732459,0.00069365,0.75732455
-4654.56379353,0.75833594,0.00069458,0.75833590
-4657.15137696,0.76086752,0.00069690,0.76086748
-4659.01067695,0.76086546,0.00069689,0.76086542
-4676.60673950,0.76053785,0.00070057,0.76053781
-4690.70360264,0.75741179,0.00070111,0.75741175
-4694.91307652,0.75829687,0.00069455,0.75829684
-4680.68769866,0.75881337,0.00069502,0.75881333
-4673.81112743,0.75692514,0.00069328,0.75692510
-4669.27766611,0.75909773,0.00069550,0.75909769
-4664.12038414,0.75658952,0.00069299,0.75658948
-4654.10286623,0.75881133,0.00069501,0.75881129
-4655.69743928,0.75847300,0.00069471,0.75847296
-4648.69148806,0.75900883,0.00069522,0.75900879
-4639.30556845,0.75876168,0.00069496,0.75876164
-4633.67469512,0.75765602,0.00069395,0.75765598
-4625.27061833,0.75958097,0.00069574,0.75958093
-4622.66078433,0.75910087,0.00069530,0.75910083
-4616.39685080,0.76064743,0.00069669,0.76064739
-4611.46722950,0.75846117,0.00069472,0.75846113
-4606.15815669,0.75690086,0.00069326,0.75690082
-4601.55880106,0.75635434,0.00069277,0.75635430
-4590.01895834,0.75488906,0.00083319,0.75488900
-4585.60977169,0.75615903,0.00069258,0.75615899
-4576.59824656,0.75068827,0.00068789,0.75068823
-4570.04672228,0.75582354,0.00069230,0.75582351
-4566.14823499,0.74594750,0.00068323,0.74594746
-6965.68499043,0.23627887,0.67389505,0.01400797
-7346.93823257,0.29362887,0.67432280,0.17468769
-7591.09004764,0.28979454,0.67740004,0.16664093
-7703.68974078,0.30408186,0.66075695,0.19743937
-8033.73014600,0.28025079,0.69998808,0.13607921
0.00000000,0.00000000,0.00000000,0.00000000
-7821.53047054,0.26136528,0.73080629,0.05373339
-7796.86681647,0.29590736,0.76593438,0.12528315
-7998.61768867,0.29748286,0.69506914,0.17121249
-8048.24136792,0.33392520,0.75106317,0.20592303
-8952.59869515,0.24809411,0.67277424,0.07812876
-9137.72107590,0.25084671,0.66377171,0.09461207
-8892.60848184,0.26846490,0.67067374,0.13027856
-8740.48007949,0.26809828,0.68399273,0.12068781
-8481.00506243,0.27804000,0.70411427,0.12873838
-8043.36169719,0.31074632,0.69458390,0.19355502
-7810.37930126,0.29849912,0.69313573,0.17392002
-7416.13587492,0.35595242,0.61058841,0.28466102
-7500.39481542,0.31492267,0.63446608,0.22330306
-6938.09401508,0.35013534,0.62258893,0.27406509
-4433.54817300,0.74559842,0.00068292,0.74559838
-4430.52209495,0.74565368,0.00068297,0.74565365
-4425.71507743,0.75510267,0.00069162,0.75510263
-4419.02158707,0.75515827,0.00069167,0.75515823
-4411.47880624,0.75966163,0.00069581,0.75966159
-4401.33070258,0.76035113,0.00069644,0.76035109
-4394.39659286,0.75987424,0.00069599,0.75987420
-4386.88039069,0.75831248,0.00069457,0.75831244
-4386.66963974,0.75803555,0.00069430,0.75803551
-4377.96880810,0.76022874,0.00069631,0.76022870
-4379.07536392,0.75727806,0.00069361,0.75727802
-4370.47091486,0.75720971,0.00069356,0.75720967
-4360.21628623,0.75679254,0.00069316,0.75679250
-4357.24281473,0.75561473,0.00069237,0.75561470
-4347.45846823,0.75832083,0.00069456,0.75832079
-4338.07523655,0.75984699,0.00069596,0.75984695
-4336.70454429,0.75827095,0.00069452,0.75827091
-4333.28771219,0.75713641,0.00069349,0.75713637
-4318.28519689,0.75983686,0.00069595,0.75983682
-4316.15633869,0.75805082,0.00069431,0.75805078
-4308.47360714,0.75327346,0.00068994,0.75327342
-4298.26766901,0.75912921,0.00069531,0.75912917
-4299.89020118,0.75781260,0.00069412,0.75781257
-4302.34245742,0.75841022,0.00069464,0.75841018
-4307.05557826,0.76017187,0.00069626,0.76017183
-4319.07359334,0.75782901,0.00069411,0.75782897
-4323.14145388,0.75945828,0.00079805,0.75945823
-4329.67108175,0.75958670,0.00069572,0.75958666
-4341.34326173,0.75750664,0.00069382,0.75750660
-4347.74599143,0.75752639,0.00069386,0.75752635
-4349.75150929,0.75697096,0.00069332,0.75697092
-4349.88175323,0.75933671,0.00069549,0.75933667
-4364.35462137,0.75969925,0.00069582,0.75969921
-4375.43193288,0.75786515,0.00069418,0.75786511
-4385.06955324,0.75730732,0.00069363,0.75730728
-4388.82917100,0.75890106,0.00070695,0.75890102
-4395.47450358,0.75811636,0.00069950,0.75811632
-4405.42052216,0.75984808,0.00069597,0.75984804
-4411.41680939,0.75924002,0.00069540,0.75923998
-4417.15482586,0.75928918,0.00069545,0.75928915
-4420.10901308,0.75968775,0.00069582,0.75968771
-4423.80251782,0.75932681,0.00069548,0.75932677
-4439.81627140,0.75519677,0.00069170,0.75519673
-4445.02316038,0.75439688,0.00069098,0.75439684
-4447.14468054,0.75431872,0.00069094,0.75431868
-7413.76796444,0.32524063,0.65861481,0.22944328
-6823.26178598,0.28554804,0.71392812,0.13820363
-7765.75692109,0.31060183,0.66412846,0.20601660
-8320.38182832,0.31887953,0.62975411,0.23043838
-9380.13753538,0.29789680,0.62957118,0.20047050
-8713.46431621,0.27884014,0.69066330,0.13898700
-8555.00083028,0.32233613,0.72559366,0.19850952
-8795.49159721,0.31592346,0.73370158,0.18402085
-8997.45825265,0.32746394,0.64857507,0.23601494
-8698.81822265,0.34509492,0.70061070,0.24281829
-8803.59968459,0.33102081,0.73659580,0.20762836
-8665.21903241,0.33315990,0.65789746,0.24077782
-8126.58896142,0.32154031,0.73090886,0.19479546
-8024.80337144,0.32335664,0.67051654,0.22245099
-7963.90799487,0.33402507,0.68022081,0.23429032
-7945.02272533,0.33626114,0.66826885,0.24158871
-7956.37861446,0.33104999,0.65674183,0.23824072
-7876.51337871,0.33085574,0.66693735,0.23447144
-7967.98770693,0.32492320,0.62508499,0.24023011
-7965.84884054,0.29612158,0.66752595,0.18194258
-7521.23802393,0.32885998,0.68170081,0.22632095
-7402.69165134,0.25290060,0.69900663,0.06406213
-4610.19424367,0.74628474,0.00068353,0.74628470
-4617.27939101,0.75396720,0.00069061,0.75396716
-4625.67644436,0.75570874,0.00069217,0.75570870
-4635.05051228,0.75789958,0.00069418,0.75789954
-4647.62267397,0.75705986,0.00069357,0.75705982
-4655.43419596,0.75936675,0.00069555,0.75936671
-4661.87382466,0.75661968,0.00069300,0.75661964
-4673.19193742,0.75622257,0.00069267,0.75622253
-4690.39574805,0.75519387,0.00069170,0.75519383
-4681.10807939,0.75792518,0.00069420,0.75792514
-4690.09811714,0.75919717,0.00069537,0.75919713
-4706.31692104,0.75670701,0.00069312,0.75670697
-4713.72265265,0.75876573,0.00069498,0.75876569
-4708.87210023,0.75996353,0.00069607,0.75996349
-4726.03137021,0.75799498,0.00069430,0.75799494
-4727.83238568,0.75970997,0.00069584,0.75970993
-4738.25206318,0.75757024,0.00069388,0.75757020
-4747.77597215,0.76058381,0.00069666,0.76058378
-4750.74884774,0.75847788,0.00069470,0.75847784
-4762.70663800,0.75953850,0.00069568,0.75953846
-4765.81440175,0.75872181,0.00069493,0.75872177
-4755.15598199,0.75992315,0.00069603,0.75992311
-4751.96425237,0.75828283,0.00069453,0.75828280
-4742.14420714,0.75884283,0.00069504,0.75884279
-4742.20363760,0.75586356,0.00069231,0.75586352
-4737.53504307,0.76081346,0.00069685,0.76081343
-4730.74719103,0.76009846,0.00069619,0.76009842
-4721.04914390,0.75974305,0.00069626,0.75974301
-4705.06089056,0.76236459,0.00069827,0.76236455
-4707.47306425,0.75895045,0.00069514,0.75895041
-4704.21906973,0.75769878,0.00069399,0.75769874
-4699.28672493,0.76036613,0.00069644,0.76036609
-4686.09402788,0.75971637,0.00069584,0.75971634
-4681.23966750,0.75618483,0.00069262,0.75618479
-4681.28961763,0.75531377,0.00069183,0.75531373
-4670.82338606,0.75554241,0.00069247,0.75554237
-4658.84235780,0.75403906,0.00069065,0.75403902
-4646.13536072,0.75369889,0.00069035,0.75369885
-4641.61218871,0.75165893,0.00068846,0.75165889
-8776.83350298,0.26711287,0.61734026,0.15704596
-8067.72879866,0.29594994,0.69777112,0.16716162
-8457.07111599,0.30074083,0.64664831,0.19804337
-8299.68846296,0.33106021,0.62556059,0.24832121
-8383.68539948,0.29147391,0.70716794,0.15393649
-8587.34766445,0.37090556,0.58321699,0.30968295
-8307.64114269,0.34936469,0.64200541,0.26751588
-8596.86813167,0.30258702,0.73527451,0.15915998
-8664.70447873,0.32155272,0.69041157,0.21214218
-8611.81683854,0.33858022,0.79644868,0.19217460
-9079.73273867,0.30458593,0.72645777,0.16770310
-9536.63746998,0.29652329,0.73034019,0.15028292
-9936.33684499,0.27850036,0.69233218,0.13727812
-9525.88855321,0.32906278,0.70398156,0.21811129
-9352.20839651,0.32104020,0.67463224,0.21751677
-9147.93957694,0.35055675,0.56423784,0.28963840
-9424.35384566,0.33230919,0.66699521,0.23649795
-9684.18914336,0.28542559,0.68103485,0.15700710
-8207.05056942,0.33964294,0.62703148,0.25921842
-9530.52982444,0.26945656,0.68155337,0.12531460
-9122.39403877,0.29013190,0.68662538,0.16255261
-9141.63754475,0.28287439,0.67658187,0.15473186
-8592.50954254,0.21635138,0.60944411,0.03617610
-4481.85624921,0.75010172,0.00068703,0.75010168
-4481.35021924,0.74915381,0.00068617,0.74915377
-4469.17860843,0.76008265,0.00069618,0.76008262
-4466.23228024,0.75388344,0.00069051,0.75388340
-4458.94805480,0.75743656,0.00069968,0.75743652
-4453.89703433,0.75941214,0.00069557,0.75941210
-4440.21501498,0.76071167,0.00071774,0.76071163
-4440.64518617,0.75744582,0.00069376,0.75744578
-4434.32079476,0.75752792,0.00069383,0.75752788
-4428.61289978,0.75906193,0.00069561,0.75906189
-4423.31651385,0.76003513,0.00069650,0.76003509
-4417.16536817,0.75912799,0.00070103,0.75912795
-4409.80939270,0.76144092,0.00082559,0.76144087
-4401.83065057,0.76191295,0.00090892,0.76191288
-4392.14948592,0.76096928,0.00069699,0.76096924
-4391.08937418,0.75845334,0.00069468,0.75845330
-4383.44499992,0.75773130,0.00069403,0.75773126
-4377.27868156,0.75962258,0.00069576,0.75962254
-4371.62794931,0.75838315,0.00069500,0.75838311
-4366.70384637,0.75529964,0.00069181,0.75529960
-4360.20945786,0.75771443,0.00069402,0.75771439
-4346.75431354,0.75205897,0.00070979,0.75205893
-4350.45811493,0.76093755,0.00069696,0.76093751
-4358.87508869,0.75729890,0.00069363,0.75729886
-4368.17026649,0.75983976,0.00069597,0.75983972
-4377.90898400,0.75804338,0.00069431,0.75804334
-4385.42882542,0.75681964,0.00069321,0.75681960
-4399.53710785,0.75686731,0.00069323,0.75686727
-4402.57273414,0.75850842,0.00069474,0.75850839
-4405.98903120,0.75855404,0.00078912,0.75855399
-4412.64672328,0.75874668,0.00069495,0.75874664
-4419.11396383,0.75928094,0.00069545,0.75928090
-4422.15234567,0.75967243,0.00069580,0.75967239
-4427.03304991,0.76147602,0.00069745,0.76147598
-4439.99515078,0.75953541,0.00069569,0.75953537
-4452.28410091,0.75674020,0.00069314,0.75674016
-4457.73971068,0.75830012,0.00069456,0.75830008
-4459.34263454,0.75913105,0.00069531,0.75913101
-4469.63688045,0.75847813,0.00070435,0.75847809
-4481.55097350,0.75525570,0.00069176,0.75525566
-4485.94003557,0.75867974,0.00070503,0.75867970
-4487.56052353,0.75781905,0.00069413,0.75781901
-4501.12343464,0.75126325,0.00068810,0.75126321
-4505.56534972,0.74157735,0.00067922,0.74157732
-9167.30657975,0.18619711,0.53075607,0.01268330
-8700.40370276,0.25504498,0.65462925,0.11203507
-8067.54088899,0.23044116,0.64600261,0.04451413
-11251.65465010,0.28721689,0.69565760,0.15235142
-10132.77129200,0.28679225,0.66203416,0.16899517
-11796.63985767,0.30792876,0.57575530,0.23283489
-11311.39024304,0.30475613,0.69277700,0.18461758
-11140.81129039,0.29485891,0.73052731,0.14685769
-11165.40183448,0.33180925,0.67932644,0.23144230
-10673.96558332,0.30513720,0.68256029,0.18983510
-13897.48450309,0.23420437,0.61367885,0.09337009
-10073.34713731,0.30125590,0.70137955,0.17462329
-10167.09366582,0.29176421,0.72758806,0.14239651
-9869.67403128,0.34117518,0.74497465,0.22003311
-10094.94321455,0.31405605,0.71387292,0.19027197
-9821.28793841,0.37835633,0.61661471,0.31076894
-9728.53277789,0.30979237,0.77300066,0.15091018
-9407.19697942,0.32530047,0.79471369,0.16868043
-9363.58796182,0.35977753,0.65421549,0.27750698
-9214.70481170,0.32425635,0.76128881,0.18478637
-9091.81404225,0.35584207,0.61406197,0.28360579
-9056.04021068,0.33414053,0.64654771,0.24584947
-9527.33191570,0.27735430,0.61566548,0.17462108
-10128.85611659,0.23771070,0.62717790,0.09121812
-7183.33144383,0.27971241,0.69972724,0.13513254
-4691.15021272,0.74765824,0.00068483,0.74765820
-4698.49677352,0.75230099,0.00068906,0.75230095
-4710.70759775,0.75341479,0.00069009,0.75341475
-4717.81710111,0.75982909,0.00069595,0.75982905
-4729.20189339,0.75780847,0.00069409,0.75780843
-4738.10348584,0.75873006,0.00073358,0.75873002
-4739.87915717,0.75983906,0.00069595,0.75983902
-4754.08400604,0.75805582,0.00069432,0.75805578
-4751.67297031,0.75943551,0.00069559,0.75943547
-4767.86455069,0.75712127,0.00069346,0.75712123
-4773.10214396,0.75956754,0.00069781,0.75956750
-4783.90408007,0.75818644,0.00069444,0.75818640
-4790.84831598,0.75808813,0.00069435,0.75808809
-4789.13189467,0.76048917,0.00069655,0.76048913
-4806.03071198,0.75778640,0.00069410,0.75778636
-4813.11023946,0.75836075,0.00069460,0.75836071
-4820.94226773,0.75936282,0.00081154,0.75936277
-4824.63316679,0.75903735,0.00069521,0.75903732
-4822.15498878,0.75873244,0.00069494,0.75873240
-4816.28663373,0.75790771,0.00069421,0.75790767
-4811.17418821,0.75653058,0.00069293,0.75653054
-4797.99858348,0.75721320,0.00069355,0.75721316
-4802.24352179,0.75713474,0.00069347,0.75713470
-4794.32538699,0.75532540,0.00069183,0.75532536
-4779.80528575,0.75840621,0.00069464,0.75840617
-4784.66110438,0.75894496,0.00069514,0.75894492
-4775.94444471,0.75543213,0.00069192,0.75543209
-4763.00757306,0.75912161,0.00069530,0.75912157
-4759.76281410,0.75603173,0.00070038,0.75603169
-4746.10340803,0.75996953,0.00069607,0.75996949
-4744.51118345,0.75373777,0.00069275,0.75373773
-4735.90905363,0.75326806,0.00068996,0.75326802
-6924.57286650,0.34842376,0.62824546,0.27027634
-7424.43613092,0.35139725,0.62777184,0.27423181
-8039.15694647,0.29868997,0.67026379,0.18488413
-8777.09301073,0.26560656,0.70357216,0.09953720
-11721.41922721,0.22352783,0.60838799,0.06799291
-11001.89847653,0.26512786,0.64750838,0.13759565
-10101.96525088,0.32304304,0.58510673,0.24983784
-10272.67518617,0.31956220,0.68984633,0.20934117
-10674.97236817,0.35241834,0.65172930,0.26863856
-10947.30350208,0.31309343,0.74829719,0.17156276
-11191.67159659,0.30220805,0.69391274,0.17984474
-11470.05347915,0.28372929,0.73906290,0.11658086
-12360.16502868,0.28267129,0.66084271,0.16249832
-11443.90476314,0.34511701,0.64580073,0.26079892
-11952.53207781,0.33411133,0.74599392,0.20846650
-12730.98189091,0.32301306,0.67651274,0.21971101
-12525.39811866,0.40258882,0.62608742,0.33772701
-12830.92495814,0.40710874,0.48089694,0.37068578
-13029.09695046,0.34201701,0.63176456,0.26092651
-13145.10592367,0.31961237,0.65672924,0.22207801
-12290.72824889,0.32085310,0.65659459,0.22390835
-12281.62477459,0.31833214,0.59971575,0.23932640
-12419.71874656,0.25636405,0.63501583,0.12776933
-11516.07267539,0.38048059,0.53548250,0.33111878
-11936.93087642,0.20650735,0.58451384,0.02814908
-9196.61541285,0.25017570,0.63897282,0.11212856
-7337.36383800,0.29125014,0.69185321,0.16183538
-6623.81581327,0.25407081,0.69284745,0.07581142
-4544.08631328,0.74787607,0.00068499,0.74787603
-4547.25556071,0.75338923,0.00069005,0.75338919
-4538.96738448,0.75435912,0.00069125,0.75435908
-4527.83058689,0.75791104,0.00069419,0.75791100
-4522.01116596,0.75865213,0.00069487,0.75865209
-4511.23416077,0.75774944,0.00069404,0.75774940
-4515.09275063,0.75634889,0.00069276,0.75634885
-4502.91912865,0.75970209,0.00069584,0.75970206
-4505.67253451,0.75731616,0.00069875,0.75731612
-4493.63386792,0.76053994,0.00069660,0.76053990
-4492.39716394,0.75456222,0.00069113,0.75456218
-4482.36019587,0.75927379,0.00069543,0.75927375
-4479.14572304,0.75804679,0.00069431,0.75804675
-4473.63438110,0.75558334,0.00069206,0.75558330
-4462.56711882,0.75894463,0.00069514,0.75894459
-4462.75624991,0.75771281,0.00069401,0.75771277
-4459.21916105,0.75478811,0.00069133,0.75478807
-4450.21028120,0.75904903,0.00069523,0.75904899
-4439.26270815,0.75978758,0.00069590,0.75978754
-4432.94267171,0.75907284,0.00069526,0.75907280
-4427.06327410,0.75957231,0.00081782,0.75957225
-4434.62749188,0.75726713,0.00069360,0.75726709
-4444.23187106,0.75811421,0.00069479,0.75811417
-4453.98017255,0.75967614,0.00072507,0.75967609
-4450.58153318,0.75956313,0.00069570,0.75956309
-4462.18363201,0.75948244,0.00069576,0.75948240
-4468.63430709,0.75646923,0.00069286,0.75646919
-4482.82734855,0.75768756,0.00069399,0.75768753
-4486.32230354,0.76018135,0.00070833,0.76018131
-4492.22035594,0.75801382,0.00073707,0.75801378
-4495.00568083,0.75855487,0.00069478,0.75855483
-4509.12518452,0.75707708,0.00069342,0.75707704
-4514.36279693,0.76013199,0.00069624,0.76013196
-4522.69622858,0.75616750,0.00069261,0.75616746
-4524.25494002,0.76074868,0.00069679,0.76074864
-4533.88087538,0.75605176,0.00069248,0.75605172
-4541.11818146,0.75964511,0.00069578,0.75964508
-4557.19877579,0.75623341,0.00069265,0.75623337
-4563.31399782,0.75519450,0.00069461,0.75519446
-4555.17458255,0.75571026,0.00069217,0.75571022
-5314.98780178,0.33535827,0.88517976,0.12837885
-6910.81001792,0.33036631,0.63676705,0.24386788
-7062.49346777,0.32471577,0.68496116,0.21901321
-7356.13589987,0.30925198,0.70779737,0.18511373
-8451.99137452,0.27304997,0.71461231,0.10954049
-11341.70352052,0.23804573,0.64325808,0.07731497
0.00000000,0.00000000,0.00000000,0.00000000
-15173.22158302,0.20475468,0.53866952,0.07987043
-17085.12414216,0.25875463,0.62498577,0.13821930
-14370.48140888,0.29995868,0.64973400,0.19560499
-13310.93725612,0.39133724,0.42583232,0.36184461
-13640.00826165,0.38062459,0.52072073,0.33415445
-13381.65719164,0.46920613,0.30534249,0.45687331
-13692.80132152,0.45249887,0.08734529,0.45146501
-13956.94012626,0.33541704,0.73638196,0.21465772
-14016.07309459,0.32350492,0.75272791,0.18774190
-13862.44345733,0.36214286,0.58287974,0.29921268
-13508.15319272,0.38825106,0.56626986,0.33385303
-13668.50878118,0.30116109,0.71129300,0.16947162
-14116.93646484,0.28064791,0.65709598,0.16084402
-13197.20023308,0.28691221,0.70038181,0.14909098
-12693.26769558,0.28626726,0.69403452,0.15146836
-12070.98220451,0.29204779,0.68150758,0.16851253
-12082.91870651,0.26971228,0.67683206,0.12894676
-11661.80023956,0.22834025,0.63329973,0.05484862
-9593.88243410,0.34102589,0.72127169,0.22928177
-9142.28662793,0.33399719,0.67912174,0.23464088
-8935.03914300,0.34227576,0.59876516,0.27061786
-8305.06228878,0.34058244,0.67633150,0.24487124
-7986.69908276,0.34385272,0.60535501,0.27082096
-8027.10097639,0.28447528,0.65303651,0.16936718
-4788.44071005,0.75428182,0.00069086,0.75428178
-4803.18132948,0.75487421,0.00069409,0.75487417
-4812.10580570,0.75554787,0.00069202,0.75554783
-4816.23989813,0.75871802,0.00069494,0.75871798
-4818.08165498,0.75929935,0.00069546,0.75929931
-4831.33153763,0.75812762,0.00069439,0.75812758
-4843.23405889,0.75736559,0.00069372,0.75736555
-4851.99268758,0.75740854,0.00069373,0.75740850
-4853.34258111,0.75802608,0.00069429,0.75802604
-4861.39802994,0.75683718,0.00069322,0.75683715
-4869.99751065,0.76072602,0.00070206,0.76072598
-4876.71026121,0.75761174,0.00069420,0.75761170
-4884.84354986,0.75905424,0.00069525,0.75905420
-4893.41565490,0.75792359,0.00069422,0.75792355
-4896.97089982,0.75883512,0.00069504,0.75883508
-4890.84554568,0.75783755,0.00069415,0.75783751
-4884.16277421,0.75708006,0.00069343,0.75708002
-4880.95871431,0.75882194,0.00069506,0.75882190
-4872.25108099,0.75868070,0.00069490,0.75868066
-4867.47709043,0.75736610,0.00069370,0.75736606
-4859.06538560,0.75795137,0.00069422,0.75795133
-4852.56220814,0.75788345,0.00069417,0.75788341
-4848.89169199,0.75888738,0.00069508,0.75888734
-4832.61404745,0.75702652,0.00069338,0.75702649
-4824.35559618,0.75941178,0.00069557,0.75941174
-4822.68485059,0.75669989,0.00069308,0.75669985
-4821.41430860,0.74880271,0.00068586,0.74880267
-6969.33309643,0.28492089,0.76430683,0.09808013
-8486.02368538,0.27273672,0.68341630,0.13103714
-8807.67944869,0.33080323,0.68513188,0.22787843
-9175.80899731,0.32807898,0.71837444,0.21075636
-9453.82569418,0.36075459,0.64825454,0.28047320
-10056.74555685,0.34084975,0.63018025,0.25986627
-10222.98034544,0.34071797,0.64313673,0.25577273
-10483.08569241,0.43421005,0.31714611,0.41978222
-10399.67445496,0.28826145,0.71777451,0.14135994
-723486.35461339,0.59526364,0.00054527,0.59526361
-13014.78470288,0.34347260,0.63331578,0.26237385
-13400.34064329,0.34646272,0.63416232,0.26602930
-14369.26743307,0.26855446,0.72024064,0.09260151
-14308.76274061,0.39199600,0.56517198,0.33842576
-14415.46392586,0.31296169,0.65607087,0.21264400
-14404.34602481,0.32795748,0.57338074,0.25938839
-14585.53423035,0.33954444,0.64590608,0.25334577
-14903.49168626,0.32404746,0.63241585,0.23667045
-14700.02487121,0.37930547,0.47576976,0.34079894
-14592.28969037,0.34128793,0.68671508,0.24229980
-15755.65049081,0.26802413,0.67791546,0.12465827
-13412.59424212,0.39840323,0.44239293,0.36708374
-14065.28094847,0.35386077,0.65422409,0.26978941
-14739.55062519,0.34317872,0.62949922,0.26311337
-18222.87494966,0.21919233,0.57769709,0.08463375
-12332.27278513,0.23688796,0.65343812,0.06173074
-9913.82372829,0.28871995,0.67558991,0.16567302
-9095.02636653,0.27950251,0.73619336,0.10830062
-8376.99329920,0.33681808,0.66791615,0.24248237
-7936.98670154,0.31025748,0.80692534,0.12843855
-7477.91992833,0.30714676,0.78974221,0.13392823
-7638.24503033,0.27392855,0.69793014,0.12396091
-6895.83372144,0.35925484,0.55878879,0.30135368
-4579.20222225,0.75279449,0.00068950,0.75279445
-4579.11029278,0.75619205,0.00070227,0.75619201
-4577.60649642,0.75418888,0.00069078,0.75418884
-4567.25475781,0.75579618,0.00069227,0.75579614
-4557.86797944,0.75993075,0.00069605,0.75993071
-4559.67149067,0.75930442,0.00069547,0.75930438
-4550.51264128,0.75784413,0.00069412,0.75784409
-4539.98549566,0.75845121,0.00069468,0.75845117
-4538.87216603,0.75662910,0.00069343,0.75662906
-4528.55505961,0.76108579,0.00069710,0.76108575
-4528.25082479,0.75764552,0.00069443,0.75764548
-4518.52322955,0.75931891,0.00070432,0.75931887
-4511.79147283,0.75754359,0.00069386,0.75754355
-4500.81173040,0.75857101,0.00069479,0.75857097
-4500.25970340,0.75768879,0.00069401,0.75768875
-4489.52118651,0.76093176,0.00069695,0.76093172
-4490.62307694,0.75742904,0.00069402,0.75742901
-4485.89927224,0.75786962,0.00069415,0.75786958
-4477.10410848,0.76133763,0.00069732,0.76133759
-4493.28409471,0.75732374,0.00069368,0.75732370
-4500.98344078,0.75886192,0.00069509,0.75886188
-4508.20944552,0.75684025,0.00069320,0.75684021
-4517.20254871,0.75762270,0.00069392,0.75762266
-4525.44271872,0.75671106,0.00069311,0.75671102
-4528.87193800,0.75837749,0.00069461,0.75837745
-4542.28767037,0.75613936,0.00069256,0.75613932
-4544.52053818,0.75992793,0.00069603,0.75992789
-4558.59166476,0.75813223,0.00069439,0.75813219
-4562.74968899,0.75795618,0.00069425,0.75795614
-4563.41099945,0.76153579,0.00069751,0.76153575
-4576.45263258,0.76066508,0.00069678,0.76066504
-4585.96246568,0.75661900,0.00069301,0.75661896
-4586.58599381,0.75368840,0.00069032,0.75368836
-4598.51409834,0.75620119,0.00069262,0.75620115
-4599.85849470,0.74979998,0.00068678,0.74979994
-7757.62770852,0.30461701,0.60432480,0.21921106
-7691.51411739,0.32989225,0.65405334,0.23753976
-8107.79274874,0.33355149,0.58594706,0.26305548
-8211.30564518,0.30490877,0.77223095,0.14112982
-8595.66412322,0.32881313,0.65707319,0.23500913
-9082.03478623,0.35997925,0.71854771,0.25755967
-9672.12243063,0.37573793,0.55659054,0.32129324
-9307.11784309,0.33701403,0.76062649,0.20665372
-13002.54725245,0.28374532,0.63178421,0.17780713
-35746.44810238,0.34598698,0.00031690,0.34598697
-13934.69523736,0.37574717,0.66872465,0.29394699
-13635.17277796,0.47950886,0.24352200,0.47187300
-13449.70767073,0.30001467,0.73830798,0.15242773
-14993.79182142,0.36475709,0.66516146,0.28080039
-15040.88055470,0.35997436,0.58327293,0.29648971
-14714.37634773,0.38336964,0.56207575,0.32904553
-14103.37501987,0.30744927,0.68137560,0.19404032
-14121.17332472,0.32676320,0.67661229,0.22515145
-14475.55870297,0.40100511,0.44856426,0.36899442
-14584.51191031,0.33627003,0.54787668,0.27623695
-14873.94176126,0.35666806,0.56018225,0.29794478
-15310.69337589,0.28699745,0.69659437,0.15141064
-1477015.85316568,0.63049107,0.00057748,0.63049103
-15827.67237181,0.40898525,0.35377280,0.38979152
-13203.63433664,0.27081798,0.69920393,0.11599063
-12138.63493912,0.25633741,0.68446471,0.09120638
-12082.22124356,0.32665862,0.65859102,0.23145722
-11639.49999897,0.28769841,0.72298162,0.13689166
-11535.82559985,0.29436835,0.69266328,0.16697119
-10372.68901458,0.32376107,0.69741875,0.21269250
-9868.67346881,0.32613031,0.65385348,0.23235585
-9424.90791355,0.24963067,0.69085459,0.06203761
-8099.74395566,0.35935111,0.61276587,0.28833431
-7391.95815652,0.37682225,0.59447845,0.31417024
-4848.52123025,0.74906644,0.00068609,0.74906640
-4858.08367314,0.75312715,0.00068981,0.75312711
-4868.28160817,0.75551352,0.00069201,0.75551348
-4873.34037218,0.75811884,0.00069438,0.75811880
-4885.64281108,0.75793575,0.00069422,0.75793571
-4887.50901090,0.75809243,0.00069436,0.75809239
-4897.51320959,0.75841346,0.00069487,0.75841342
-4907.37908127,0.75989568,0.00069601,0.75989564
-4910.43805229,0.75987475,0.00069598,0.75987471
-4909.01308591,0.75822358,0.00069447,0.75822354
-4922.86684114,0.75791563,0.00069419,0.75791560
-4934.80822712,0.75738980,0.00069372,0.75738976
-4943.89744600,0.75844681,0.00069468,0.75844677
-4941.09317446,0.76038227,0.00069645,0.76038223
-4941.84308543,0.75767986,0.00069398,0.75767982
-4938.19310202,0.75768389,0.00069399,0.75768386
-4929.96037248,0.75946084,0.00070225,0.75946080
-4916.94484831,0.75952212,0.00069566,0.75952208
-4915.50049169,0.75863115,0.00070044,0.75863111
-4910.94088352,0.75687306,0.00069326,0.75687302
-4910.59798302,0.75574089,0.00069220,0.75574085
-4903.35355717,0.75614587,0.00069258,0.75614583
-4891.99223607,0.75909656,0.00069527,0.75909652
-4887.66352061,0.75742923,0.00069374,0.75742919
-4876.30137824,0.75554104,0.00069204,0.75554100
-4869.80276594,0.75074271,0.00068765,0.75074267
-8486.76613037,0.30792543,0.60083778,0.22493294
-8403.60924954,0.36753611,0.57517882,0.30749965
-9496.86091973,0.30353997,0.70938818,0.17461571
-10376.82161175,0.26853984,0.66276323,0.13529559
-12096.67915489,0.25249092,0.66560811,0.09736518
-12343.55239715,0.31060452,0.65864969,0.20816409
-12164.10362371,0.40626664,0.46040356,0.37294247
-12434.57963227,0.31971912,0.68364371,0.21205576
-13981.55873368,0.32877804,0.65416334,0.23595257
-13262.04761717,0.32642719,0.69699946,0.21689444
-14982.82156311,0.30086689,0.67528861,0.18616950
-16533.80132242,0.34680689,0.54680213,0.28922038
-14753.24604229,0.25515521,0.70059743,0.07054556
-14542.44886956,0.30711462,0.71220052,0.17939834
-17217.04346200,0.25929864,0.66377662,0.11516230
-16188.50393533,0.26371112,0.63857685,0.13996592
-15406.44521607,0.27623930,0.66915064,0.14648288
-16273.43609851,0.33918875,0.64328053,0.25368741
-14621.68560582,0.31138754,0.61147309,0.22618472
-15266.53193700,0.33784858,0.51076018,0.28667814
-15271.89606775,0.32647471,0.54993632,0.26370071
-376894.40311710,0.57063916,0.00052268,0.57063913
-13945.33738045,0.24462566,0.67354979,0.06532398
-13281.39087574,0.33234921,0.64912499,0.24256751
-679359.89977892,0.57085066,0.00052287,0.57085063
-11965.86088890,0.35385520,0.54960128,0.29700330
0.00000000,0.00000000,0.00000000,0.00000000
-10248.97537338,0.30321933,0.72010322,0.16858159
-9868.44380546,0.31913972,0.72685716,0.19269354
-9321.01321518,0.28956773,0.71364090,0.14650003
-8850.44630809,0.33912013,0.57507858,0.27292825
-8816.15406737,0.33167224,0.57666784,0.26319121
-8631.70195077,0.33143806,0.65323870,0.23995393
-8418.09770406,0.35010476,0.48881408,0.30545587
-4630.68574980,0.74336314,0.00068087,0.74336311
-4627.29005292,0.75120361,0.00068804,0.75120357
-4620.32479058,0.75502417,0.00069156,0.75502413
-4617.56050446,0.75550844,0.00069202,0.75550840
-4608.40951065,0.75830481,0.00069455,0.75830477
-4594.56139924,0.75923144,0.00069541,0.75923140
-4591.36517683,0.75984188,0.00069595,0.75984184
-4592.72048662,0.75816885,0.00069444,0.75816881
-4583.78039176,0.75682799,0.00069320,0.75682795
-4575.84221949,0.76051880,0.00069659,0.76051876
-4565.40018736,0.76016387,0.00069625,0.76016383
-4567.39661393,0.75723681,0.00069358,0.75723677
-4554.30685677,0.75923306,0.00069540,0.75923302
-4550.30217483,0.75890945,0.00069513,0.75890941
-4542.93595494,0.75595925,0.00070424,0.75595921
-4529.21652317,0.76009557,0.00069619,0.76009553
-4531.04884838,0.75718708,0.00069355,0.75718704
-4531.45965926,0.75913963,0.00069531,0.75913959
-4537.92369970,0.76059474,0.00069665,0.76059470
-4553.52033817,0.75815313,0.00069444,0.75815309
-4557.14741400,0.76071901,0.00088376,0.76071895
-4562.37069785,0.75830806,0.00069455,0.75830803
-4572.00003463,0.75741880,0.00069374,0.75741876
-4577.90278254,0.75816272,0.00069442,0.75816268
-4575.49340411,0.76078162,0.00069682,0.76078158
-4595.77051655,0.75983611,0.00069595,0.75983607
-4605.32192031,0.75650258,0.00069290,0.75650254
-4609.31755547,0.75758547,0.00069390,0.75758543
-4614.69302359,0.75714498,0.00069349,0.75714494
-4617.57754385,0.75744184,0.00069376,0.75744180
-4626.85379092,0.75933792,0.00070267,0.75933788
-4630.62603650,0.75624644,0.00069271,0.75624640
-4633.80857689,0.75621914,0.00069264,0.75621910
-4642.60048399,0.74624869,0.00068351,0.74624865
-8186.45555044,0.24131302,0.62167460,0.10434682
-9859.28109732,0.25813139,0.67243688,0.10602275
-9435.34458602,0.32076665,0.63413355,0.23158344
-10143.44640158,0.32243975,0.62334801,0.23742042
-10399.49389662,0.28718222,0.69963640,0.15003656
-10436.37510152,0.33311553,0.74645682,0.20666210
-10458.01043216,0.27822079,0.72402885,0.11484828
-13519.66508191,0.21889474,0.61497314,0.03982951
-772180.48902756,0.59271635,0.00054289,0.59271632
-13274.85031644,0.30373970,0.73343067,0.16236544
-16598.70747015,0.33599750,0.62634685,0.25462973
-16404.13037427,0.40516989,0.34438904,0.38682512
-16187.30039638,0.41061151,0.44824722,0.37945807
-16378.11353445,0.38475938,0.53788409,0.33555650
-17184.88628598,0.30239130,0.66134462,0.19458121
-16670.73092682,0.39588537,0.42468882,0.36692104
-16524.88471105,0.42886911,0.22754859,0.42140938
-16939.92137215,0.34362447,0.59829548,0.27244813
-17127.61157129,0.36291700,0.49954036,0.31802520
-17168.02974703,0.33409392,0.58786428,0.26321979
-17180.04552759,0.34668899,0.49661498,0.29996919
-15632.72086712,0.30337589,0.65685231,0.19794873
-15516.55265280,0.42595962,0.31944572,0.41102435
-15477.89171811,0.40233271,0.43895609,0.37184406
-15836.90637163,0.29339251,0.68468939,0.16926670
-14738.82103004,0.32897173,0.69302152,0.22223466
-14460.78840762,0.29912548,0.69007508,0.17646843
-13780.78381371,0.31655435,0.68597219,0.20630881
-11976.20375813,0.34292559,0.72677766,0.22998424
-13404.18808661,0.17423234,0.49739591,0.00707653
-10578.67313855,0.27818313,0.69950402,0.13208286
0.00000000,0.00000000,0.00000000,0.00000000
-8721.86749110,0.31089240,0.69745541,0.19252192
-6308.48051575,0.26530757,0.70758102,0.09516261
-4881.58828542,0.76132270,0.00069733,0.76132266
-4893.02740326,0.76131067,0.00069730,0.76131063
-4908.10889956,0.75939870,0.00069555,0.75939866
-4914.74312655,0.75887473,0.00069507,0.75887469
-4929.66785806,0.75175771,0.00068855,0.75175767
-4937.58388911,0.75538496,0.00069260,0.75538492
-4926.28663195,0.76080675,0.00069684,0.76080671
-4945.56067108,0.75737993,0.00069373,0.75737989
-4952.82613749,0.75665672,0.00069305,0.75665668
-4957.14447474,0.75967860,0.00069580,0.75967856
-4967.36188038,0.75958990,0.00070318,0.75958986
-4975.04535377,0.75751504,0.00069424,0.75751500
-4972.52984689,0.75991018,0.00069602,0.75991014
-4988.54055116,0.75572106,0.00069219,0.75572102
-4977.12825769,0.75811041,0.00069439,0.75811037
-4973.59029122,0.75681553,0.00069318,0.75681549
-4972.99223678,0.75715977,0.00069350,0.75715973
-4958.80090766,0.75931817,0.00069547,0.75931813
-4956.12003844,0.75601172,0.00069246,0.75601169
-4947.13080797,0.75896465,0.00069515,0.75896462
-4940.81103233,0.75968962,0.00074025,0.75968957
-4939.61847333,0.75698242,0.00069334,0.75698238
-4932.80707627,0.75777618,0.00069508,0.75777614
-4920.07402901,0.75980702,0.00069593,0.75980698
-4910.65055782,0.75911926,0.00069532,0.75911922
-4906.71627465,0.75731904,0.00069364,0.75731900
-4906.01413199,0.75464146,0.00069119,0.75464142
-4892.01527910,0.74944697,0.00068643,0.74944693
-9810.70190826,0.25636741,0.69072228,0.08532193
-9637.87895870,0.28430362,0.68136878,0.15477816
-10051.63730366,0.25816519,0.68272570,0.09772541
-13336.41641353,0.29127547,0.67255281,0.17155555
-14875.27811683,0.27610602,0.64589990,0.15852181
-14905.86748235,0.29058791,0.68847997,0.16240616
-14327.65807933,0.36920110,0.45995449,0.33225529
-16411.80936546,0.30402307,0.63679354,0.20677413
-16144.82741945,0.35530153,0.57737199,0.29223752
-16010.54982573,0.45006966,0.12364857,0.44798415
-16467.95364180,0.37036124,0.54722827,0.31699171
-16590.07513852,0.40595415,0.35982453,0.38592518
-17250.25866073,0.33334218,0.56236875,0.26902663
-17080.90736878,0.33130027,0.51758607,0.27738545
-16353.40856559,0.31939147,0.63624333,0.22895901
-17144.87613644,0.36928346,0.46486418,0.33150894
-17013.00355203,0.39170849,0.46306650,0.35660594
-16845.38553008,0.42678276,0.27915309,0.41544859
-16766.50642015,0.45104096,0.09657077,0.44977275
-16799.28613673,0.36955180,0.60046297,0.30397443
-16515.29111437,0.36703715,0.62790724,0.29397023
-16586.96103902,0.36398136,0.58048842,0.30199999
-16796.14014346,0.23801087,0.62799433,0.09131268
-14559.31070196,0.33400676,0.71441708,0.22144417
-14574.42378589,0.29702913,0.72025563,0.15708979
-14703.42826980,0.27153231,0.69361209,0.12163602
-15686.21638156,0.23721900,0.65056588,0.06653157
-10604.50749179,0.26816272,0.70491131,0.10507616
-12572.18728559,0.24540540,0.60710185,0.12277484
-12247.35190340,0.22585377,0.58218880,0.09741309
-9029.67452143,0.29050538,0.64539829,0.18266733
-11244.48699736,0.26209477,0.54431475,0.17999873
-4668.29993559,0.74933234,0.00068633,0.74933231
-4667.90886433,0.74922118,0.00068623,0.74922115
-4657.59950943,0.75546959,0.00069195,0.75546955
-4649.19364298,0.75898581,0.00069517,0.75898577
-4648.92821493,0.75949038,0.00069565,0.75949034
-4643.09778676,0.76012554,0.00069622,0.76012550
-4633.21846488,0.76018343,0.00069628,0.76018339
-4628.54919200,0.76127037,0.00069727,0.76127033
-4622.18770455,0.76066378,0.00069671,0.76066374
-4617.09748259,0.75886527,0.00069507,0.75886523
-4615.24291045,0.75849607,0.00069472,0.75849603
-4622.50750993,0.75437273,0.00069096,0.75437269
-4614.16297812,0.75617308,0.00069259,0.75617304
-4607.31591126,0.75694434,0.00069333,0.75694430
-4595.55908900,0.75798189,0.00069426,0.75798185
-4586.75168243,0.75651835,0.00069294,0.75651831
-4577.97043286,0.75916415,0.00069534,0.75916411
-4590.96975911,0.75818297,0.00069444,0.75818293
-4596.52522621,0.75835977,0.00069460,0.75835973
-4604.44433059,0.75661264,0.00069300,0.75661260
-4606.64744268,0.75993674,0.00089706,0.75993668
-4609.52944537,0.76021395,0.00069630,0.76021391
-4613.91893702,0.75969547,0.00069582,0.75969543
-4626.90982139,0.75824970,0.00069450,0.75824966
-4628.44938721,0.76131145,0.00069731,0.76131141
-4642.42816064,0.75874422,0.00069497,0.75874418
-4652.40994071,0.75872790,0.00069493,0.75872786
-4656.48397005,0.75783421,0.00069413,0.75783417
-4664.54069479,0.75951050,0.00069565,0.75951046
-4675.34854044,0.75800169,0.00069429,0.75800165
-4680.71788660,0.75419715,0.00069080,0.75419711
-4687.11718243,0.75479779,0.00069134,0.75479776
-4692.78033037,0.75179863,0.00068859,0.75179859
-6447.12109743,0.26025721,0.67943429,0.10575454
-8929.60700231,0.20976400,0.59892780,0.00764249
-8748.98892695,0.23695951,0.67158064,0.02999656
-8298.38773472,0.24442864,0.67476281,0.06301204
-13165.65214629,0.21343133,0.56992215,0.07591808
0.00000000,0.00000000,0.00000000,0.00000000
-12455.28937840,0.33795717,0.59640817,0.26578463
-13148.31842565,0.27964287,0.72194511,0.11980214
-14750.67720672,0.32408903,0.68384347,0.21851217
-14927.13261064,0.37873572,0.56894884,0.32216014
-14966.35387443,0.41780407,0.40853434,0.39257478
-16674.46020947,0.45286508,0.04998001,0.45252710
-16647.14842632,0.39104956,0.50508212,0.34881088
-16885.85784003,0.37459175,0.58939356,0.31267290
-16936.93277761,0.42721231,0.36131219,0.40806667
-17027.75258641,0.43930641,0.21198606,0.43299562
-17100.09264891,0.43783961,0.19760569,0.43234262
-17098.38524138,0.38287666,0.53120792,0.33470473
-17066.59187165,0.43890964,0.19505433,0.43356777
-17058.58281361,0.37186972,0.51820812,0.32463977
-16985.80349743,0.39734803,0.42455507,0.36851757
-16850.97375590,0.44832595,0.03220356,0.44818424
-16993.92350307,0.34117079,0.63322171,0.25938141
-16442.60295682,0.39470946,0.45346352,0.36139450
-16476.91143143,0.39506764,0.40363010,0.36894590
-16610.87247748,0.28725341,0.71770036,0.13933963
-16550.07267889,0.29363241,0.69071305,0.16666474
-14885.33925168,0.29159203,0.71409047,0.15020011
-14902.90218094,0.31955968,0.64074120,0.22765347
-14451.66956008,0.26170046,0.65319854,0.12735878
-11937.15180630,0.31623217,0.69441314,0.20231685
0.00000000,0.00000000,0.00000000,0.00000000
0.00000000,0.00000000,0.00000000,0.00000000
-4934.31233028,0.75471979,0.00069128,0.75471975
-4941.38814846,0.75635141,0.00069276,0.75635137
-4946.31994746,0.75941711,0.00069558,0.75941707
-4957.09124202,0.75872838,0.00070075,0.75872834
-4968.47144846,0.75685898,0.00069322,0.75685894
-4967.58377085,0.76100579,0.00069703,0.76100575
-4979.00976319,0.75610695,0.00069254,0.75610691
-4987.38959978,0.75837984,0.00069462,0.75837980
-4999.22749310,0.75829790,0.00069456,0.75829786
-5006.09084703,0.76058433,0.00070556,0.76058429
-5012.88688331,0.75666522,0.00069305,0.75666518
-5019.83141545,0.75788086,0.00069416,0.75788082
-5030.04696489,0.75845905,0.00069469,0.75845902
-5027.36032602,0.76022014,0.00069630,0.76022010
-5043.33052717,0.75970515,0.00069624,0.75970511
-5051.82228602,0.75682277,0.00069319,0.75682273
-5043.28526143,0.75789410,0.00069418,0.75789406
-5037.08232306,0.75846906,0.00069470,0.75846902
-5032.53862639,0.75794397,0.00069425,0.75794393
-5019.28683979,0.76011136,0.00069621,0.76011132
-5019.51810920,0.75781809,0.00069411,0.75781805
-5012.28170484,0.76092580,0.00069696,0.76092576
-5007.66465974,0.75906217,0.00069525,0.75906213
-5000.01366473,0.75973233,0.00069586,0.75973229
-4998.50178640,0.75991379,0.00069603,0.75991375
-4983.23208024,0.75756336,0.00069389,0.75756332
-4986.86406067,0.75572115,0.00069218,0.75572111
-4970.54178113,0.75820202,0.00069445,0.75820199
-4968.31132756,0.75685806,0.00069325,0.75685802
-4954.31065778,0.75823066,0.00069450,0.75823062
-4952.36904350,0.75040991,0.00068731,0.75040987
-4948.74662656,0.74063641,0.00067836,0.74063638
0.00000000,0.00000000,0.00000000,0.00000000
-53770.29328263,0.41354198,0.00037881,0.41354196
-29606.13324442,0.33124696,0.05644209,0.33065737
-14612.31291638,0.38158642,0.60861055,0.31659653
-14768.23791435,0.41448578,0.38378810,0.39211610
-16078.14022807,0.29965263,0.67094476,0.18613505
-16549.16267241,0.38549734,0.50193707,0.34314057
-16612.54140024,0.44210171,0.13191448,0.43968426
-16798.26588233,0.43390602,0.27447923,0.42313760
-16873.41279388,0.41653246,0.37718626,0.39505858
-18841.91154218,0.36739657,0.45765996,0.33063922
-16981.88995871,0.41409425,0.17144177,0.40972368
-17167.28765013,0.46944633,0.00043205,0.46944631
-17225.56789494,0.42188226,0.38317898,0.39999805
-17142.11057760,0.47023560,0.00141656,0.47023534
-17069.01093146,0.40705192,0.47741248,0.37117481
-16979.17039789,0.41055373,0.51439390,0.36897253
-16965.80888600,0.36612205,0.65653180,0.28503278
-16751.30330848,0.35005494,0.69668570,0.25115835
-16285.75088556,0.41420906,0.43108775,0.38575141
-15993.30692143,0.35376620,0.69827305,0.25577593
-15487.52436268,0.40094884,0.53517772,0.35450545
-15494.12563822,0.37956381,0.61771945,0.31197029
-15771.70240568,0.37863733,0.51008579,0.33390606
-14888.33169060,0.39247276,0.37726697,0.36959356
-10606.98949268,0.15724259,0.44926453,0.00000001
-10543.19328807,0.29321354,0.64862814,0.18556985
-10501.98323038,0.23828153,0.67125013,0.03977986
-9641.32492020,0.27658730,0.69921789,0.12887820
-8888.48995957,0.25084399,0.69090517,0.06668837
-8520.99598568,0.26897129,0.67951511,0.12562766
-4726.38103040,0.75062429,0.00068752,0.75062425
-4714.82513402,0.75777264,0.00069406,0.75777260
-4720.85217793,0.75510684,0.00069164,0.75510680
-4718.00481847,0.75669755,0.00069307,0.75669751
-4701.77605333,0.76110291,0.00069711,0.76110287
-4699.73864416,0.75779554,0.00069408,0.75779550
-4696.08857086,0.75509754,0.00069163,0.75509750
-4690.77916972,0.75723575,0.00069359,0.75723571
-4678.02067194,0.75922228,0.00069539,0.75922224
-4667.11471677,0.75913502,0.00069534,0.75913498
-4666.26054024,0.75647084,0.00069287,0.75647080
-4658.70562336,0.75737095,0.00069369,0.75737091
-4658.63030550,0.75713235,0.00069350,0.75713231
-4655.29178371,0.75630412,0.00069272,0.75630408
-4645.03318979,0.75650923,0.00069292,0.75650920
-4638.81724344,0.75898964,0.00069536,0.75898960
-4642.62387834,0.76021408,0.00069629,0.76021404
-4651.44366230,0.75875493,0.00069497,0.75875489
-4658.31375965,0.75912003,0.00069531,0.75911999
-4658.60055095,0.75991562,0.00069602,0.75991558
-4669.85481848,0.75882767,0.00069503,0.75882763
-4680.03042614,0.75738717,0.00069372,0.75738714
-4686.97052347,0.75632877,0.00069273,0.75632873
-4693.49391069,0.76003351,0.00069613,0.76003347
-4691.59337462,0.76085574,0.00069691,0.76085570
-4710.37052545,0.75856284,0.00069478,0.75856280
-4719.59807843,0.75726911,0.00069363,0.75726907
-4716.84767408,0.76153819,0.00069751,0.76153815
-4731.78064018,0.75856695,0.00069516,0.75856692
-4737.63231630,0.76073899,0.00069677,0.76073895
-4742.17895957,0.75743287,0.00069376,0.75743283
-4753.88782214,0.75251790,0.00068925,0.75251787
-4814.81622304,0.59367451,0.42458173,0.57477508
-10019.57232717,0.27514521,0.64626014,0.15666045
-10295.66792161,0.26445147,0.68759928,0.10962421
-10712.98514145,0.27894911,0.72557039,0.11542179
-10319.22324799,0.36984857,0.59056627,0.30669825
0.00000000,0.00000000,0.00000000,0.00000000
-16420.51767261,0.17492798,0.49580394,0.02206036
-16136.94998262,0.35704323,0.66086533,0.27199054
-15847.59772252,0.37122463,0.60637230,0.30457515
-15501.32199977,0.42559441,0.50932465,0.38646175
-16002.63979565,0.42881110,0.34006141,0.41196218
-16340.50562869,0.42178776,0.33828808,0.40482855
-16682.75700017,0.39313551,0.51310751,0.34971962
-16830.46902879,0.41150826,0.46957132,0.37726402
-17103.86401387,0.39748281,0.52777534,0.35195255
-17204.78767358,0.40423833,0.50806825,0.36302519
-17340.50909213,0.42904057,0.29646168,0.41630439
-17361.20779450,0.40179253,0.50419924,0.36096492
-17277.77307050,0.42457789,0.41256153,0.39926937
-17224.46963014,0.48069779,0.00049516,0.48069776
-17090.01757390,0.47360329,0.00043413,0.47360327
-19573.52369169,0.37529460,0.41634637,0.34584875
-16358.19797385,0.38234659,0.49603296,0.34065812
-16917.04380497,0.39735035,0.48450221,0.35934852
-16408.04514567,0.41911260,0.41148174,0.39359117
-14856.49540651,0.35424072,0.66361074,0.26746969
-15662.69881844,0.35182187,0.66962761,0.26239187
-14247.27730842,0.33831949,0.67054832,0.24367968
-13302.71937614,0.38079377,0.63126088,0.31014325
-13485.70411911,0.47278883,0.08448283,0.47186327
-11491.84345602,0.14757885,0.42165386,0.00000000
-4971.63485812,0.74645650,0.00068376,0.74645646
-4980.53154874,0.75666799,0.00069304,0.75666795
-4992.54538913,0.75593962,0.00069238,0.75593958
-5002.10577398,0.76056702,0.00070749,0.76056698
-5021.68140460,0.74665088,0.00068387,0.74665084
-5019.98398525,0.75734156,0.00069367,0.75734152
-5021.42578433,0.76000800,0.00069611,0.76000796
-5038.33988543,0.75857492,0.00069480,0.75857488
-5046.05240595,0.75846201,0.00069469,0.75846197
-5049.05057493,0.75863948,0.00069485,0.75863944
-5061.99677450,0.75820281,0.00069446,0.75820277
-5069.05528831,0.75774233,0.00069405,0.75774230
-5071.33998541,0.75888610,0.00069508,0.75888606
-5075.35719469,0.76144980,0.00069743,0.76144977
-5084.80971366,0.75971588,0.00069584,0.75971584
-5095.45882985,0.75862071,0.00069485,0.75862067
-5102.05060329,0.75896107,0.00069515,0.75896104
-5111.75819701,0.75886389,0.00069506,0.75886385
-5104.88174866,0.75915026,0.00070349,0.75915022
-5099.31955022,0.75624477,0.00069266,0.75624473
-5093.95278876,0.75855280,0.00069480,0.75855276
-5089.38076146,0.75635226,0.00069276,0.75635222
-5082.51164755,0.75581481,0.00069228,0.75581477
-5071.72161135,0.75805179,0.00069431,0.75805176
-5060.11019601,0.76150942,0.00069748,0.76150938
-5057.20761063,0.76024978,0.00069633,0.76024974
-5051.52095530,0.75854228,0.00069479,0.75854224
-5048.30477949,0.75886533,0.00069508,0.75886529
-5038.47342207,0.76060646,0.00069665,0.76060642
-5032.67669707,0.75766791,0.00069398,0.75766787
-5025.42272036,0.76016775,0.00087441,0.76016769
-5020.82343134,0.75750192,0.00069383,0.75750188
-5008.94507338,0.75300958,0.00068971,0.75300954
-5001.79704353,0.75223920,0.00068899,0.75223916
-6945.06550885,0.22639229,0.64683511,0.00000005
-11736.07910436,0.15007802,0.42879434,0.00000000
-16609.41069172,0.17430380,0.49801087,0.00000001
-13500.21314876,0.37686873,0.64448606,0.30190753
-14726.58215096,0.29959369,0.73076031,0.15601307
-16251.32134613,0.28930566,0.72745173,0.13737713
-16655.92738693,0.34394702,0.66043532,0.25469224
-16779.85652336,0.37813257,0.56707999,0.32185513
-16540.89232095,0.43248103,0.40046430,0.40913850
-16914.17354296,0.43320224,0.42950046,0.40628380
-17195.67432938,0.41562959,0.48930576,0.37870700
-17330.14966249,0.39680794,0.57277973,0.34244292
-17527.97356456,0.38597022,0.55203662,0.33412845
-18648.85373478,0.40830664,0.33744173,0.39085242
-32292.43114613,0.44193397,0.00040477,0.44193395
-16733.59156131,0.35156497,0.54917341,0.29436878
-16954.08293682,0.41876044,0.35996413,0.39935882
-17008.03409272,0.39980443,0.49799899,0.35980997
-16919.93631030,0.40757347,0.38780057,0.38430905
-16300.89043572,0.46182496,0.14558449,0.45900536
-16092.39209389,0.38330632,0.65373043,0.30752514
-15653.21198638,0.44818741,0.40886831,0.42472723
-15897.21494958,0.42547651,0.43196119,0.39770961
-16274.70811433,0.31044255,0.75214889,0.16453845
-14626.17271624,0.36472405,0.60545474,0.29684701
-14684.48593692,0.30110394,0.72297758,0.16319697
-12208.92822102,0.24453975,0.66951329,0.06992357
-10901.73571175,0.29757767,0.66319376,0.18620900
-11525.94384595,0.27020209,0.63777471,0.15225468
-12060.42889513,0.25522621,0.63847714,0.12330011
-4782.76700920,0.75431693,0.00069093,0.75431689
-4786.41284538,0.75178950,0.00068858,0.75178946
-4774.57303242,0.75962484,0.00069576,0.75962480
-4775.72382097,0.75639594,0.00069280,0.75639590
-4763.88187767,0.76172847,0.00069790,0.76172843
-4763.27117399,0.75847688,0.00069471,0.75847684
-4746.59243221,0.76140074,0.00069738,0.76140070
-4748.65829844,0.75872045,0.00069493,0.75872041
-4739.63979037,0.75993895,0.00069604,0.75993891
-4734.08382959,0.75864626,0.00069489,0.75864622
-4729.57975595,0.75841419,0.00069467,0.75841415
-4716.91054126,0.75973131,0.00069586,0.75973127
-4716.74948866,0.75729369,0.00069363,0.75729365
-4708.11691830,0.75875448,0.00069496,0.75875444
-4702.76189879,0.75968237,0.00069581,0.75968233
-4685.41552174,0.75991242,0.00069602,0.75991238
-4692.98068584,0.75553608,0.00069202,0.75553604
-4699.38578134,0.75624904,0.00069269,0.75624900
-4708.88742394,0.75901377,0.00069521,0.75901374
-4708.51423133,0.75546262,0.00069196,0.75546259
-4719.47019713,0.75934707,0.00069552,0.75934703
-4725.72321029,0.75710081,0.00069344,0.75710077
-4727.04522950,0.76002162,0.00069612,0.76002158
-4742.01198364,0.75740274,0.00069372,0.75740270
-4750.16767676,0.75859210,0.00069481,0.75859206
-4767.18261346,0.74762093,0.00068476,0.74762089
-4759.63075002,0.75920383,0.00069540,0.75920379
-4765.70782656,0.75981168,0.00069593,0.75981165
-4776.52029019,0.75822950,0.00069448,0.75822946
-4778.47318909,0.75827688,0.00069452,0.75827684
-4783.49535636,0.76023591,0.00069632,0.76023587
-4794.05560781,0.75799747,0.00069427,0.75799744
-4796.76894343,0.75982755,0.00069604,0.75982751
-6665.06018952,0.28845927,0.75352475,0.11684737
-11091.58505773,0.23303582,0.62297341,0.08224323
-10279.20081796,0.30022714,0.68345909,0.18142377
0.00000000,0.00000000,0.00000000,0.00000000
-14391.22115474,0.29674951,0.70349215,0.16563477
-13603.03298532,0.33317499,0.66368399,0.23884558
-14935.63944197,0.35072250,0.63124206,0.27238598
-15497.50234551,0.32162719,0.69468312,0.21054080
-15581.17994668,0.41951931,0.49482796,0.38210176
-15785.50835148,0.44903350,0.36497310,0.43048046
-16158.48741125,0.40967743,0.54836328,0.36193862
-16551.28331525,0.38474091,0.61663822,0.31850563
-16384.92706685,0.41662903,0.43036965,0.38844631
-17273.39835315,0.31607501,0.69766077,0.20069608
-17493.52290652,0.39380125,0.50844352,0.35129953
-17239.37593670,0.35779109,0.65941271,0.27340151
-16550.07488807,0.34062059,0.67727353,0.24460520
-19222.82175015,0.38668571,0.59124513,0.32665489
-751770.32149391,0.67359888,0.00061697,0.67359885
-17137.54723328,0.37869440,0.59146379,0.31710463
-17162.94503789,0.41203499,0.45336692,0.38025517
-17065.07984478,0.46266928,0.08749312,0.46165476
-17041.09682176,0.42543860,0.34407966,0.40803815
-16627.23498312,0.33892929,0.74802861,0.21524075
-16418.09728654,0.35766267,0.66386427,0.27190973
-16125.05189450,0.31708278,0.72710330,0.18915149
-15253.88227947,0.35759437,0.61407401,0.28579816
-14527.30360363,0.29579550,0.76484599,0.12583234
-15499.06826203,0.17497851,0.49971399,0.00524465
-8934.77122699,0.26651458,0.71968274,0.08707454
0.00000000,0.00000000,0.00000000,0.00000000
-5016.39267407,0.74778149,0.00068491,0.74778145
-5030.46264075,0.75383229,0.00069045,0.75383225
-5039.83272953,0.75428564,0.00069087,0.75428560
-5044.59260471,0.75718218,0.00069352,0.75718214
-5045.51406107,0.75956122,0.00069570,0.75956118
-5064.10967602,0.76032080,0.00069642,0.76032076
-5074.94618017,0.75721567,0.00069355,0.75721564
-5079.03508942,0.75557822,0.00069206,0.75557818
-5078.00084118,0.75720854,0.00069354,0.75720850
-5089.78024965,0.76021347,0.00069629,0.76021343
-5092.63537824,0.75997523,0.00069609,0.75997519
-5102.52867078,0.75794840,0.00069422,0.75794836
-5112.27924235,0.75773752,0.00069403,0.75773749
-5116.68527854,0.76008442,0.00069618,0.76008438
-5125.46004353,0.75888836,0.00069509,0.75888832
-5136.32677495,0.75659191,0.00069298,0.75659187
-5143.77567588,0.75858476,0.00069480,0.75858472
-5155.47433316,0.75692267,0.00069329,0.75692263
-5152.41513867,0.75823560,0.00069448,0.75823556
-5140.17382091,0.76137645,0.00069737,0.76137641
-5132.93722051,0.75800640,0.00069430,0.75800636
-5122.83367512,0.75872973,0.00069494,0.75872969
-5111.59905575,0.76035479,0.00069645,0.76035475
-5108.72004889,0.75881858,0.00069502,0.75881854
-5101.66744205,0.76107709,0.00069709,0.76107705
-5096.70780826,0.76046791,0.00069653,0.76046787
-5085.83761525,0.76075285,0.00069681,0.76075281
-5082.39102264,0.75992003,0.00069603,0.75991999
-5084.88476234,0.75813572,0.00069439,0.75813568
-5085.01316982,0.75483923,0.00069139,0.75483919
-5069.54894619,0.75565698,0.00069212,0.75565694
-5064.77346187,0.74758204,0.00068473,0.74758200
-5053.35684562,0.74865998,0.00068571,0.74865994
-14203.47080504,0.20316744,0.55374772,0.06094288
-9537.20770973,0.21615875,0.60398247,0.04513581
-7158.44311697,0.26383254,0.73775937,0.05414996
-12080.75584739,0.24765596,0.66126441,0.08813527
-1244911.45094588,0.57652434,0.00052805,0.57652431
-13556.40522327,0.32581724,0.79777297,0.16790701
-16071.06346869,0.31144437,0.72397939,0.18107923
-16370.04183131,0.34886965,0.72657467,0.23883251
-16954.00181190,0.33523640,0.68857599,0.23302720
-17043.64146271,0.35800484,0.69648548,0.26219018
-17276.43949231,0.41228856,0.43911500,0.38257178
-17352.44288155,0.41983232,0.38129219,0.39805737
-17344.28681086,0.44211790,0.21728061,0.43552831
-18629.81896656,0.37902450,0.56421168,0.32351748
-18841.44065412,0.38553773,0.53475752,0.33705868
-18998.94896134,0.39355227,0.48457057,0.35513283
-18717.37383661,0.37249965,0.52297508,0.32442546
-17557.90684310,0.38417535,0.54098072,0.33427509
-17641.70556531,0.31944876,0.71531734,0.19841081
-16984.64307037,0.35180186,0.69182990,0.25521078
-17063.85058137,0.35320749,0.62207460,0.27812024
-16146.37261020,0.46281671,0.19367369,0.45782573
-16109.62372569,0.40200165,0.53415812,0.35588344
-16284.88744087,0.39112529,0.47368402,0.35424972
-16125.40842291,0.32110806,0.64479381,0.22842920
-14306.59864129,0.40427903,0.52065347,0.36087980
-14761.16163776,0.34010456,0.66264341,0.24876056
-14406.59191988,0.34532881,0.62027075,0.26855512
-14238.29287437,0.34406161,0.64463547,0.25975550
-10044.20705463,0.26058376,0.67733085,0.10818365
0.00000000,0.00000000,0.00000000,0.00000000
-4832.26775890,0.75692798,0.00069330,0.75692794
-4824.90917079,0.75295753,0.00068967,0.75295749
-4818.91943202,0.75876271,0.00069498,0.75876267
-4812.10896799,0.76010664,0.00069621,0.76010660
-4814.75136790,0.75663176,0.00069304,0.75663172
-4809.16439831,0.75886388,0.00069507,0.75886384
-4792.43013172,0.75873859,0.00069495,0.75873855
-4798.16032824,0.75702016,0.00069340,0.75702012
-4785.23541168,0.75910105,0.00069528,0.75910101
-4784.26241426,0.75802466,0.00069432,0.75802462
-4779.53932899,0.75642567,0.00069283,0.75642563
-4772.67303068,0.75893955,0.00069513,0.75893951
-4765.92966666,0.75704895,0.00069342,0.75704891
-4766.65073506,0.75852999,0.00069477,0.75852995
-4749.88367703,0.75966999,0.00069580,0.75966995
-4747.10251625,0.75789320,0.00069419,0.75789316
-4736.00598065,0.76004235,0.00069616,0.76004231
-4746.04026236,0.75700522,0.00069336,0.75700518
-4753.60728380,0.75927602,0.00069575,0.75927598
-4758.66900675,0.75904189,0.00069537,0.75904186
-4766.46336002,0.75855373,0.00069481,0.75855369
-4772.85854050,0.75820596,0.00079763,0.75820591
-4778.34428055,0.75948555,0.00069563,0.75948551
-4791.92768723,0.75602333,0.00069246,0.75602329
-4792.14149300,0.76097720,0.00069700,0.76097716
-4804.34964476,0.75858667,0.00069482,0.75858663
-4811.80190915,0.75516349,0.00069169,0.75516345
-4815.98282039,0.75914469,0.00073580,0.75914465
-4817.08170865,0.75825316,0.00069450,0.75825312
-4829.15406293,0.75852411,0.00069476,0.75852407
-4843.71869129,0.75588509,0.00069233,0.75588505
-4848.19578872,0.75685207,0.00069324,0.75685203
-4852.65456657,0.75854151,0.00071302,0.75854147
-4854.10695655,0.75995149,0.00069609,0.75995145
-4863.30906895,0.76037049,0.00069644,0.76037045
-4863.63322469,0.76224752,0.00069816,0.76224748
0.00000000,0.00000000,0.00000000,0.00000000
-14617.45446506,0.31952710,0.66247153,0.21985489
-13695.62025915,0.35985481,0.66736087,0.27374732
-14378.85961214,0.33513542,0.66764721,0.24023121
-14691.99844467,0.37146334,0.67740177,0.28595988
-14556.67255787,0.32370235,0.66960423,0.22328884
-16210.59682765,0.37085493,0.67605066,0.28556160
-16266.43646827,0.37473827,0.65979565,0.29512846
-16069.47983506,0.39500731,0.62969614,0.32780697
-17201.82869640,0.37566191,0.55000124,0.32259177
-17509.96968593,0.35401908,0.58004440,0.29002448
-17953.69053340,0.32292571,0.65685245,0.22677690
-17240.94193019,0.36511485,0.60212045,0.29815532
-19030.42228197,0.39753377,0.41191814,0.37046959
-19123.41952349,0.37230696,0.57406470,0.31343670
-18666.61027319,0.38911461,0.53641648,0.34082503
-18357.76953720,0.42504747,0.29556573,0.41226674
-17730.30933269,0.40394628,0.45020380,0.37194607
-17144.47220868,0.39664924,0.51056814,0.35411487
-906227.69963886,0.66913543,0.00061287,0.66913540
-16893.92977374,0.36425192,0.63628084,0.28824456
-16533.28191855,0.45225198,0.24737333,0.44388697
-16079.09498471,0.40677398,0.59283865,0.34987356
-15143.87861419,0.35691671,0.68826770,0.26336242
-781465.63249012,0.55843577,0.00051148,0.55843574
-10901.05875346,0.34850491,0.74812535,0.22998578
0.00000000,0.00000000,0.00000000,0.00000000
-9648.98055151,0.31132720,0.66873454,0.20528494
-9023.49533446,0.31546777,0.63715176,0.22313566
-8424.76845544,0.29457616,0.66099018,0.18235647
-5083.71407084,0.75662783,0.00070741,0.75662779
-5096.00586969,0.75567528,0.00069216,0.75567524
-5102.79374124,0.75704016,0.00069339,0.75704012
-5113.20217862,0.75748776,0.00069383,0.75748772
-5120.25946415,0.75626418,0.00069268,0.75626414
-5130.09880197,0.75839470,0.00069465,0.75839466
-5137.18247218,0.75640151,0.00069281,0.75640147
-5147.41549323,0.75561662,0.00069209,0.75561658
-5148.21909881,0.75930942,0.00069547,0.75930938
-5162.95355805,0.75819062,0.00069445,0.75819058
-5166.22073238,0.76126250,0.00069728,0.76126246
-5164.00766897,0.76166395,0.00069765,0.76166391
-5182.53473360,0.75753843,0.00069385,0.75753840
-5189.98310462,0.75790209,0.00069418,0.75790205
-5197.11945361,0.75987710,0.00069652,0.75987706
-5197.68323442,0.76182880,0.00069778,0.76182876
-5196.08295749,0.75902805,0.00070500,0.75902801
-5189.68277584,0.76049139,0.00069699,0.76049135
-5177.67431211,0.75935864,0.00069552,0.75935860
-5176.34404931,0.75785701,0.00069414,0.75785697
-5176.14874672,0.75702493,0.00069340,0.75702489
-5167.46740566,0.75948529,0.00069563,0.75948525
-5157.07897929,0.76098893,0.00069700,0.76098889
-5145.07476643,0.76150162,0.00069749,0.76150158
-5145.98142337,0.76073704,0.00088022,0.76073698
-5137.22125244,0.75923893,0.00069540,0.75923889
-5133.16544328,0.75698341,0.00069334,0.75698337
-5130.13350391,0.75736145,0.00069368,0.75736142
-5119.81438864,0.75652449,0.00069292,0.75652445
-5112.04713473,0.75663837,0.00069302,0.75663833
-5106.12532588,0.75530893,0.00069180,0.75530889
-10021.95079483,0.22793521,0.62959951,0.05827526
-10187.75671914,0.33076753,0.54693633,0.26974541
-10022.68685293,0.27478039,0.69782305,0.12590483
-9241.28866331,0.31292802,0.82289597,0.12236061
-13034.36227633,0.18426693,0.52647695,0.00000001
-12367.70130087,0.31886854,0.80420799,0.14983393
-15554.97530298,0.41882538,0.41967378,0.39222347
-15577.05034332,0.40738877,0.63548383,0.34131400
-16584.34938343,0.41752191,0.36292307,0.39773067
-17395.01098559,0.36363870,0.52719020,0.31334764
-17198.42682529,0.38011854,0.64714240,0.30526698
-17430.38454140,0.40298053,0.53121289,0.35752676
-17129.00308456,0.43229033,0.34969648,0.41460185
-18799.75795237,0.41572676,0.32821350,0.39954041
-18609.21807529,0.33586905,0.64081187,0.25000927
-18732.18896769,0.38307811,0.49355562,0.34191839
-19234.33622976,0.30424883,0.63281206,0.20859551
-17510.59479769,0.38570028,0.45654756,0.35104321
-17172.95014593,0.37553251,0.53527284,0.32546325
-17379.65847757,0.34834548,0.58130471,0.28275425
-16826.29934696,0.31703773,0.69961205,0.20138131
-16281.47893100,0.40267584,0.53284689,0.35688502
-16210.50329524,0.34067341,0.70570929,0.23462787
-15844.09190381,0.30077681,0.72343678,0.16234222
-14869.88075051,0.35766424,0.63473951,0.28030192
-13708.48568392,0.40830640,0.53217741,0.36334632
-13309.03955135,0.41773886,0.55501625,0.36982493
-13165.08491670,0.43385171,0.46063426,0.40278378
-4903.20205944,0.74993126,0.00068687,0.74993122
-4903.85240262,0.75624221,0.00069266,0.75624217
-4893.38395084,0.75652985,0.00069293,0.75652981
-4894.30299155,0.75544160,0.00069195,0.75544156
-4886.01653566,0.75682707,0.00069323,0.75682703
-4885.10261311,0.75698858,0.00069334,0.75698854
-4869.38208849,0.75839600,0.00069466,0.75839596
-4867.07687773,0.76043533,0.00069650,0.76043530
-4852.94275083,0.76024658,0.00069633,0.76024654
-4848.43697731,0.75986698,0.00069598,0.75986694
-4849.44348026,0.75808403,0.00069437,0.75808399
-4844.02814119,0.75724424,0.00069358,0.75724420
-4839.53991471,0.75639872,0.00069281,0.75639868
-4829.29474487,0.75563816,0.00069212,0.75563812
-4818.13044361,0.75860128,0.00069483,0.75860124
-4814.94979777,0.75795260,0.00069422,0.75795256
-4812.00174270,0.75755697,0.00069387,0.75755693
-4800.65829908,0.75668627,0.00069306,0.75668624
-4788.92653893,0.75991394,0.00069604,0.75991390
-4791.72275850,0.75845542,0.00069525,0.75845538
-4793.45330478,0.75798623,0.00069426,0.75798619
-4799.17444517,0.75953480,0.00069568,0.75953476
-4812.65237445,0.75697700,0.00069333,0.75697696
-4820.66125698,0.75647942,0.00069290,0.75647939
-4821.75540917,0.75934162,0.00069551,0.75934158
-4831.94507085,0.75747614,0.00069379,0.75747610
-4845.06475140,0.75796481,0.00069424,0.75796477
-4847.46602855,0.75750662,0.00069381,0.75750658
-4862.79946454,0.75591953,0.00069236,0.75591949
-4863.31022657,0.75797551,0.00069426,0.75797547
-4869.37282068,0.75858496,0.00069480,0.75858492
-4875.69221213,0.75673505,0.00069311,0.75673501
-4885.05235988,0.75869214,0.00069493,0.75869210
-4889.26359164,0.75749069,0.00069380,0.75749065
-4899.68382500,0.75698567,0.00069334,0.75698563
-4903.50823135,0.75876390,0.00069499,0.75876386
-4915.51306078,0.75723825,0.00069359,0.75723821
-4921.32161601,0.75843385,0.00069469,0.75843381
-4921.14312073,0.76097817,0.00069701,0.76097813
-4934.91864524,0.75620630,0.00069263,0.75620626
-4942.88030696,0.75353982,0.00069018,0.75353978
-10332.80499753,0.28713984,0.70045108,0.14948882
-13703.14350622,0.24912578,0.66394342,0.08979477
-13720.17819555,0.36438803,0.65979521,0.28187008
-58995.78512191,0.47729196,0.00043716,0.47729193
-15897.98708334,0.38259970,0.55482425,0.32965643
-16160.05308998,0.31675599,0.71993431,0.19194255
-16058.92238303,0.37801469,0.53554250,0.32827032
-16737.51973828,0.33751353,0.67702434,0.24034568
-16547.76304080,0.28235266,0.69235070,0.14492312
-17427.31082438,0.29571781,0.66463125,0.18258292
-16940.33229515,0.30595862,0.62178235,0.21505942
-16838.58684641,0.30710123,0.63737636,0.21105855
-247646.31700095,0.75965618,0.00069578,0.75965614
-17381.97958264,0.39661638,0.37831737,0.37386075
-18374.12718556,0.38907561,0.39509511,0.36367233
-17374.98231383,0.36382896,0.65845008,0.28153301
-17465.08179093,0.37553544,0.57349376,0.31739127
-17423.86602470,0.36552926,0.50587565,0.31978531
-15954.04382941,0.28746729,0.68506918,0.15857417
-15363.41759771,0.34634652,0.63273153,0.26629520
-15482.68909075,0.35386499,0.74928432,0.23758288
-14096.84828537,0.18907352,0.54021005,0.00000000
-12301.75710748,0.41743238,0.62973534,0.35450019
-12393.00097648,0.42014959,0.57529673,0.36875778
0.00000000,0.00000000,0.00000000,0.00000000
-5117.72760924,0.75540110,0.00069189,0.75540106
-5131.16138292,0.75787093,0.00069418,0.75787089
-5138.34613564,0.76015171,0.00069675,0.76015167
-5142.10394296,0.75901632,0.00069522,0.75901628
-5150.20288346,0.76049922,0.00069656,0.76049918
-5157.66901533,0.76201125,0.00069794,0.76201121
-5171.08035663,0.75849372,0.00069474,0.75849369
-5179.64487069,0.75777183,0.00069409,0.75777179
-5187.12563303,0.75794393,0.00069422,0.75794389
-5190.42862797,0.76071859,0.00069676,0.76071855
-5198.01031030,0.75632384,0.00069273,0.75632380
-5212.34602678,0.75940066,0.00073225,0.75940062
-5212.22515664,0.75884301,0.00069504,0.75884297
-5228.30018933,0.75618587,0.00069261,0.75618583
-5225.38072439,0.75815750,0.00069441,0.75815747
-5240.61304299,0.75707180,0.00069343,0.75707176
-5239.97643537,0.75841035,0.00069464,0.75841031
-5256.71281854,0.75656740,0.00069296,0.75656736
-5255.99617408,0.75950718,0.00069565,0.75950714
-5257.29578246,0.75880693,0.00069501,0.75880689
-5250.41852823,0.75618012,0.00069260,0.75618008
-5244.07256237,0.76154282,0.00072111,0.76154278
-5240.54373285,0.75759073,0.00069391,0.75759069
-5231.11851323,0.75916521,0.00069560,0.75916518
-5226.05877589,0.75829845,0.00069457,0.75829841
-5224.01975852,0.75711269,0.00069347,0.75711265
-5206.45778094,0.76063363,0.00069670,0.76063359
-5207.28147077,0.75777611,0.00069407,0.75777607
-5200.39729444,0.76033976,0.00079506,0.76033971
-5187.22121226,0.75987901,0.00069599,0.75987897
-5189.12735743,0.75814569,0.00069443,0.75814565
-5183.47225853,0.75656531,0.00069296,0.75656528
-5176.52894300,0.76044832,0.00069718,0.76044829
-5160.11701609,0.75980293,0.00069595,0.75980290
-5159.95744086,0.75969203,0.00069582,0.75969199
-5155.39344107,0.75846318,0.00069472,0.75846314
-5150.43584130,0.75450895,0.00069110,0.75450891
-12896.77134245,0.36399010,0.62681401,0.29044631
-12476.11051393,0.37099070,0.65295688,0.29224287
-13697.08033881,0.33482312,0.72515269,0.21838117
-35075.39825712,0.36529260,0.00033465,0.36529258
-16136.35296883,0.45573298,0.00041746,0.45573295
-15904.75364294,0.38276384,0.58735589,0.32287344
-15880.21870502,0.38934513,0.65848425,0.31380479
-16908.50516463,0.28398966,0.74740528,0.11054335
-16889.80782522,0.34353737,0.70730121,0.23818950
-16786.95051400,0.31867012,0.66015445,0.21946450
-15799.05565109,0.22498282,0.63777701,0.02809320
-227688.97632502,0.74424651,0.00068167,0.74424647
-412128.70160127,0.84077637,0.00077462,0.84077632
-198035.17478327,0.78309923,0.00071725,0.78309919
-15985.21850163,0.24817491,0.68547528,0.06348962
-16944.20988687,0.32752788,0.62288783,0.24442959
-16111.86423189,0.34602719,0.62768680,0.26734052
-16247.88507732,0.38528324,0.50329796,0.34265558
-16016.02588589,0.35116639,0.69701919,0.25259247
-15849.53502641,0.37364500,0.61395831,0.30567115
-13771.70085987,0.35513296,0.65748672,0.27048853
-12768.72192267,0.29523255,0.74263822,0.14000749
-12722.36895453,0.35053272,0.68672910,0.25515205
-4973.47393824,0.75271100,0.00068942,0.75271096
-4973.75862830,0.75603137,0.00069247,0.75603133
-4962.16449444,0.75898921,0.00069519,0.75898917
-4962.00207961,0.75656634,0.00069298,0.75656630
-4953.15479534,0.75894493,0.00069514,0.75894489
-4945.73491784,0.75855229,0.00069477,0.75855225
-4944.25604270,0.75557610,0.00069205,0.75557606
-4938.86689671,0.75813406,0.00069439,0.75813402
-4932.53480596,0.75867658,0.00069489,0.75867654
-4915.78351469,0.75882671,0.00069506,0.75882667
-4908.76898714,0.76086631,0.00069690,0.76086627
-4906.39154349,0.75871022,0.00069492,0.75871018
-4901.30852068,0.75883558,0.00069513,0.75883554
-4899.42234486,0.75759445,0.00069391,0.75759441
-4889.44626110,0.75764302,0.00069394,0.75764298
-4886.96591580,0.75829212,0.00069454,0.75829208
-4876.19945540,0.75826834,0.00069451,0.75826830
-5000.21689186,0.71144998,0.00065163,0.71144994
-4867.01008999,0.75771431,0.00069403,0.75771427
-4863.42542978,0.75746660,0.00069378,0.75746656
-4852.26225202,0.75807919,0.00069434,0.75807915
-4839.29740922,0.75944501,0.00069562,0.75944497
-4845.50150407,0.75867015,0.00069488,0.75867011
-4860.22352082,0.75904926,0.00069526,0.75904922
-4869.58557040,0.75816513,0.00069443,0.75816509
-4873.70060580,0.75904373,0.00069546,0.75904370
-4885.18237347,0.75682382,0.00069320,0.75682378
-4889.30939933,0.75866749,0.00069488,0.75866745
-4898.44460324,0.75796527,0.00069426,0.75796523
-4901.26820158,0.75885056,0.00069508,0.75885052
-4906.80287790,0.76031241,0.00069638,0.76031237
-4909.09856387,0.76015547,0.00069625,0.76015543
-4920.39427312,0.75969635,0.00080533,0.75969630
-4932.21225863,0.75543519,0.00069192,0.75543515
-4940.02820017,0.75775847,0.00069405,0.75775843
-4942.94250461,0.75934817,0.00069550,0.75934813
-4949.52339242,0.75974178,0.00087804,0.75974172
-4961.36870459,0.75544479,0.00069193,0.75544476
-4968.91703854,0.75874640,0.00069495,0.75874636
-4971.12906799,0.75940777,0.00083972,0.75940771
-4981.02392426,0.75751819,0.00069405,0.75751815
-4985.29003226,0.75920105,0.00069537,0.75920101
-4997.48238945,0.75544191,0.00069193,0.75544187
-4995.68878626,0.75699632,0.00069335,0.75699628
-13140.43572384,0.42109688,0.41885262,0.39475497
-13100.28546698,0.39635371,0.64517947,0.32573738
-12812.03749207,0.34976495,0.74172301,0.23439662
-14439.37260198,0.45066243,0.28174726,0.43974128
-16153.92835290,0.28028467,0.74867249,0.09948347
-16238.86258482,0.31162914,0.74682948,0.16966974
-16186.98589130,0.39749949,0.49880411,0.35710946
-15842.75750559,0.32622064,0.66199314,0.22964348
-17219.97418634,0.30629703,0.63211462,0.21182701
-16676.67969755,0.31591568,0.59083393,0.23883014
-563287.47037626,0.84509007,0.00077403,0.84509003
-760059.37156041,0.86914373,0.00079606,0.86914368
-538269.41631522,0.83694753,0.00129924,0.83694740
-524093.78112615,0.81035799,0.00074222,0.81035795
-16839.94788589,0.32794589,0.68768184,0.22274982
-17046.38946449,0.38505176,0.50231185,0.34257263
-16709.73638035,0.38234487,0.52990313,0.33435001
-16256.19548529,0.40939887,0.45895252,0.37656918
-15963.54186771,0.37699693,0.65703274,0.29873804
-16302.15067384,0.32395158,0.67154675,0.22293539
-18636.35263658,0.20203993,0.57109347,0.02944546
-13792.95006119,0.43919894,0.35317558,0.42144503
-12523.55482885,0.36325887,0.59237480,0.29827972
-12914.22986329,0.39144352,0.55563513,0.33971835
-5163.64112995,0.76014204,0.00069624,0.76014200
-5170.70670169,0.76028903,0.00069637,0.76028899
-5182.66769053,0.75914760,0.00069534,0.75914756
-5192.40687801,0.75754478,0.00069388,0.75754474
-5200.80694684,0.75907820,0.00069527,0.75907816
-5200.74466281,0.75992268,0.00069603,0.75992264
-5215.08215101,0.75599578,0.00069243,0.75599574
-5218.93821370,0.75912933,0.00069530,0.75912929
-5225.56263440,0.75747614,0.00069379,0.75747610
-5237.15276751,0.75879512,0.00070701,0.75879508
-5238.85555280,0.75764122,0.00069802,0.75764118
-5252.60416607,0.75855397,0.00069478,0.75855393
-5250.74671595,0.75739378,0.00069371,0.75739375
-5252.65548071,0.76062040,0.00069667,0.76062036
-5271.36710127,0.75714755,0.00069349,0.75714752
-5271.49010291,0.75898705,0.00069517,0.75898701
-5280.22617959,0.75791858,0.00069419,0.75791854
-5290.23577871,0.75838553,0.00069490,0.75838549
-5298.63873078,0.75893261,0.00069513,0.75893257
-5283.24960211,0.75971822,0.00069584,0.75971818
-5285.65607973,0.75738745,0.00069373,0.75738741
-5276.38024202,0.75623428,0.00069265,0.75623424
-5263.32432571,0.75994502,0.00069606,0.75994498
-5265.56107521,0.75857636,0.00069481,0.75857632
-5257.46952628,0.75482245,0.00069136,0.75482241
-5249.31945273,0.76089708,0.00069694,0.76089704
-5247.61508460,0.75737540,0.00069373,0.75737537
-5239.13455846,0.75862066,0.00069486,0.75862062
-5228.79045499,0.75856421,0.00069478,0.75856417
-5225.17695851,0.75944073,0.00069559,0.75944069
-5215.00780830,0.76061393,0.00070525,0.76061389
-5214.07161756,0.75726412,0.00069360,0.75726408
-5203.29767134,0.76087834,0.00069691,0.76087830
-5201.94162701,0.75964935,0.00069579,0.75964931
-5189.74128909,0.75848008,0.00072669,0.75848003
-5184.62100936,0.75887244,0.00069507,0.75887240
-13901.69289977,0.34637741,0.57615730,0.28162484
-13763.58371507,0.40881927,0.45068825,0.37716178
-14551.22040533,0.24402741,0.66405248,0.07437123
-14334.34532896,0.31629478,0.72236521,0.19005389
-16484.82276406,0.32269538,0.68493364,0.21601708
-16337.32078122,0.32605431,0.69631670,0.21660202
-16650.42845251,0.37665975,0.53372314,0.32707365
-16867.83077626,0.39407691,0.43764097,0.36308984
-16712.22160960,0.32276937,0.65174240,0.22835492
-17885.42124421,0.26321199,0.69035933,0.10439130
-17305.28898947,0.33997292,0.56780098,0.27584024
-560078.81051464,0.81163934,0.00074339,0.81163929
-276617.63200721,0.78501836,0.00071901,0.78501832
-320004.73982399,0.77823433,0.00071280,0.77823429
-16359.96255869,0.28609306,0.71012148,0.14168930
-17199.54120092,0.34902717,0.50767931,0.30041143
-17612.21694394,0.33707221,0.52609834,0.28233348
-15829.63507283,0.36416198,0.64102062,0.28684105
-15735.08889425,0.33359588,0.68366907,0.23244203
-15541.40032019,0.25110232,0.69990504,0.05516940
-14674.94226700,0.40949536,0.52659236,0.36567371
-1487199.60734527,0.63383313,0.00058054,0.63383310
-13462.87386319,0.32122806,0.70341651,0.20633737
-13057.49068767,0.34733412,0.70296827,0.24516494
-5003.16576242,0.75915724,0.00069533,0.75915720
-5001.24391107,0.75942079,0.00078433,0.75942074
-4998.32072440,0.75675350,0.00069313,0.75675346
-4987.74499868,0.75746006,0.00069377,0.75746002
-4986.49298678,0.75670601,0.00069310,0.75670597
-4975.48219927,0.76061213,0.00069666,0.76061209
-4973.12050979,0.75735592,0.00069368,0.75735588
-4970.84122280,0.75719104,0.00069355,0.75719100
-4952.99165307,0.75955820,0.00069570,0.75955816
-4953.63535633,0.75742076,0.00069374,0.75742072
-4950.34046351,0.75853607,0.00069521,0.75853603
-4941.86573008,0.75833624,0.00069457,0.75833620
-4934.91246821,0.75758726,0.00069392,0.75758722
-4929.42675771,0.75716993,0.00069351,0.75716989
-4925.00971351,0.75569059,0.00069216,0.75569055
-4920.34337356,0.75837378,0.00069461,0.75837374
-4919.31752641,0.75678915,0.00069317,0.75678911
-4906.64900027,0.75775964,0.00069405,0.75775960
-4899.39604589,0.75949865,0.00069564,0.75949861
-4897.27523479,0.75712986,0.00069347,0.75712982
-4890.12318203,0.75973484,0.00069588,0.75973480
-4885.86900212,0.75911375,0.00069529,0.75911371
-4892.47801253,0.75941458,0.00069557,0.75941454
-4896.12527497,0.75791377,0.00069420,0.75791373
-4907.58151474,0.75841559,0.00069465,0.75841555
-4913.87976174,0.75498584,0.00069151,0.75498580
-4921.39890319,0.75943559,0.00069559,0.75943556
-4929.01653960,0.75876295,0.00069497,0.75876291
-4930.10280519,0.75702262,0.00072375,0.75702258
-4936.01622132,0.76029369,0.00069637,0.76029365
-4942.88018425,0.75701307,0.00069337,0.75701303
-4955.68186664,0.75868044,0.00069553,0.75868040
-4958.50510814,0.75778633,0.00069409,0.75778629
-4972.39455906,0.75690545,0.00069327,0.75690541
-4977.92378521,0.75789394,0.00069417,0.75789390
-4981.18840970,0.76055489,0.00069662,0.76055485
-4993.45735323,0.75625276,0.00069267,0.75625272
-4992.86120064,0.76059220,0.00069665,0.76059216
-5011.29861068,0.75688461,0.00069325,0.75688457
-5009.73922028,0.75990574,0.00069602,0.75990570
-5024.81706410,0.75644610,0.00069286,0.75644606
-5024.78267119,0.75958416,0.00069575,0.75958412
-5039.08696713,0.75838892,0.00069462,0.75838888
-5043.01565493,0.75466878,0.00069122,0.75466874
-5044.49996488,0.75591919,0.00069237,0.75591915
-5056.81888488,0.75221809,0.00068898,0.75221805
-5063.98555640,0.74925851,0.00068626,0.74925848
-13630.04191656,0.33571775,0.67804210,0.23746183
-13851.06057815,0.25778296,0.66873735,0.10802256
-1508834.17486091,0.64597933,0.00059166,0.64597929
-15378.59547868,0.47534052,0.12153427,0.47343343
-15424.64998589,0.43143737,0.35178741,0.41349521
-14953.60720395,0.37616423,0.63176670,0.30431268
-15233.31627649,0.19153797,0.54715121,0.00366380
-17134.02043522,0.30675439,0.61772474,0.21761029
-16849.79297241,0.35724874,0.56815649,0.29678855
-444749.45589410,0.80462677,0.00073697,0.80462673
-574797.40864096,0.74828784,0.00068537,0.74828780
-17117.33486168,0.35260111,0.55186178,0.29499151
-17067.51347551,0.36013646,0.43067693,0.32707285
-17377.10244262,0.27110113,0.71196809,0.10677429
-16665.69824024,0.36597961,0.54632761,0.31205453
-16617.92904051,0.36812096,0.53059418,0.31784524
-16459.83141915,0.34292351,0.60954830,0.26848048
-16276.07240962,0.33885604,0.60315538,0.26506293
-13960.46995521,0.21871313,0.61464969,0.03944158
-12401.72368929,0.31528871,0.71881103,0.19003298
-5207.34200143,0.75704579,0.00069342,0.75704575
-5217.74935594,0.75779279,0.00069409,0.75779276
-5223.24044204,0.75957249,0.00087100,0.75957243
-5236.71214496,0.75788097,0.00069465,0.75788093
-5241.13319084,0.75959363,0.00069794,0.75959359
-5251.25063621,0.75791788,0.00069420,0.75791785
-5258.00369905,0.75891807,0.00070829,0.75891802
-5268.07476023,0.75850185,0.00069473,0.75850181
-5271.93151263,0.75743030,0.00069948,0.75743026
-5276.79017621,0.75865342,0.00069489,0.75865338
-5288.37203224,0.75845193,0.00069516,0.75845189
-5305.53090406,0.75510930,0.00069162,0.75510926
-5305.53267546,0.75715923,0.00071278,0.75715919
-5311.67679023,0.76099577,0.00083412,0.76099571
-5312.08122409,0.76040900,0.00069648,0.76040896
-5325.75261083,0.75976683,0.00069592,0.75976679
-5337.22388405,0.75774713,0.00069404,0.75774709
-5346.77806702,0.75786567,0.00069416,0.75786563
-5349.92543561,0.75890436,0.00071548,0.75890431
-5355.16415884,0.75740196,0.00069374,0.75740192
-5349.45995769,0.75617411,0.00069260,0.75617407
-5344.57489521,0.75581458,0.00069227,0.75581454
-5335.59782338,0.75849047,0.00069511,0.75849043
-5327.18324228,0.75795981,0.00069423,0.75795977
-5322.40433731,0.75935818,0.00069555,0.75935814
-5313.50037934,0.76054801,0.00069660,0.76054797
-5306.66181365,0.76146589,0.00069744,0.76146585
-5308.66920482,0.75943556,0.00069558,0.75943552
-5301.79640424,0.75639587,0.00069280,0.75639584
-5292.05336929,0.75766121,0.00070340,0.75766117
-5282.64641142,0.75864931,0.00069486,0.75864927
-5281.72834314,0.75723633,0.00069358,0.75723629
-5271.66509872,0.75771308,0.00069400,0.75771304
-5263.38086483,0.75793635,0.00069421,0.75793632
-5260.32826048,0.75613070,0.00069256,0.75613066
-5246.07200863,0.76036656,0.00069645,0.76036653
-5247.81933312,0.75706588,0.00069345,0.75706584
-5236.98921936,0.75954000,0.00069568,0.75953997
-5234.38428784,0.75827413,0.00069455,0.75827409
-5223.72846336,0.75904994,0.00069523,0.75904990
-5218.33375100,0.75629250,0.00069270,0.75629246
-15481.51202325,0.34307462,0.65791961,0.25431292
-15518.98158187,0.34061586,0.64453977,0.25520345
-20492.04551298,0.27805087,0.65597074,0.15684651
-17016.40147884,0.31842662,0.64477340,0.22465140
-15396.83411952,0.31484934,0.67883854,0.20659002
-16938.06682285,0.30782767,0.75861025,0.15575753
-15426.35654811,0.29205602,0.76052456,0.12017909
-16916.01852381,0.30086460,0.74690349,0.14893310
-16722.62741810,0.32561831,0.72098308,0.20579055
-16488.20709041,0.35567926,0.67894569,0.26464929
-16201.80602767,0.40453916,0.56267050,0.35336761
-16409.96249285,0.33906824,0.66601518,0.24622994
-13731.70891950,0.32416714,0.78994969,0.16923895
-1509120.15556328,0.69410850,0.00063575,0.69410846
-13924.21799693,0.29648907,0.70437144,0.16470800
-12419.41929837,0.20490666,0.57830001,0.03192103
-12539.99005032,0.25629539,0.66169038,0.10978453
-12067.41497469,0.40374281,0.38919497,0.38006953
-5079.46026395,0.75544167,0.00069192,0.75544164
-5080.54398588,0.75712384,0.00069362,0.75712380
-5072.41502254,0.75660458,0.00069299,0.75660455
-5069.83270478,0.75896995,0.00069516,0.75896991
-5055.40466720,0.75953586,0.00069568,0.75953582
-5056.38572891,0.75842226,0.00069466,0.75842222
-5048.07746528,0.75806646,0.00069433,0.75806642
-5033.90947070,0.75899650,0.00069518,0.75899646
-5036.75090872,0.75782735,0.00069411,0.75782731
-5033.18063111,0.75879482,0.00069500,0.75879478
-5025.30567928,0.75817948,0.00069446,0.75817945
-5019.45373172,0.75875171,0.00069499,0.75875167
-5009.65284143,0.75996498,0.00069607,0.75996494
-5007.51189832,0.75878892,0.00069499,0.75878888
-4995.68624359,0.75793865,0.00069421,0.75793861
-4991.75631167,0.75556100,0.00069238,0.75556096
-4983.13056868,0.75782209,0.00069411,0.75782205
-4980.75946375,0.75730243,0.00069363,0.75730239
-4977.49915602,0.75836862,0.00069461,0.75836858
-4979.48399320,0.75508402,0.00071678,0.75508397
-4965.52651611,0.75685837,0.00069322,0.75685833
-4949.04214127,0.75946928,0.00069562,0.75946924
-4947.50617113,0.75699460,0.00069335,0.75699456
-4943.31128674,0.75734680,0.00069367,0.75734676
-4943.01806362,0.75874227,0.00069498,0.75874223
-4953.46102791,0.75725670,0.00069362,0.75725667
-4965.42204139,0.75759672,0.00072218,0.75759668
-4965.47521484,0.75892396,0.00069512,0.75892392
-4977.41061860,0.75508635,0.00069160,0.75508631
-4985.36771912,0.75669579,0.00069308,0.75669575
-4993.09829816,0.75887238,0.00069719,0.75887234
-4999.69615897,0.75884638,0.00069536,0.75884634
-5006.46973545,0.75996257,0.00069607,0.75996253
-5018.20925953,0.75979728,0.00069592,0.75979724
-5020.39636517,0.75812686,0.00069438,0.75812682
-5025.54244244,0.75985883,0.00069597,0.75985879
-5035.74195937,0.75655312,0.00069296,0.75655308
-5040.73704093,0.75882743,0.00069503,0.75882740
-5053.21348013,0.75726205,0.00069362,0.75726202
-5059.29310525,0.75629880,0.00070043,0.75629876
-5068.73332073,0.75798137,0.00069425,0.75798133
-5068.02917865,0.75967128,0.00069580,0.75967124
-5080.00329047,0.75788533,0.00069418,0.75788529
-5092.02107086,0.75592711,0.00069237,0.75592707
-5095.98508439,0.75785151,0.00069414,0.75785147
-5102.66704966,0.75518325,0.00069170,0.75518322
-5109.26313696,0.75400323,0.00069061,0.75400319
-5116.19244730,0.75259885,0.00068932,0.75259881
-9776.71843839,0.25730880,0.70707138,0.07045530
-12843.79163738,0.23419100,0.62808379,0.08074956
-10255.17629177,0.37612631,0.71824926,0.27977752
-13980.41384427,0.24504836,0.66093971,0.08084329
-15056.71749651,0.25208508,0.66982620,0.09265616
-419280.90833523,0.64822168,0.00059372,0.64822165
-2581035.95576409,0.67018348,0.00061388,0.67018344
-13642.94368511,0.38866662,0.63313038,0.31930724
-14094.86993425,0.27247652,0.73618240,0.08861603
-17167.27854269,0.13665009,0.39042882,0.00000000
-16192.54710680,0.39577911,0.54781894,0.34623427
-15096.10195984,0.29351885,0.76611289,0.11939229
-534312.97543149,0.60488113,0.00055402,0.60488110
-15340.81223773,0.35822071,0.66405209,0.27258731
-15081.95853741,0.32647281,0.61320617,0.24601183
-15495.58530940,0.28508704,0.69659650,0.14775622
-15038.22650694,0.27447149,0.70574092,0.11967034
-12610.77801437,0.32396826,0.73876971,0.19518530
-5237.63353187,0.75811207,0.00069440,0.75811203
-5254.67543007,0.75667274,0.00069305,0.75667270
-5259.15525297,0.75823434,0.00069448,0.75823430
-5269.19058174,0.75881918,0.00069504,0.75881914
-5275.80457172,0.75725398,0.00069358,0.75725394
-5283.12708978,0.75992816,0.00079267,0.75992811
-5292.09987627,0.75828842,0.00069453,0.75828838
-5307.94778030,0.75873668,0.00069497,0.75873664
-5315.41332089,0.75991428,0.00069602,0.75991425
-5316.03967255,0.75835638,0.00069459,0.75835634
-5322.13885008,0.76030145,0.00070401,0.76030141
-5325.05343437,0.75968716,0.00069581,0.75968712
-5333.38900136,0.76086577,0.00069690,0.76086573
-5344.73260823,0.75977580,0.00069589,0.75977576
-5354.23399686,0.75930265,0.00069580,0.75930261
-5360.73717153,0.76030804,0.00069638,0.76030800
-5365.97305010,0.75899587,0.00069518,0.75899583
-5369.94705840,0.76135131,0.00069735,0.76135127
-5378.65834206,0.76018887,0.00069628,0.76018883
-5389.42141089,0.75782711,0.00069414,0.75782707
-5397.91332331,0.75645470,0.00069285,0.75645466
-5408.74336521,0.75673444,0.00069683,0.75673440
-5410.69526133,0.75884228,0.00069504,0.75884224
-5398.56716150,0.76055700,0.00069661,0.76055696
-5399.82358970,0.75562886,0.00069210,0.75562882
-5390.21012165,0.75816392,0.00069442,0.75816388
-5388.56518237,0.75784829,0.00069415,0.75784825
-5382.42044798,0.75739924,0.00069372,0.75739920
-5377.82772479,0.75718822,0.00069352,0.75718818
-5361.17318849,0.75864994,0.00069487,0.75864990
-5362.11082975,0.75960582,0.00069575,0.75960579
-5352.37462742,0.75944574,0.00069559,0.75944570
-5350.06450138,0.75789990,0.00069420,0.75789986
-5343.32383121,0.75925151,0.00069545,0.75925147
-5337.08691498,0.75923517,0.00072495,0.75923513
-5331.53671510,0.75895667,0.00069517,0.75895663
-5321.65575651,0.75929770,0.00069641,0.75929766
-5318.52487773,0.75620191,0.00069262,0.75620187
-5313.57582369,0.75918816,0.00069536,0.75918812
-5294.38032731,0.76253216,0.00069842,0.76253212
-5298.94504503,0.75832157,0.00069458,0.75832153
-5290.88167197,0.75608471,0.00069253,0.75608467
-5283.03570408,0.75855165,0.00069478,0.75855161
-5271.29980569,0.75831753,0.00069457,0.75831749
-11833.85799295,0.33313569,0.70540443,0.22366035
-18376.91622001,0.28613410,0.55023114,0.21162543
-12743.25666015,0.22855444,0.64373857,0.03838244
-14902.09650437,0.31144869,0.63330442,0.21878908
-23357.18973781,0.22624194,0.54506739,0.12161766
-16809.16110605,0.19899221,0.56539647,0.02092692
-16243.11496240,0.31013363,0.69168234,0.19384497
-15800.42774691,0.37262119,0.67756991,0.28741378
-12381.44459854,0.20478693,0.58502102,0.00347996
-12540.03132510,0.34198873,0.77586892,0.20788134
-15087.73431159,0.19622957,0.55961891,0.01192942
-13450.78318287,0.33885251,0.72524168,0.22447500
-13321.89774047,0.30386755,0.71353462,0.17310939
-13574.52219014,0.31896330,0.67001020,0.21620745
-10806.69292718,0.30150159,0.71337266,0.16900559
-10808.43814436,0.33584545,0.68427140,0.23544494
-11002.10066630,0.20370338,0.57304333,0.03561856
-5148.90970813,0.75709559,0.00069344,0.75709556
-5142.13029546,0.75910122,0.00069530,0.75910118
-5129.31087598,0.76043350,0.00069652,0.76043346
-5126.88217621,0.75970874,0.00069585,0.75970870
-5121.13589516,0.75899942,0.00069521,0.75899938
-5115.24819857,0.76047104,0.00069653,0.76047100
-5103.71278662,0.76086386,0.00069689,0.76086382
-5102.45661268,0.75895941,0.00069515,0.75895937
-5100.68522118,0.75989803,0.00079790,0.75989798
-5098.29817833,0.75913800,0.00069532,0.75913796
-5089.61581073,0.75750490,0.00069382,0.75750487
-5087.16311276,0.75709573,0.00069344,0.75709569
-5070.43662646,0.75919405,0.00069537,0.75919402
-5060.86106727,0.76100535,0.00069702,0.76100531
-5062.82496054,0.75892803,0.00077779,0.75892798
-5055.61140320,0.75599431,0.00069288,0.75599427
-5046.92124661,0.76029300,0.00070756,0.76029296
-5038.31616018,0.76031894,0.00069639,0.76031890
-5035.09685495,0.75792621,0.00069420,0.75792617
-5021.06735551,0.76239703,0.00070041,0.76239699
-5024.94814716,0.75976127,0.00071975,0.75976123
-5017.92317379,0.75957389,0.00069571,0.75957386
-5013.03015452,0.76031518,0.00069640,0.76031514
-5001.03517144,0.75877243,0.00070192,0.75877239
-4998.24045693,0.75673446,0.00069311,0.75673442
-4995.41845140,0.75897710,0.00069516,0.75897706
-5009.32287145,0.75911522,0.00069529,0.75911518
-5014.05073431,0.76159637,0.00086751,0.76159631
-5022.41504378,0.75840592,0.00069467,0.75840588
-5031.55143885,0.75807243,0.00069436,0.75807239
-5034.44708729,0.76091831,0.00069694,0.76091828
-5047.72666948,0.75814203,0.00069440,0.75814199
-5051.19367966,0.75798777,0.00069427,0.75798773
-5051.31540752,0.76018129,0.00069627,0.76018126
-5069.12591494,0.75992286,0.00069603,0.75992282
-5071.70694252,0.75943724,0.00077681,0.75943719
-5078.56382817,0.75571538,0.00069220,0.75571534
-5083.10058107,0.76044593,0.00089116,0.76044587
-5083.84092453,0.76030708,0.00069638,0.76030704
-5092.01321249,0.75940486,0.00069556,0.75940482
-5105.18111077,0.75718036,0.00069352,0.75718032
-5113.66725828,0.75840064,0.00069463,0.75840060
-5119.78090691,0.75784318,0.00069412,0.75784314
-5123.41778685,0.75809106,0.00069436,0.75809103
-5128.39418697,0.76091584,0.00069695,0.76091580
-5139.93014513,0.75921766,0.00069542,0.75921763
-5154.57170180,0.75621302,0.00069264,0.75621298
-5155.13900610,0.75838298,0.00069462,0.75838295
-5171.24755379,0.75654136,0.00069296,0.75654133
-5174.25512016,0.75753730,0.00069385,0.75753727
-5169.36369457,0.75748211,0.00069380,0.75748207
-5186.43193213,0.75407087,0.00069067,0.75407083
-10903.20453095,0.34810300,0.71825641,0.24078808
-10998.89518963,0.29203662,0.69749003,0.16028124
-13794.13983529,0.34390174,0.61302022,0.26876322
-13367.78568197,0.38308822,0.48807171,0.34289265
-13795.79897333,0.32158993,0.70352709,0.20685421
-13898.12205725,0.26109775,0.69573375,0.09421500
-13405.03664705,0.33385872,0.76999078,0.19706124
-10582.08775385,0.28811834,0.77867451,0.09346797
-5903.34555372,0.43692874,0.91586472,0.29690524
-5401.76921572,0.71875899,0.00065836,0.71875895
-5411.68027489,0.71211163,0.00065223,0.71211159
-5276.87092097,0.75246763,0.00068921,0.75246759
-5278.26349159,0.75743186,0.00069376,0.75743182
-5284.00029502,0.75774354,0.00069404,0.75774350
-5295.51679897,0.75686773,0.00069324,0.75686769
-5301.49894400,0.75763678,0.00069393,0.75763674
-5309.09738690,0.75932902,0.00069551,0.75932898
-5311.79879256,0.76019206,0.00069628,0.76019202
-5324.99016149,0.75866164,0.00069490,0.75866160
-5335.15838894,0.75860277,0.00071269,0.75860273
-5346.10561810,0.75764488,0.00069394,0.75764485
-5347.84610546,0.75682600,0.00069322,0.75682596
-5355.45846422,0.75759184,0.00070031,0.75759180
-5364.97551894,0.75756607,0.00069387,0.75756603
-5371.53598465,0.75675529,0.00069313,0.75675525
-5377.32997228,0.75654227,0.00069294,0.75654223
-5388.50983902,0.75621607,0.00069264,0.75621603
-5395.68558839,0.75780072,0.00069409,0.75780068
-5397.09496642,0.75963590,0.00069576,0.75963586
-5404.97212321,0.75058599,0.00072215,0.75058595
-5412.90360894,0.75648292,0.00069288,0.75648288
-5417.48756015,0.75794159,0.00069421,0.75794155
-5422.60930653,0.75748312,0.00069380,0.75748308
-5436.00039314,0.75514930,0.00072271,0.75514926
-5445.35626037,0.75753864,0.00069385,0.75753861
-5445.58869984,0.76012913,0.00069622,0.76012910
-5461.72196571,0.75660334,0.00069301,0.75660330
-5465.30350506,0.75947795,0.00069564,0.75947792
-5452.35478150,0.76063196,0.00069668,0.76063192
-5452.83150454,0.75875231,0.00069498,0.75875228
-5435.76674717,0.76141389,0.00069740,0.76141385
-5438.61623170,0.75810588,0.00070487,0.75810584
-5430.10575773,0.75752358,0.00069383,0.75752354
-5424.18683055,0.75776681,0.00069409,0.75776677
-5411.03857105,0.76022163,0.00069631,0.76022159
-5411.55945796,0.75678450,0.00069318,0.75678446
-5408.42672371,0.75763239,0.00069394,0.75763235
-5400.31704282,0.75679890,0.00069318,0.75679887
-5391.64382788,0.75998782,0.00069612,0.75998778
-5381.33977483,0.76018790,0.00069627,0.76018786
-5371.32584482,0.76131232,0.00069730,0.76131228
-5368.94131788,0.75923856,0.00069540,0.75923852
-5358.22091264,0.75875871,0.00069498,0.75875867
-5356.83406559,0.75957877,0.00069641,0.75957873
-5348.99875722,0.75948370,0.00069563,0.75948366
-5338.63579529,0.76080534,0.00072744,0.76080530
-5334.57397347,0.76004177,0.00069616,0.76004173
-5329.26347117,0.76159112,0.00069756,0.76159108
-5326.71747505,0.75882921,0.00069503,0.75882918
-5323.73414731,0.75566595,0.00069213,0.75566592
-5313.87967771,0.75893281,0.00069514,0.75893277
-5300.16668393,0.76075563,0.00069680,0.76075560
-5304.78083315,0.75768126,0.00069397,0.75768122
-5458.81707673,0.67243134,0.31100905,0.66356227
-5449.46933475,0.68581841,0.14541953,0.68392719
-5655.97562295,0.54423184,0.78992196,0.46877622
-5395.26695767,0.69679781,0.28867291,0.68943384
-5264.01206013,0.75753573,0.00069384,0.75753569
-10628.58262596,0.18878939,0.53939826,0.00000000
-13797.78894960,0.36202172,0.60809983,0.29284982
-13937.93373652,0.39295459,0.44644378,0.36055177
-13939.79960898,0.38587282,0.51120188,0.34188482
-10730.48465115,0.43274434,0.43089324,0.40561461
-11459.35912546,0.39725218,0.41511711,0.36972939
-11438.78397732,0.22396884,0.62300937,0.05113517
-5207.48739049,0.75618943,0.00069261,0.75618939
-5207.61371299,0.75541581,0.00069191,0.75541577
-5197.94637225,0.75988584,0.00069601,0.75988580
-5194.42610090,0.75874979,0.00069497,0.75874975
-5187.79355188,0.75715316,0.00069349,0.75715312
-5182.45308114,0.75935096,0.00069552,0.75935092
-5166.43936636,0.76010491,0.00069620,0.76010487
-5171.30458580,0.75979906,0.00069591,0.75979902
-5169.61471314,0.75571563,0.00069217,0.75571559
-5159.84560824,0.75711448,0.00069348,0.75711444
-5153.29225304,0.75735518,0.00069370,0.75735514
-5144.00388078,0.75795982,0.00069423,0.75795978
-5144.66626789,0.75771564,0.00069401,0.75771561
-5130.91415901,0.75963318,0.00069578,0.75963314
-5128.06307320,0.75763976,0.00069394,0.75763972
-5119.63905098,0.75854848,0.00069787,0.75854844
-5114.92954971,0.75794417,0.00069422,0.75794414
-5112.23785944,0.75905865,0.00069526,0.75905861
-5102.97500378,0.75979810,0.00070228,0.75979806
-5096.68068131,0.75834573,0.00069460,0.75834569
-5093.48064476,0.75491769,0.00069146,0.75491765
-5083.15585894,0.75602317,0.00069245,0.75602313
-5074.22132740,0.75994862,0.00073647,0.75994857
-5069.26644773,0.75955038,0.00069569,0.75955034
-5067.54038248,0.75963260,0.00072680,0.75963255
-5064.45184413,0.75595492,0.00069240,0.75595488
-5065.16428212,0.76111684,0.00070493,0.76111680
-5066.34647037,0.75943886,0.00069559,0.75943882
-5080.22459514,0.75968579,0.00069636,0.75968575
-5085.62681695,0.75849890,0.00072382,0.75849886
-5092.97030228,0.75524538,0.00069176,0.75524534
-5103.90541277,0.75831443,0.00069549,0.75831439
-5110.63597826,0.75464258,0.00069121,0.75464254
-5116.85072212,0.75861872,0.00082500,0.75861866
-5124.31573536,0.75989571,0.00069697,0.75989567
-5129.65493317,0.75808740,0.00073606,0.75808736
-5134.88786165,0.75689485,0.00069328,0.75689481
-5145.89021664,0.75515153,0.00069167,0.75515149
-5153.95745803,0.75725898,0.00069360,0.75725894
-5162.23921443,0.75903476,0.00069557,0.75903472
-5170.81887699,0.75836626,0.00069462,0.75836622
-5172.22910593,0.76013454,0.00069623,0.76013450
-5177.06251907,0.76110151,0.00069711,0.76110147
-5192.67076409,0.75737352,0.00069371,0.75737348
-5200.46430144,0.75738851,0.00069371,0.75738847
-5196.87902356,0.76033415,0.00069643,0.76033411
-5213.63191194,0.75737301,0.00069371,0.75737297
-5224.42397072,0.75654518,0.00069295,0.75654514
-5226.82828011,0.75989887,0.00070386,0.75989883
-5238.39508110,0.75667225,0.00069306,0.75667221
-5234.86256746,0.75798508,0.00069427,0.75798504
-5253.68006417,0.75545453,0.00069197,0.75545449
-10899.41212892,0.33571603,0.61358435,0.25804214
-11164.05595846,0.31630805,0.64118003,0.22291161
-12031.62287211,0.29797314,0.66061103,0.18795783
-14047.20994078,0.35451581,0.63703892,0.27562417
-13841.74939995,0.37797366,0.55820620,0.32356421
-13672.06326256,0.40399804,0.34263425,0.38578898
-13263.32923680,0.37410292,0.67175135,0.29098949
-10542.97263456,0.31605205,0.77435024,0.16259047
-5313.63751139,0.76092387,0.00069695,0.76092383
-5320.72815987,0.75759118,0.00069389,0.75759114
-5327.95671385,0.75935539,0.00069552,0.75935535
-5333.56278985,0.76008691,0.00069621,0.76008687
-5343.99477736,0.75810941,0.00069438,0.75810937
-5350.47264819,0.76045687,0.00070324,0.76045683
-5358.19147390,0.75959267,0.00069574,0.75959263
-5367.50604901,0.75921885,0.00069570,0.75921881
-5374.48493848,0.75835067,0.00069460,0.75835063
-5380.83514238,0.75722201,0.00069355,0.75722197
-5385.28480169,0.75811558,0.00069437,0.75811555
-5389.57379879,0.75901999,0.00069520,0.75901995
-5398.14381527,0.75815338,0.00069441,0.75815334
-5412.22666487,0.75692741,0.00069332,0.75692737
-5415.45373387,0.75695486,0.00069331,0.75695482
-5422.08351179,0.75906700,0.00069524,0.75906696
-5428.93523640,0.75858492,0.00069481,0.75858488
-5439.34688861,0.75494115,0.00069149,0.75494111
-5448.84658161,0.76054666,0.00069699,0.76054662
-5451.51027273,0.76237186,0.00094284,0.76237179
-5464.62123867,0.75685905,0.00069323,0.75685901
-5471.17205897,0.76010078,0.00085147,0.76010072
-5477.70717052,0.75661058,0.00069303,0.75661054
-5485.10249846,0.75924897,0.00069541,0.75924893
-5492.45791905,0.75797202,0.00069426,0.75797198
-5497.52432100,0.76103016,0.00071087,0.76103012
-5506.87120779,0.75580394,0.00069226,0.75580390
-5506.37554498,0.76059517,0.00069666,0.76059514
-5524.96628113,0.75691758,0.00069329,0.75691754
-5529.00530327,0.75807862,0.00069434,0.75807858
-5531.23036068,0.75902556,0.00069521,0.75902552
-5526.30872218,0.75914091,0.00069532,0.75914087
-5520.69390554,0.75940209,0.00081265,0.75940204
-5509.05886361,0.76129523,0.00069729,0.76129519
-5508.85646945,0.75808635,0.00069438,0.75808631
-5501.06949746,0.75946875,0.00070668,0.75946871
-5493.29266955,0.76006889,0.00069616,0.76006885
-5491.04383602,0.75675153,0.00069312,0.75675149
-5480.02471590,0.75965811,0.00069579,0.75965807
-5476.91906514,0.75805903,0.00069432,0.75805899
-5472.13140100,0.75903126,0.00069522,0.75903122
-5460.88370321,0.75991600,0.00069603,0.75991596
-5461.46242218,0.75844610,0.00069468,0.75844606
-5446.50782627,0.76028387,0.00069636,0.76028383
-5439.56284298,0.75699040,0.00069334,0.75699036
-5437.11478519,0.75713763,0.00069348,0.75713759
-5419.92598559,0.75947865,0.00069562,0.75947862
-5426.73648099,0.75414317,0.00069074,0.75414313
-5421.27305070,0.75798042,0.00069426,0.75798038
-5411.54375335,0.75984642,0.00081611,0.75984636
-5398.33813684,0.75858102,0.00069483,0.75858098
-5395.61206403,0.75760092,0.00069390,0.75760088
-5393.93181392,0.75839763,0.00069464,0.75839759
-5384.56481302,0.75694454,0.00069331,0.75694450
-5379.74704782,0.75513602,0.00069165,0.75513598
-5374.95272973,0.75659463,0.00069300,0.75659460
-5368.74347180,0.75676648,0.00069315,0.75676644
-5363.19321114,0.75719812,0.00069353,0.75719808
-5359.56528498,0.75446764,0.00069106,0.75446760
-5348.32600110,0.75698960,0.00069337,0.75698956
-5340.08197169,0.75779288,0.00069408,0.75779285
-10359.59363056,0.33335057,0.67055166,0.23673140
-5320.78940690,0.75680492,0.00069318,0.75680488
-5319.08288847,0.76141864,0.00069740,0.76141860
-10539.54615902,0.36509049,0.56418917,0.30708006
-10656.74242807,0.41942190,0.41795597,0.39308466
0.00000000,0.00000000,0.00000000,0.00000000
-5293.53435175,0.75619446,0.00069261,0.75619442
-5278.69876443,0.75792850,0.00069422,0.75792846
-5278.63866528,0.75761052,0.00069707,0.75761048
-5276.65713225,0.75716987,0.00069351,0.75716983
-5265.09413740,0.75944784,0.00069562,0.75944780
-5260.11810321,0.75713532,0.00071349,0.75713528
-5244.65390735,0.76110184,0.00069711,0.76110180
-5251.07687988,0.75559920,0.00069207,0.75559916
-5234.10471273,0.76041971,0.00069649,0.76041967
-5240.48062771,0.75739728,0.00071966,0.75739724
-5229.79231055,0.75789515,0.00069420,0.75789511
-5220.98790028,0.75852944,0.00069478,0.75852940
-5221.51000164,0.75840219,0.00069464,0.75840216
-5199.50133373,0.76222632,0.00069816,0.76222628
-5202.24580270,0.75850473,0.00070226,0.75850469
-5198.46177259,0.75997238,0.00069651,0.75997234
-5185.95684460,0.75941894,0.00069557,0.75941890
-5184.72809405,0.75885755,0.00069506,0.75885751
-5176.58242986,0.75665508,0.00069307,0.75665504
-5174.42158972,0.75727963,0.00069362,0.75727959
-5164.58187548,0.76007505,0.00069617,0.76007501
-5154.56784637,0.75954691,0.00069571,0.75954687
-5141.56651642,0.76052203,0.00069658,0.76052199
-5135.04123378,0.75849169,0.00069472,0.75849165
-5139.13586508,0.75685105,0.00069321,0.75685101
-5133.98637075,0.75600181,0.00069244,0.75600177
-5125.87292881,0.75713879,0.00069348,0.75713875
-5132.06880074,0.75605328,0.00069249,0.75605324
-5138.45172735,0.75705344,0.00069340,0.75705340
-5149.97351915,0.75736200,0.00069368,0.75736196
-5152.37523717,0.75719984,0.00069355,0.75719980
-5168.17874930,0.75853960,0.00069476,0.75853956
-5170.81540897,0.75865384,0.00069490,0.75865380
-5170.36151592,0.76161392,0.00069759,0.76161388
-5183.08542023,0.75808656,0.00069436,0.75808652
-5191.45289952,0.75798093,0.00069428,0.75798089
-5200.94430483,0.75921703,0.00073425,0.75921698
-5193.83525928,0.76161978,0.00069759,0.76161974
-5212.66858045,0.75723299,0.00069356,0.75723295
-5216.80741630,0.75967118,0.00069581,0.75967114
-5222.49812903,0.75909235,0.00069527,0.75909231
-5234.91935691,0.75780093,0.00069409,0.75780089
-5233.73988117,0.76052822,0.00069659,0.76052818
-5249.72859701,0.75692026,0.00069328,0.75692022
-5250.58332929,0.76110676,0.00069711,0.76110672
-5268.23062485,0.75777028,0.00069406,0.75777024
-5266.80769138,0.75854931,0.00069481,0.75854927
-5275.10986024,0.75919660,0.00069536,0.75919656
-5286.49548436,0.75675969,0.00069313,0.75675965
-5292.13106841,0.75682539,0.00069338,0.75682535
-5295.97155837,0.75774853,0.00069404,0.75774849
-5309.03495047,0.75795836,0.00069425,0.75795832
-5313.67153154,0.75826425,0.00069451,0.75826421
-5319.97519683,0.75869643,0.00069490,0.75869639
-5326.10113081,0.76188330,0.00069870,0.76188326
-5332.62241255,0.75954378,0.00069568,0.75954374
-5348.96135051,0.75849138,0.00069472,0.75849134
-5351.55933055,0.75642106,0.00069283,0.75642102
-5362.41766808,0.75643349,0.00069284,0.75643345
-5365.61279384,0.75834833,0.00069462,0.75834830
-5376.59723479,0.75623105,0.00069265,0.75623101
-5381.57252270,0.75896138,0.00069515,0.75896134
-5393.65163421,0.75695524,0.00069332,0.75695520
-5393.74313073,0.76035578,0.00071588,0.76035574
-5392.88460223,0.75964515,0.00069578,0.75964512
-5405.78617234,0.75993489,0.00069604,0.75993486
-5413.81606559,0.75699294,0.00069335,0.75699290
-5421.27507006,0.75849601,0.00069472,0.75849597
-5431.13896715,0.75788657,0.00069420,0.75788653
-5436.83306878,0.75740322,0.00070011,0.75740318
-5449.34770376,0.75625081,0.00069267,0.75625077
-5450.60920210,0.75979534,0.00069592,0.75979530
-5465.39345185,0.75684638,0.00069321,0.75684634
-5474.13465947,0.75994830,0.00069606,0.75994826
-5471.35991651,0.76170064,0.00069767,0.76170060
-5488.84714425,0.75866736,0.00069488,0.75866732
-5492.10379755,0.75998624,0.00069610,0.75998620
-5500.05362254,0.75862691,0.00069485,0.75862687
-5506.86804307,0.75864672,0.00073257,0.75864668
-5511.94064937,0.75861075,0.00069483,0.75861071
-5522.38531048,0.75792734,0.00069420,0.75792730
-5522.58994847,0.76142749,0.00069741,0.76142745
-5538.07018161,0.75937620,0.00069555,0.75937616
-5536.00473619,0.75881559,0.00069502,0.75881556
-5550.99607903,0.75760528,0.00069391,0.75760524
-5546.57328626,0.76098071,0.00069700,0.76098067
-5556.84883919,0.76006495,0.00069616,0.76006491
-5575.18203974,0.75915802,0.00069568,0.75915798
-5581.00421533,0.75806465,0.00069433,0.75806462
-5586.76761967,0.75795069,0.00069422,0.75795065
-5596.18551685,0.75820214,0.00069445,0.75820210
-5605.47105933,0.75765102,0.00069396,0.75765098
-5593.14067179,0.75739203,0.00069371,0.75739199
-5587.15736774,0.75734756,0.00069367,0.75734752
-5581.28281908,0.75524946,0.00069175,0.75524942
-5572.85153354,0.75694517,0.00069331,0.75694513
-5569.73472697,0.75748539,0.00071654,0.75748535
-5557.95493738,0.75941745,0.00069556,0.75941741
-5550.07352988,0.75905186,0.00069523,0.75905183
-5553.15619023,0.75838624,0.00069462,0.75838621
-5544.49433537,0.75506938,0.00069159,0.75506934
-5538.12209021,0.75802501,0.00069432,0.75802497
-5523.40485493,0.75906299,0.00069525,0.75906295
-5523.28179756,0.75760157,0.00069392,0.75760153
-5515.62404469,0.75666080,0.00069304,0.75666077
-5507.48167928,0.76035855,0.00069643,0.76035851
-5501.74124500,0.75671292,0.00069312,0.75671288
-5494.37902377,0.76065001,0.00069669,0.76064997
-5490.71575983,0.75821937,0.00069447,0.75821933
-5479.39170646,0.76005550,0.00069617,0.76005546
-5477.85781875,0.75759748,0.00069392,0.75759744
-5465.04076696,0.76052550,0.00069659,0.76052546
-5464.69524562,0.75791075,0.00069421,0.75791071
-5462.27980294,0.76012230,0.00069621,0.76012226
-5440.83043523,0.76084678,0.00069688,0.76084674
-5444.28612095,0.75697405,0.00069335,0.75697401
-5437.47525608,0.75863000,0.00069484,0.75862997
-5426.31888265,0.75949394,0.00069564,0.75949390
-5426.63827256,0.75722883,0.00069856,0.75722879
-5416.53361941,0.75827071,0.00069453,0.75827067
-5410.95118359,0.75982961,0.00069594,0.75982958
-5399.07818115,0.75914372,0.00069532,0.75914368
-5394.52893701,0.75853900,0.00069476,0.75853896
-5395.10551132,0.75781678,0.00069411,0.75781674
-5391.08882950,0.75439619,0.00069097,0.75439615
-5381.20224802,0.75796749,0.00069450,0.75796745
-5376.58705952,0.75670141,0.00069309,0.75670138
-5369.00536173,0.75946831,0.00069615,0.75946827
-5366.06708588,0.75840171,0.00069464,0.75840167
-5356.52165939,0.75836815,0.00069461,0.75836811
-5349.73516495,0.75679782,0.00069319,0.75679778
-5342.50581750,0.75666773,0.00069305,0.75666769
-5336.60049617,0.75819761,0.00069445,0.75819757
-5326.90699516,0.76006141,0.00069619,0.76006137
-5317.48040422,0.76035859,0.00069643,0.76035855
-5318.11124837,0.75726885,0.00069362,0.75726881
-5309.02298881,0.75728406,0.00069361,0.75728402
-5303.77392616,0.75719652,0.00069353,0.75719648
-5288.76823640,0.75966125,0.00069579,0.75966121
-5293.98557965,0.75637376,0.00069278,0.75637373
-5281.88721547,0.75580879,0.00069227,0.75580876
-5266.21954999,0.76071522,0.00069676,0.76071518
-5276.02689625,0.75692772,0.00069331,0.75692768
-5262.39768722,0.75667635,0.00069308,0.75667631
-5251.62321927,0.75917962,0.00069535,0.75917958
-5253.04924609,0.75741980,0.00069377,0.75741976
-5240.30851596,0.75826342,0.00069451,0.75826338
-5234.89306072,0.75734579,0.00069367,0.75734575
-5235.27088548,0.75656703,0.00069297,0.75656699
-5218.82488509,0.75943481,0.00069558,0.75943477
-5218.39804513,0.75668715,0.00069306,0.75668711
-5205.31741499,0.76037266,0.00069646,0.76037262
-5200.40721059,0.75750535,0.00069381,0.75750531
-5195.53485510,0.75726729,0.00069360,0.75726725
-5194.87993160,0.75800833,0.00069428,0.75800829
-5194.18301961,0.75916733,0.00069533,0.75916729
-5197.66066832,0.76006401,0.00069616,0.76006397
-5210.37101040,0.75777004,0.00069408,0.75777000
-5217.85800912,0.75911348,0.00069530,0.75911344
-5223.76348623,0.75813658,0.00069441,0.75813655
-5235.84480714,0.75630200,0.00069271,0.75630197
-5228.72166778,0.76160546,0.00069757,0.76160542
-5248.47749583,0.75547133,0.00069196,0.75547129
-5243.06354782,0.75956352,0.00069571,0.75956348
-5262.04546430,0.75548097,0.00069196,0.75548094
-5262.79240923,0.75829624,0.00069454,0.75829620
-5275.65332102,0.75601972,0.00069245,0.75601968
-5278.07284904,0.75676095,0.00069313,0.75676091
-5282.21563756,0.75975368,0.00069588,0.75975364
-5299.78926721,0.75556024,0.00069204,0.75556020
-5303.32525566,0.75731191,0.00069364,0.75731187
-5309.41419197,0.75865640,0.00069487,0.75865637
-5314.94693629,0.76035779,0.00069644,0.76035775
-5325.97621720,0.75827288,0.00069452,0.75827284
-5334.92828264,0.75912934,0.00069531,0.75912930
-5343.19157964,0.75741200,0.00069373,0.75741196
-5348.72142811,0.75605743,0.00069251,0.75605739
-5353.00615932,0.75746197,0.00069378,0.75746193
-5362.24507978,0.75784014,0.00069413,0.75784010
-5370.50812899,0.75602823,0.00069247,0.75602819
-5380.75378565,0.75576839,0.00069225,0.75576835
-5385.92918124,0.75579832,0.00069227,0.75579828
-5397.01213028,0.75661487,0.00071126,0.75661483
-5401.75658083,0.75730599,0.00069365,0.75730595
-5403.13911791,0.75956854,0.00069571,0.75956850
-5411.85171503,0.76075635,0.00069679,0.76075631
-5422.27638209,0.75529244,0.00069181,0.75529240
-5433.98768136,0.75673923,0.00069313,0.75673919
-5435.61332650,0.75922897,0.00069539,0.75922893
-5444.86215445,0.75903900,0.00083403,0.75903895
-5451.57892598,0.75876023,0.00069499,0.75876019
-5454.88566680,0.75927726,0.00069547,0.75927722
-5467.02873065,0.75754272,0.00069386,0.75754268
-5477.73542850,0.75902110,0.00069522,0.75902106
-5479.70610118,0.75986730,0.00069598,0.75986726
-5492.55867327,0.75725713,0.00069359,0.75725709
-5493.56219303,0.76080064,0.00069683,0.76080060
-5509.85359690,0.75895363,0.00069516,0.75895360
-5513.00342089,0.75964825,0.00069578,0.75964821
-5520.39428625,0.75888729,0.00069509,0.75888725
-5528.05297631,0.75881233,0.00080387,0.75881228
-5531.29163783,0.75902705,0.00069521,0.75902701
-5541.65653268,0.76038938,0.00069645,0.76038934
-5551.99163711,0.75791143,0.00069419,0.75791140
-5555.38709593,0.75781953,0.00069410,0.75781949
-5561.92027062,0.75698635,0.00069334,0.75698631
-5569.08184613,0.76140125,0.00069739,0.76140121
-5577.35488924,0.75947603,0.00069562,0.75947599
-5589.28306099,0.75831303,0.00069725,0.75831299
-5599.37354017,0.75939223,0.00069555,0.75939220
-5608.37101238,0.76221542,0.00070758,0.76221538
-5614.91753682,0.75938275,0.00069556,0.75938271
-5621.29417117,0.75910343,0.00069530,0.75910339
-5629.91932665,0.75908018,0.00069526,0.75908014
-5624.77709595,0.76123599,0.00069725,0.76123595
-5636.50849856,0.76214986,0.00069807,0.76214982
-5650.96465336,0.75765813,0.00069399,0.75765809
-5661.02008316,0.75716706,0.00069354,0.75716702
-5668.32415308,0.75865483,0.00069487,0.75865479
-5666.73507715,0.76045401,0.00069654,0.76045397
-5661.18583623,0.75907803,0.00069526,0.75907799
-5657.54641444,0.75645081,0.00069285,0.75645077
-5656.81065192,0.75849413,0.00069472,0.75849409
-5651.71019665,0.75804140,0.00069431,0.75804136
-5633.88834879,0.75987977,0.00069599,0.75987973
-5630.08340656,0.76017616,0.00069626,0.76017612
-5625.19042084,0.76255958,0.00074511,0.76255953
-5616.35578550,0.76144909,0.00069743,0.76144905
-5611.81080029,0.75994052,0.00070434,0.75994048
-5605.15214307,0.76200627,0.00074906,0.76200622
-5597.12967531,0.76170032,0.00069765,0.76170028
-5588.10634296,0.75882614,0.00069503,0.75882610
-5581.01276460,0.76092232,0.00077446,0.76092227
-5580.78818874,0.75946716,0.00069561,0.75946712
-5578.39590927,0.75882733,0.00069503,0.75882729
-5570.40076407,0.75734477,0.00069396,0.75734473
-5563.17606449,0.75524083,0.00069175,0.75524079
-5554.75963281,0.75790191,0.00069419,0.75790187
-5539.78861606,0.75998252,0.00069608,0.75998248
-5546.23244470,0.75731546,0.00069365,0.75731542
-5534.94427644,0.75761707,0.00069392,0.75761703
-5520.90268319,0.75892399,0.00069512,0.75892395
-5523.57980414,0.75928421,0.00069606,0.75928417
-5512.77722044,0.75760743,0.00069393,0.75760739
-5506.01084796,0.75830629,0.00069455,0.75830626
-5506.47791985,0.75580746,0.00069227,0.75580742
-5489.58574720,0.76139246,0.00069737,0.76139243
-5488.05731945,0.75792554,0.00069707,0.75792550
-5475.23776797,0.75988515,0.00069600,0.75988511
-5479.46739752,0.75739985,0.00069372,0.75739981
-5470.68503162,0.76168443,0.00071148,0.76168439
-5460.78474647,0.75939312,0.00069554,0.75939308
-5459.62727323,0.75837032,0.00069461,0.75837028
-5451.58903476,0.75862782,0.00069487,0.75862778
-5435.82493101,0.75818079,0.00069445,0.75818075
-5439.62707388,0.75552555,0.00069203,0.75552551
-5433.18344573,0.75752639,0.00069384,0.75752635
-5415.05229414,0.75908770,0.00069527,0.75908767
-5417.48794563,0.75926574,0.00069615,0.75926570
-5409.63509497,0.75590625,0.00069236,0.75590621
-5403.61953170,0.75759414,0.00070140,0.75759410
-5396.96998492,0.75738412,0.00069372,0.75738408
-5391.78932895,0.75882750,0.00069504,0.75882747
-5384.33027462,0.75835381,0.00069506,0.75835377
-5377.77234518,0.75663690,0.00069302,0.75663686
-5373.38033530,0.75852011,0.00069474,0.75852007
-5366.11040633,0.75704647,0.00069342,0.75704643
-5354.86636426,0.75688362,0.00069324,0.75688359
-5352.81392436,0.75841232,0.00069467,0.75841228
-5342.66370792,0.75796395,0.00069423,0.75796391
-5341.77433430,0.75717269,0.00069352,0.75717265
-5328.93286462,0.76144748,0.00069742,0.76144744
-5324.91256790,0.75938259,0.00069553,0.75938255
-5322.48380810,0.75750174,0.00069384,0.75750170
-5310.16007984,0.75754705,0.00080644,0.75754700
-5298.17714325,0.76092664,0.00069696,0.76092660
-5301.36345407,0.75602401,0.00069246,0.75602397
-5297.41132329,0.75625362,0.00069267,0.75625358
-5287.85224479,0.75746961,0.00073273,0.75746957
-5274.52906226,0.76067048,0.00069672,0.76067044
-5277.92038723,0.75477522,0.00069134,0.75477518
-5262.96576916,0.76015485,0.00069624,0.76015481
-5263.30933311,0.75658638,0.00069298,0.75658634
-5268.92883232,0.75866980,0.00069490,0.75866976
-5278.12634592,0.75759524,0.00069392,0.75759520
-5278.65455515,0.75640876,0.00069281,0.75640872
-5280.85943080,0.76042679,0.00069652,0.76042675
-5302.52645961,0.75568988,0.00069216,0.75568984
-5306.51768044,0.75597950,0.00069242,0.75597946
-5305.52306945,0.76004961,0.00069615,0.76004957
-5319.25222532,0.76144166,0.00069798,0.76144162
-5330.24111312,0.75946814,0.00069561,0.75946810
-5339.26452152,0.75786495,0.00072014,0.75786491
-5343.54512691,0.75838559,0.00069463,0.75838555
-5344.83052553,0.76055253,0.00069660,0.76055249
-5351.04202687,0.76038722,0.00069646,0.76038718
-5353.85962557,0.76006283,0.00069616,0.76006279
-5365.99051963,0.75905436,0.00069524,0.75905432
-5369.44624441,0.76054383,0.00069660,0.76054379
-5385.91685313,0.75817706,0.00069443,0.75817702
-5390.71970145,0.75851066,0.00069474,0.75851062
-5403.30163736,0.75739154,0.00069373,0.75739150
-5413.48025572,0.75636730,0.00069278,0.75636726
-5417.04309849,0.75778044,0.00069408,0.75778040
-5421.55069083,0.75958506,0.00069572,0.75958502
-5419.98938591,0.75996401,0.00069607,0.75996398
-5438.33519276,0.75621301,0.00069266,0.75621297
-5448.40801139,0.75693605,0.00069330,0.75693601
-5446.02473257,0.76049398,0.00069655,0.76049394
-5462.35278973,0.75804215,0.00069433,0.75804211
-5473.05810997,0.75686720,0.00069326,0.75686716
-5476.26084870,0.75913191,0.00070227,0.75913187
-5484.43834823,0.75783231,0.00069412,0.75783227
-5482.51349855,0.76075507,0.00069680,0.76075503
-5501.08496145,0.75632275,0.00069275,0.75632272
-5496.98655578,0.76018574,0.00069627,0.76018570
-5516.02549167,0.75654464,0.00069294,0.75654460
-5515.75535580,0.76058236,0.00069663,0.76058232
-5527.96185165,0.75828153,0.00069452,0.75828149
-5535.06974858,0.75752327,0.00069410,0.75752324
-5542.83641309,0.75644425,0.00069286,0.75644422
-5543.81764345,0.76062429,0.00069668,0.76062425
-5563.30561419,0.75883707,0.00069504,0.75883703
-5565.97027947,0.75812307,0.00070954,0.75812303
-5570.83726603,0.75647752,0.00069288,0.75647748
-5578.54031126,0.75784841,0.00070345,0.75784837
-5577.27908465,0.75844015,0.00069470,0.75844011
-5587.09238497,0.76116360,0.00069719,0.76116356
-5591.39016867,0.76090178,0.00069692,0.76090174
-5601.49707085,0.75921082,0.00069538,0.75921078
-5610.02191988,0.76028909,0.00069637,0.76028905
-5616.64294915,0.76297047,0.00079453,0.76297041
-5631.47073177,0.76127097,0.00069729,0.76127093
-5638.15451791,0.75998338,0.00069609,0.75998334
-5646.05596901,0.75882518,0.00071082,0.75882514
-5652.84619204,0.75642540,0.00069283,0.75642537
-5663.97632303,0.75750545,0.00069383,0.75750541
-5663.63920948,0.76105184,0.00069708,0.76105180
-5669.04587895,0.75965842,0.00069580,0.75965838
-5682.72756075,0.75573265,0.00069219,0.75573261
-5690.95523587,0.75845704,0.00069471,0.75845700
-5687.39110854,0.76170453,0.00069766,0.76170449
-5703.54943515,0.75739418,0.00070283,0.75739414
-5706.99983750,0.76059105,0.00069664,0.76059101
-5714.78404789,0.75603221,0.00069248,0.75603217
-5723.22225203,0.75874769,0.00069495,0.75874765
-5733.08253040,0.75800111,0.00073047,0.75800107
-5734.69329915,0.75821814,0.00069450,0.75821810
-5735.15493692,0.75462350,0.00069118,0.75462346
-5718.46448437,0.75991499,0.00069602,0.75991495
-5719.59051585,0.75739008,0.00070236,0.75739004
-5709.93271369,0.75942815,0.00069557,0.75942811
-5705.64642891,0.75603863,0.00069248,0.75603859
-5699.95713283,0.75728148,0.00069364,0.75728144
-5688.38163153,0.75949975,0.00069564,0.75949971
-5686.36954799,0.75581607,0.00069230,0.75581603
-5681.53381517,0.75774202,0.00069404,0.75774198
-5670.87606479,0.75943163,0.00069621,0.75943159
-5666.47732932,0.75805978,0.00069434,0.75805974
-5659.98184767,0.75582893,0.00069228,0.75582890
-5653.77726114,0.76190757,0.00088369,0.76190751
-5636.47556122,0.76128657,0.00069728,0.76128653
-5638.71497653,0.76062920,0.00071686,0.76062915
-5633.91576494,0.75949802,0.00069564,0.75949798
-5627.63061109,0.75721421,0.00069355,0.75721417
-5621.47504760,0.75620525,0.00069263,0.75620521
-5612.09814795,0.75745392,0.00069377,0.75745388
-5607.52232453,0.75714388,0.00069349,0.75714384
-5600.08678518,0.75658788,0.00069298,0.75658784
-5591.61444882,0.75671199,0.00069309,0.75671195
-5585.59770938,0.75746907,0.00069378,0.75746903
-5579.13886670,0.75772786,0.00069404,0.75772782
-5566.85205482,0.76026907,0.00069635,0.76026903
-5562.90680454,0.75930023,0.00069547,0.75930019
-5561.59057600,0.75785151,0.00069413,0.75785147
-5556.60386107,0.75783421,0.00069412,0.75783417
-5549.72323064,0.75680963,0.00069318,0.75680959
-5535.58955112,0.75877689,0.00069498,0.75877685
-5538.33522833,0.75771689,0.00069401,0.75771685
-5528.90717400,0.75691559,0.00072295,0.75691555
-5513.28561168,0.76018065,0.00069627,0.76018061
-5514.52585503,0.75820577,0.00069448,0.75820573
-5502.64049881,0.75953592,0.00069567,0.75953588
-5501.48295751,0.75993913,0.00069664,0.75993909
-5491.66068879,0.76051929,0.00069663,0.76051925
-5491.31780411,0.75857567,0.00069480,0.75857563
-5479.84776138,0.76029252,0.00070628,0.76029248
-5475.49492472,0.75958483,0.00069625,0.75958479
-5461.64590475,0.76008374,0.00069618,0.76008370
-5459.34570216,0.75851412,0.00069474,0.75851408
-5457.30922795,0.75684011,0.00069323,0.75684007
-5441.23734868,0.75865564,0.00069487,0.75865560
-5443.92771054,0.75665689,0.00069305,0.75665685
-5433.25943304,0.75726498,0.00069361,0.75726494
-5424.48589609,0.76071671,0.00069676,0.76071667
-5419.80542213,0.75794536,0.00069928,0.75794532
-5415.75330095,0.75702733,0.00069338,0.75702729
-5410.46493667,0.75619565,0.00069264,0.75619561
-5407.56793102,0.75626389,0.00069269,0.75626385
-5397.67322697,0.76019771,0.00069630,0.76019767
-5399.33215969,0.75020504,0.00068714,0.75020500
-5373.14391586,0.76118671,0.00069719,0.76118667
-5364.42564799,0.76047530,0.00069654,0.76047526
-5361.70546897,0.76205899,0.00069799,0.76205895
-5361.91392139,0.76027484,0.00069639,0.76027480
-5358.31398604,0.76013288,0.00069625,0.76013284
-5354.33322033,0.75842704,0.00069466,0.75842701
-5346.75669210,0.75672008,0.00069312,0.75672004
-5339.37796310,0.75823053,0.00069450,0.75823049
-5327.62573885,0.75999888,0.00069616,0.75999884
-5323.51727900,0.76066789,0.00069680,0.76066785
-5328.54194714,0.76051127,0.00069657,0.76051124
-5339.74005145,0.75605649,0.00069249,0.75605645
-5346.65079524,0.75674141,0.00069312,0.75674137
-5356.01387440,0.75795978,0.00069424,0.75795974
-5356.51192271,0.75878295,0.00069498,0.75878292
-5362.31251859,0.75917190,0.00069534,0.75917186
-5369.43295748,0.75860145,0.00069482,0.75860141
-5374.36702613,0.76021902,0.00069633,0.76021898
-5387.50508228,0.75940387,0.00069558,0.75940383
-5397.18051823,0.75739658,0.00069375,0.75739654
-5402.64951675,0.75636943,0.00069277,0.75636939
-5410.77733697,0.75657470,0.00069297,0.75657466
-5413.28375715,0.75958111,0.00069572,0.75958107
-5416.26505258,0.75871986,0.00069494,0.75871982
-5427.00389408,0.75689340,0.00069325,0.75689336
-5433.26118862,0.75638774,0.00069279,0.75638771
-5447.99427765,0.75836689,0.00069504,0.75836685
-5442.24509951,0.76123129,0.00069723,0.76123126
-5460.71801003,0.75733509,0.00069367,0.75733505
-5470.04332244,0.75896729,0.00069516,0.75896725
-5468.12610543,0.76013290,0.00069623,0.76013286
-5478.20015126,0.75847756,0.00069515,0.75847753
-5481.21614582,0.75924518,0.00069541,0.75924514
-5499.24973165,0.75732919,0.00069366,0.75732915
-5494.91769244,0.76096663,0.00069699,0.76096659
-5506.06400953,0.75640123,0.00069282,0.75640119
-5508.58234004,0.76096192,0.00069698,0.76096188
-5524.25640110,0.75640948,0.00069282,0.75640944
-5530.43793736,0.75768036,0.00069397,0.75768033
-5535.98468983,0.75859005,0.00069481,0.75859002
-5543.80943081,0.75775660,0.00069405,0.75775656
-5551.39116905,0.75705086,0.00069340,0.75705082
-5554.69356291,0.75873906,0.00083373,0.75873900
-5553.36378407,0.75983235,0.00069595,0.75983231
-5570.82961710,0.75799100,0.00069426,0.75799096
-5580.29134887,0.75675619,0.00072670,0.75675615
-5586.82904008,0.75574989,0.00069223,0.75574985
-5591.91474939,0.75664838,0.00072553,0.75664834
-5595.60406833,0.75761825,0.00069392,0.75761821
-5606.97266646,0.75765479,0.00069395,0.75765475
-5611.64842147,0.75724366,0.00069357,0.75724362
-5617.52238607,0.75828518,0.00069941,0.75828514
-5627.52783560,0.75954154,0.00073211,0.75954150
-5636.07556820,0.75919152,0.00072979,0.75919148
-5644.86126957,0.75874056,0.00069496,0.75874052
-5646.43666627,0.76017294,0.00069626,0.76017290
-5649.44149726,0.75966724,0.00069580,0.75966720
-5660.49511400,0.75829425,0.00069456,0.75829421
-5664.05261708,0.75878574,0.00069499,0.75878570
-5675.78653722,0.75881001,0.00069527,0.75880997
-5681.06436354,0.76063763,0.00070252,0.76063759
-5686.23957513,0.75817984,0.00069443,0.75817981
-5695.78883268,0.75852816,0.00082883,0.75852810
-5697.95782415,0.75890596,0.00069510,0.75890592
-5712.34353884,0.75537179,0.00069188,0.75537175
-5716.62801210,0.75846477,0.00069469,0.75846473
-5726.19944618,0.75696891,0.00069333,0.75696887
-5728.09062864,0.75936969,0.00069553,0.75936965
-5741.34050686,0.75479736,0.00069183,0.75479732
-5741.39333513,0.75912613,0.00069530,0.75912609
-5755.56750963,0.75994579,0.00069608,0.75994575
-5763.11367397,0.75930696,0.00069548,0.75930693
-5768.57039884,0.75993959,0.00069604,0.75993955
-5777.76989670,0.75705557,0.00069342,0.75705553
-5779.15867662,0.75960949,0.00069575,0.75960945
-5775.88780932,0.75950683,0.00069565,0.75950679
-5773.45620979,0.75847623,0.00069470,0.75847620
-5765.51313274,0.75865902,0.00069488,0.75865898
-5754.87218751,0.76067680,0.00069672,0.76067676
-5758.18585111,0.75767949,0.00069398,0.75767945
-5743.66791108,0.75943914,0.00075725,0.75943910
-5740.16209966,0.75823847,0.00069450,0.75823843
-5729.87285880,0.75603153,0.00069249,0.75603149
-5722.67513188,0.75761447,0.00069391,0.75761443
-5716.34336153,0.75681021,0.00069318,0.75681018
-5712.80288323,0.75894220,0.00069515,0.75894216
-5704.15377436,0.75779377,0.00074581,0.75779372
-5702.96365369,0.75718084,0.00069352,0.75718080
-5686.96983283,0.75862918,0.00069485,0.75862914
-5687.25952595,0.75789177,0.00069419,0.75789173
-5683.75230267,0.75769315,0.00069400,0.75769311
-5671.91055887,0.75942699,0.00069558,0.75942695
-5665.58345376,0.75836958,0.00069461,0.75836954
-5663.61172336,0.75685578,0.00071596,0.75685573
-5654.88873421,0.75728709,0.00069364,0.75728705
-5651.76392459,0.76038611,0.00069646,0.76038607
-5641.84647393,0.75798043,0.00069425,0.75798039
-5630.32617855,0.76104621,0.00069707,0.76104617
-5626.11490453,0.75988703,0.00069600,0.75988699
-5621.13323796,0.76020666,0.00078917,0.76020661
-5610.57399944,0.76210182,0.00069803,0.76210178
-5608.20752722,0.76054334,0.00069660,0.76054330
-5598.74367276,0.75976529,0.00069590,0.75976525
-5595.03975416,0.75913151,0.00069530,0.75913147
-5587.29081344,0.75871427,0.00069492,0.75871423
-5587.52041902,0.75907309,0.00069572,0.75907305
-5581.80472008,0.75830514,0.00069455,0.75830510
-5574.82554666,0.75577963,0.00069224,0.75577959
-5568.52518073,0.75757301,0.00069389,0.75757297
-5559.05172208,0.76027166,0.00086174,0.76027160
-5549.98374716,0.75789416,0.00069417,0.75789412
-5548.79972044,0.75587965,0.00069235,0.75587961
-5544.27705919,0.75733430,0.00069368,0.75733426
-5531.24339092,0.75843760,0.00069467,0.75843756
-5533.28400037,0.75797013,0.00069426,0.75797009
-5518.87868472,0.75730293,0.00069363,0.75730289
-5510.20617045,0.76060131,0.00069665,0.76060127
-5510.59131013,0.75841964,0.00077676,0.75841959
-5500.10501922,0.75931783,0.00072663,0.75931779
-5502.04921282,0.75759366,0.00069390,0.75759362
-5490.95794494,0.75854024,0.00069478,0.75854020
-5489.90781454,0.76082098,0.00069686,0.76082094
-5480.22138930,0.75886213,0.00069507,0.75886209
-5479.09258015,0.75718073,0.00070757,0.75718069
-5460.39447069,0.76258914,0.00069847,0.76258910
-5459.84483605,0.75663444,0.00069305,0.75663440
-5451.00090793,0.75802000,0.00069428,0.75801996
-5442.52976964,0.75748461,0.00069937,0.75748457
-5441.88619070,0.75702848,0.00069372,0.75702844
-5434.46569975,0.75979154,0.00069591,0.75979150
-5421.51065637,0.76003475,0.00069614,0.76003471
-5419.84367197,0.75676898,0.00069314,0.75676894
-5415.04781387,0.75744658,0.00069425,0.75744654
-5413.41961570,0.75720082,0.00069354,0.75720078
-5409.36718724,0.75774389,0.00069403,0.75774385
-5391.84145793,0.75935554,0.00069551,0.75935550
-5382.51960048,0.76007881,0.00069617,0.76007877
-5374.09452642,0.76185047,0.00069781,0.76185043
-5386.84675766,0.76039673,0.00069646,0.76039669
-5393.10650876,0.76090120,0.00069694,0.76090116
-5405.05800573,0.75837293,0.00069461,0.75837289
-5411.85988139,0.75615985,0.00069259,0.75615981
-5418.63210518,0.75630427,0.00069272,0.75630423
-5428.96022151,0.75891462,0.00069541,0.75891458
-5426.66987305,0.76002718,0.00069613,0.76002715
-5440.02862764,0.75670835,0.00069308,0.75670832
-5445.69162481,0.75701858,0.00069337,0.75701854
-5453.22770122,0.75926142,0.00069542,0.75926139
-5465.95961869,0.75743848,0.00069377,0.75743844
-5473.07562477,0.75879048,0.00069502,0.75879044
-5470.42254668,0.76030971,0.00069638,0.76030967
-5488.27575182,0.75723675,0.00069357,0.75723671
-5487.46306104,0.76094943,0.00069697,0.76094939
-5501.04222805,0.75795150,0.00069423,0.75795146
-5500.35258256,0.76107968,0.00069709,0.76107964
-5514.37181159,0.75813079,0.00069439,0.75813075
-5520.60392815,0.75810348,0.00069437,0.75810344
-5525.27492631,0.76094061,0.00069699,0.76094057
-5535.70268221,0.75743436,0.00069900,0.75743432
-5538.71986570,0.75664092,0.00069304,0.75664088
-5547.41347061,0.76112402,0.00069714,0.76112398
-5558.05235665,0.75822033,0.00069449,0.75822029
-5567.66404036,0.75798775,0.00069426,0.75798771
-5572.78213703,0.75699047,0.00069336,0.75699043
-5575.46613433,0.75593361,0.00069240,0.75593357
-5586.82821039,0.75837032,0.00069462,0.75837028
-5588.16922154,0.75957849,0.00069573,0.75957845
-5594.03759914,0.75895056,0.00069514,0.75895052
-5596.08572079,0.76291863,0.00069878,0.76291859
-5606.42718940,0.76116567,0.00069719,0.76116563
-5613.98881965,0.76046892,0.00069654,0.76046888
-5623.82075076,0.75964587,0.00069577,0.75964583
-5644.87791979,0.73450952,0.00067277,0.73450948
-5640.93596972,0.75845313,0.00069468,0.75845309
-5651.64578473,0.75832113,0.00069456,0.75832109
-5660.38635556,0.76054317,0.00069662,0.76054313
-5659.23788985,0.75990845,0.00069604,0.75990841
-5671.31931808,0.75710596,0.00069347,0.75710592
-5682.68235063,0.75825060,0.00073076,0.75825056
-5676.81814173,0.75975806,0.00069829,0.75975802
-5695.56898531,0.75601084,0.00069247,0.75601080
-5704.08422886,0.75927754,0.00069544,0.75927750
-5705.31726078,0.76113635,0.00076406,0.76113631
-5716.49170534,0.75812144,0.00069471,0.75812140
-5715.49554578,0.76063888,0.00069670,0.76063884
-5727.61128845,0.75815734,0.00069443,0.75815730
-5733.26201581,0.75766147,0.00069396,0.75766143
-5745.08173644,0.75805629,0.00069464,0.75805625
-5753.24936176,0.75708250,0.00069343,0.75708246
-5750.72050692,0.76171252,0.00069767,0.76171248
-5764.65375751,0.75876575,0.00069539,0.75876572
-5765.44857253,0.75925475,0.00069542,0.75925471
-5777.09441596,0.76095109,0.00069698,0.76095105
-5788.49351005,0.75959093,0.00069574,0.75959089
-5795.55600837,0.75724282,0.00069361,0.75724278
-5798.04192678,0.75949826,0.00070342,0.75949822
-5801.47755928,0.76173037,0.00069769,0.76173033
-5814.38340572,0.75928667,0.00069545,0.75928663
-5826.01535646,0.75765848,0.00069396,0.75765844
-5829.69373870,0.75674622,0.00069313,0.75674618
-5837.92017233,0.75650075,0.00069290,0.75650071
-5844.12437467,0.75714381,0.00069348,0.75714377
-5853.69202037,0.75621180,0.00069263,0.75621176
-5846.68882998,0.75782518,0.00069412,0.75782514
-5840.45027843,0.75662284,0.00069301,0.75662280
-5831.77781930,0.75806249,0.00069432,0.75806245
-5824.36613156,0.75847478,0.00069470,0.75847474
-5816.76930299,0.76078570,0.00075423,0.76078566
-5815.67797450,0.75754426,0.00069385,0.75754422
-5811.15416669,0.76012551,0.00069622,0.76012547
-5799.70581312,0.75931799,0.00071373,0.75931795
-5792.78142263,0.75831674,0.00070514,0.75831670
-5784.83797443,0.75970258,0.00069583,0.75970254
-5783.37020477,0.76021892,0.00069632,0.76021888
-5771.65567905,0.75745970,0.00069377,0.75745966
-5762.08903482,0.76044789,0.00069651,0.76044785
-5765.92322708,0.75842921,0.00069466,0.75842917
-5753.22790154,0.75897111,0.00069516,0.75897107
-5749.16498697,0.75996668,0.00069639,0.75996664
-5736.95611724,0.75684562,0.00072412,0.75684557
-5731.47509943,0.75998362,0.00070810,0.75998358
-5724.17890191,0.75671198,0.00069310,0.75671194
-5718.54775116,0.75852993,0.00069475,0.75852989
-5712.93903129,0.75742430,0.00069374,0.75742427
-5708.37298781,0.75786096,0.00069414,0.75786092
-5690.60929684,0.76032676,0.00069640,0.76032672
-5693.09711247,0.75773837,0.00069403,0.75773833
-5687.87237314,0.75820667,0.00069446,0.75820663
-5669.19056593,0.76119233,0.00069720,0.76119229
-5670.06901771,0.75774579,0.00069406,0.75774575
-5664.96381509,0.75722335,0.00069356,0.75722331
-5661.20449137,0.75850441,0.00069475,0.75850437
-5652.94196790,0.75961847,0.00069575,0.75961843
-5637.67547258,0.76128478,0.00069729,0.76128474
-5629.93249426,0.76159043,0.00069758,0.76159039
-5623.91697267,0.76015573,0.00069627,0.76015569
-5620.42092784,0.76071076,0.00069676,0.76071072
-5606.05414202,0.76245252,0.00069835,0.76245248
-5603.72914763,0.76051489,0.00069657,0.76051485
-5593.79808631,0.76002179,0.00069615,0.76002175
-5589.21589647,0.76010659,0.00069620,0.76010655
-5587.70530417,0.75807934,0.00069434,0.75807930
-5584.65461836,0.75675732,0.00069316,0.75675728
-5576.86133918,0.75732805,0.00069366,0.75732802
-5566.30493208,0.75640194,0.00069282,0.75640190
-5559.17686152,0.75767446,0.00069397,0.75767442
-5546.98127672,0.76149075,0.00069749,0.76149071
-5548.86648778,0.75842587,0.00069490,0.75842583
-5541.07210015,0.75860125,0.00069482,0.75860121
-5535.58907578,0.75813532,0.00069441,0.75813528
-5524.50365078,0.75875014,0.00069496,0.75875010
-5525.08075306,0.75677569,0.00069315,0.75677565
-5516.15020788,0.75789653,0.00069419,0.75789650
-5511.60555633,0.75988278,0.00069603,0.75988274
-5500.47520047,0.75766712,0.00069397,0.75766708
-5495.40411185,0.76022984,0.00069634,0.76022980
-5490.23604217,0.75617552,0.00069260,0.75617548
-5479.11531749,0.76206054,0.00069799,0.76206050
-5475.48457408,0.75714231,0.00069349,0.75714228
-5471.99494192,0.75845607,0.00069470,0.75845603
-5451.20077779,0.76163056,0.00069761,0.76163052
-5453.63124242,0.75591108,0.00069251,0.75591104
-5447.64930046,0.75577792,0.00069225,0.75577788
-5433.78812252,0.76022347,0.00069633,0.76022343
-5438.18030175,0.75525061,0.00069175,0.75525057
-5428.00141473,0.75797936,0.00069426,0.75797932
-5433.51666191,0.75767917,0.00069397,0.75767913
-5434.72404149,0.75772343,0.00069402,0.75772339
-5449.22523058,0.75650195,0.00069290,0.75650191
-5452.51694425,0.75892985,0.00069512,0.75892981
-5458.62324515,0.75930882,0.00069549,0.75930878
-5473.66589415,0.75636245,0.00069279,0.75636241
-5469.51507607,0.75957612,0.00069571,0.75957608
-5478.73374708,0.75922818,0.00069540,0.75922814
-5494.53799194,0.75853430,0.00069476,0.75853426
-5496.01746943,0.76038814,0.00069645,0.76038810
-5505.89085119,0.75671064,0.00069309,0.75671060
-5512.09262081,0.75863828,0.00069486,0.75863824
-5514.71356055,0.76165427,0.00069763,0.76165423
-5526.27739311,0.75656053,0.00069295,0.75656049
-5528.80110737,0.76078357,0.00069682,0.76078353
-5536.91705718,0.75948854,0.00069563,0.75948850
-5541.84461495,0.75790823,0.00069418,0.75790819
-5550.52244507,0.75713795,0.00069348,0.75713791
-5552.70849604,0.75877738,0.00069498,0.75877734
-5567.95913804,0.75805593,0.00069433,0.75805589
-5577.38221952,0.75768743,0.00070304,0.75768739
-5581.09011727,0.75516200,0.00069167,0.75516196
-5591.93519654,0.75579567,0.00069226,0.75579564
-5594.70937120,0.75723783,0.00069357,0.75723779
-5603.68170835,0.75607334,0.00069253,0.75607330
-5611.92830373,0.75813619,0.00069441,0.75813615
-5620.17472777,0.75774423,0.00069403,0.75774419
-5627.44846965,0.75603801,0.00069247,0.75603797
-5633.66068974,0.75657104,0.00069299,0.75657100
-5639.32628245,0.75841222,0.00069465,0.75841218
-5649.90096166,0.75878244,0.00069501,0.75878240
-5653.93381778,0.75801583,0.00069428,0.75801579
-5660.03838368,0.75977958,0.00071997,0.75977954
-5670.34465290,0.75646038,0.00069287,0.75646034
-5679.69576335,0.75866132,0.00071772,0.75866128
-5679.68421816,0.76028800,0.00069636,0.76028796
-5692.51974445,0.75878314,0.00069501,0.75878310
-5701.65587041,0.75717669,0.00069352,0.75717665
-5698.40823369,0.76013751,0.00069623,0.76013747
-5716.98597046,0.75534144,0.00069183,0.75534140
-5718.61335273,0.75925609,0.00069545,0.75925606
-5725.62899853,0.75584339,0.00069229,0.75584335
-5736.91878033,0.75399939,0.00069061,0.75399935
-5747.56089460,0.75636624,0.00069277,0.75636620
-5748.32135727,0.75929278,0.00069545,0.75929275
-5761.55380628,0.75961435,0.00069575,0.75961431
-5767.13590751,0.75753234,0.00069384,0.75753230
-5769.38170640,0.76027726,0.00069636,0.76027722
-5785.21400336,0.75822731,0.00069450,0.75822727
-5790.89409083,0.75773740,0.00069405,0.75773736
-5789.60442713,0.76208985,0.00069802,0.76208981
-5805.34488916,0.75860169,0.00069484,0.75860165
-5815.50835018,0.75759203,0.00069390,0.75759199
-5820.44256463,0.75637459,0.00069279,0.75637455
-5826.03501404,0.75570790,0.00069220,0.75570786
-5833.99286048,0.75930396,0.00069546,0.75930392
-5841.61236291,0.75805895,0.00069435,0.75805891
-5849.38150365,0.75871201,0.00069494,0.75871198
-5854.42861824,0.75870925,0.00070176,0.75870921
-5867.10510287,0.75597325,0.00069241,0.75597321
-5874.65349204,0.75651977,0.00069292,0.75651973
-5881.21975189,0.75678386,0.00069317,0.75678382
-5889.16745810,0.75819620,0.00069445,0.75819616
-5893.40810114,0.75684931,0.00069323,0.75684927
-5893.98934358,0.76093397,0.00069696,0.76093393
-5894.72214279,0.75793996,0.00072677,0.75793991
-5885.73064965,0.75671653,0.00069309,0.75671649
-5878.75239256,0.75718187,0.00069352,0.75718183
-5881.80352198,0.75663525,0.00069302,0.75663521
-5866.23363130,0.75984860,0.00069596,0.75984856
-5858.79163088,0.75987149,0.00069598,0.75987145
-5848.69672233,0.76041826,0.00069649,0.76041822
-5846.67051845,0.75994929,0.00069605,0.75994925
-5839.70999887,0.76047188,0.00069653,0.76047184
-5832.62740848,0.76010409,0.00069619,0.76010405
-5829.95988898,0.76022457,0.00070821,0.76022453
-5824.44532239,0.75807941,0.00069435,0.75807937
-5816.77746354,0.75858413,0.00069480,0.75858409
-5811.14951662,0.75580333,0.00069228,0.75580329
-5803.56505818,0.75857832,0.00069482,0.75857828
-5795.03042810,0.76048368,0.00086822,0.76048362
-5789.65399401,0.75847344,0.00069470,0.75847340
-5786.50993415,0.75924457,0.00069542,0.75924453
-5776.72407289,0.75674083,0.00069313,0.75674079
-5765.43102421,0.76002019,0.00069612,0.76002016
-5766.12347083,0.76019268,0.00069692,0.76019264
-5762.16780571,0.75535667,0.00069186,0.75535663
-5745.41079228,0.76009740,0.00069619,0.76009736
-5745.76330508,0.75760211,0.00069391,0.75760207
-5734.18810471,0.75796740,0.00069424,0.75796736
-5735.89373435,0.75766428,0.00071960,0.75766424
-5725.20126741,0.75681938,0.00069321,0.75681934
-5721.06596397,0.75936009,0.00069551,0.75936005
-5708.39143556,0.76027699,0.00069636,0.76027695
-5707.08732476,0.75616736,0.00069259,0.75616732
-5696.61826772,0.75819184,0.00069444,0.75819180
-5692.92172167,0.75871545,0.00069493,0.75871541
-5686.51926195,0.75872851,0.00069529,0.75872847
-5681.48173751,0.75816941,0.00069443,0.75816937
-5669.03965034,0.75985236,0.00069596,0.75985232
-5667.96333802,0.75765575,0.00069397,0.75765571
-5660.40180865,0.75665335,0.00069304,0.75665331
-5658.49851599,0.75797298,0.00069425,0.75797294
-5642.77184320,0.75916195,0.00069533,0.75916191
-5633.82456491,0.76030777,0.00069638,0.76030773
-5630.43943399,0.75988617,0.00069599,0.75988613
-5628.52860084,0.75902378,0.00069522,0.75902375
-5618.85311235,0.75861751,0.00069486,0.75861747
-5610.34116458,0.75836381,0.00069460,0.75836377
-5605.89567395,0.75811642,0.00069438,0.75811638
-5603.35289200,0.75786977,0.00069417,0.75786973
-5589.57388206,0.75810675,0.00069439,0.75810671
-5580.44447435,0.75899207,0.00069518,0.75899203
-5571.92421272,0.76195264,0.00069792,0.76195260
-5572.86738941,0.75911317,0.00069562,0.75911313
-5565.76644439,0.75833782,0.00069501,0.75833778
-5562.27156029,0.75743338,0.00069375,0.75743334
-5555.08361474,0.75798601,0.00069425,0.75798597
-5533.86557813,0.76204952,0.00069798,0.76204948
-5542.17891956,0.75913560,0.00069863,0.75913556
-5529.53287247,0.75695942,0.00069331,0.75695938
-5518.27512501,0.76076700,0.00069680,0.76076696
-5519.95611978,0.75972349,0.00070462,0.75972345
-5512.54289691,0.75670585,0.00069310,0.75670581
-5501.19631496,0.76037354,0.00069645,0.76037350
-5501.21383119,0.75585322,0.00069230,0.75585318
-5485.99423366,0.76072277,0.00069676,0.76072273
-5485.64395965,0.75863578,0.00069488,0.75863574
-5486.29888710,0.75976583,0.00069592,0.75976579
-5502.09830128,0.75707886,0.00069343,0.75707882
-5497.34799083,0.76016585,0.00069625,0.76016581
-5514.40852475,0.75775015,0.00069404,0.75775011
-5510.36145395,0.76177793,0.00069773,0.76177789
-5527.49821106,0.75752985,0.00069386,0.75752981
-5532.36435708,0.75671518,0.00069309,0.75671514
-5534.57475624,0.75874864,0.00069495,0.75874860
-5551.84258018,0.75976721,0.00069589,0.75976717
-5554.30603422,0.75769344,0.00069445,0.75769340
-5559.33519316,0.75666253,0.00069304,0.75666249
-5566.13432899,0.76013543,0.00069622,0.76013539
-5571.92324762,0.75922171,0.00069539,0.75922167
-5580.32840764,0.75896509,0.00069515,0.75896505
-5598.23670559,0.75784455,0.00069415,0.75784451
-5605.29041329,0.75594981,0.00069241,0.75594978
-5606.14007640,0.75818237,0.00069446,0.75818233
-5613.93356117,0.76049879,0.00069656,0.76049875
-5623.13160765,0.76060826,0.00069666,0.76060822
-5625.65365603,0.75973747,0.00069586,0.75973744
-5629.76241190,0.75866366,0.00069487,0.75866362
-5635.07924242,0.76047338,0.00069656,0.76047334
-5639.78300593,0.76190004,0.00069785,0.76190000
-5657.53266604,0.75890267,0.00069511,0.75890263
-5664.31294201,0.75665570,0.00069306,0.75665566
-5678.50003525,0.75594004,0.00069239,0.75594000
-5671.62987123,0.75655118,0.00069294,0.75655114
-5684.31545601,0.75830309,0.00069455,0.75830305
-5693.05387060,0.75864910,0.00069489,0.75864906
-5693.37678371,0.75966222,0.00069579,0.75966218
-5702.88401207,0.75783168,0.00069411,0.75783164
-5711.52626219,0.75870780,0.00069491,0.75870776
-5718.93116589,0.76056568,0.00069662,0.76056564
-5731.05442616,0.75715756,0.00069351,0.75715752
-5730.28585999,0.76079554,0.00069683,0.76079550
-5745.14267398,0.75718718,0.00069353,0.75718714
-5748.37000920,0.75881974,0.00069502,0.75881970
-5761.42340529,0.75788994,0.00069419,0.75788990
-5768.19398937,0.75786048,0.00069414,0.75786044
-5766.28349137,0.76207405,0.00069801,0.76207401
-5782.99910984,0.76036726,0.00069646,0.76036722
-5788.82547328,0.75619597,0.00069262,0.75619593
-5795.28614674,0.75975066,0.00069587,0.75975062
-5793.63288891,0.76122850,0.00069723,0.76122846
-5813.08467283,0.75975156,0.00069588,0.75975152
-5818.82175626,0.75802799,0.00069429,0.75802795
-5825.70415703,0.75668265,0.00069306,0.75668261
-5835.43363418,0.75684997,0.00069324,0.75684993
-5839.74367883,0.75604603,0.00069249,0.75604599
-5849.83427858,0.75614885,0.00069257,0.75614881
-5854.04021985,0.75754389,0.00069385,0.75754385
-5864.87741162,0.75494276,0.00069147,0.75494272
-5872.17104428,0.75687971,0.00069324,0.75687968
-5879.41936935,0.75923197,0.00069575,0.75923194
-5888.77184447,0.75941580,0.00069607,0.75941576
-5887.66884506,0.75915534,0.00069533,0.75915530
-5901.57015596,0.75919064,0.00069584,0.75919060
-5910.69597165,0.75752788,0.00069385,0.75752784
-5914.56883199,0.75917896,0.00069535,0.75917893
-5916.76475302,0.76183172,0.00069778,0.76183168
-5930.68805004,0.75747107,0.00069382,0.75747103
-5940.36012575,0.75833160,0.00069457,0.75833156
-5933.62795187,0.76168338,0.00069764,0.76168335
-5950.01094684,0.75705399,0.00069340,0.75705395
