Zc,E0Tn,betaTn,elastic
-7221.89379668,0.70425435,0.00068402,0.70425431
-7229.58386898,0.70581850,0.05456379,0.70556009
-7259.67781245,0.68627600,0.00062859,0.68627596
-7251.34506382,0.69081146,0.00063273,0.69081143
-7257.76330527,0.68550541,0.04597367,0.68531654
-7300.96117684,0.68269980,0.00062532,0.68269976
-7257.37513146,0.69176732,0.00063361,0.69176728
-7266.20823567,0.68934289,0.00071157,0.68934284
-7263.86545008,0.66297746,0.31123093,0.65396727
-7263.62157307,0.68797282,0.00063598,0.68797278
-7266.90807168,0.68714052,0.00075614,0.68714047
-7274.80653928,0.68691282,0.00126359,0.68691267
-7262.58003198,0.68518444,0.00062757,0.68518441
-7293.90623585,0.66549097,0.21138797,0.66136551
-7276.33561708,0.63952664,0.50842412,0.61427085
-7269.71888565,0.68761469,0.00070114,0.68761464
-7255.75209838,0.69900204,0.00068524,0.69900200
-7285.35110127,0.61768478,0.68293495,0.56956165
-7358.08010867,0.62023056,0.35318984,0.60778690
-7266.26641226,0.65546688,0.40356734,0.64006693
-7313.44786372,0.61497829,0.63468353,0.57345659
-7289.07859706,0.64817436,0.37323410,0.63487424
-7253.81108728,0.69178048,0.01676039,0.69175561
-7263.72891589,0.69162037,0.00083258,0.69162031
-7265.36728968,0.69095662,0.00079356,0.69095656
-7284.60688911,0.64367728,0.44324054,0.62470298
-7298.98003727,0.68044006,0.00109930,0.68043995
-7260.64345543,0.66599880,0.21392010,0.66177683
-7286.34649840,0.67027147,0.00061391,0.67027143
-7250.35374495,0.68288219,0.03696200,0.68275964
-7257.61005519,0.65207913,0.40553572,0.63644398
-7290.09217928,0.62118424,0.62138043,0.58186849
-7253.19535609,0.68115844,0.00062389,0.68115841
-7258.23469483,0.61816506,0.66021154,0.57335227
-7250.23392326,0.67215076,0.23354380,0.66716202
-7255.01690447,0.65302223,0.35619296,0.64101173
-7255.29420848,0.64980673,0.39293273,0.63508681
-7266.00290037,0.65700946,0.22730380,0.65217499
-7256.97404299,0.67125420,0.14653093,0.66929214
-7307.82426041,0.66776838,0.13567142,0.66607791
-7238.57411113,0.68546875,0.01946058,0.68543491
-7308.74854643,0.67835587,0.00079048,0.67835582
-7264.27619470,0.64059705,0.43524435,0.62222059
-7270.42182298,0.67348996,0.00061687,0.67348992
-7240.43107593,0.63679884,0.54591624,0.60745762
-7250.29931297,0.63343370,0.47913006,0.61083260
-7244.28607382,0.67761357,0.00062064,0.67761354
-7268.14911983,0.63794149,0.37078614,0.62460207
-7236.33896127,0.63865832,0.50014887,0.61419965
-7241.77383256,0.65400897,0.28890359,0.64614490
-7229.65441847,0.64805124,0.40530337,0.63233475
-7235.97939653,0.68139924,0.00067934,0.68139920
-7229.93467405,0.66394248,0.30609330,0.65524210
-7237.50403106,0.67463345,0.00061791,0.67463341
-7232.69905173,0.65108140,0.35793251,0.63891534
-7225.15520817,0.68500093,0.07228746,0.68453353
-7238.13081693,0.63535400,0.52967454,0.60770610
-7252.08678325,0.65607918,0.25437310,0.65001034
-7237.66005531,0.66941150,0.09590822,0.66856934
-7232.13920295,0.63329317,0.54053430,0.60437448
-7217.62969445,0.66181428,0.29353984,0.65379114
-7280.34198142,0.66673870,0.00061074,0.66673866
-7233.70523717,0.66775611,0.18547262,0.66459327
-7222.15043351,0.65348351,0.32779404,0.64333366
-7199.42825088,0.67618394,0.22895565,0.67141879
-7219.48891931,0.62655255,0.64482424,0.58449364
-7236.90679939,0.67977917,0.00117052,0.67977905
-7276.52410674,0.63610293,0.37340855,0.62253216
-7213.14203603,0.68384416,0.00062634,0.68384412
-7223.97464155,0.64662935,0.35452788,0.63461208
-7216.06458230,0.62072312,0.66030294,0.57609652
-7198.01287899,0.68790034,0.00063007,0.68790031
-7189.60469571,0.69221248,0.03994510,0.69207127
-7218.28303961,0.68288905,0.00078606,0.68288900
-7213.91544488,0.67822547,0.09534139,0.67740406
-7199.77586803,0.67304060,0.17689110,0.67018696
-7203.00753356,0.67889474,0.09005816,0.67816262
-7190.40740137,0.64716202,0.47005700,0.62590085
-7218.95279045,0.62231634,0.57725757,0.58860633
-7203.94164553,0.68484705,0.00073997,0.68484700
-7194.46016720,0.68009375,0.17881923,0.67720781
-7212.63082994,0.69044264,0.00063250,0.69044260
-7209.43604994,0.67521699,0.12813954,0.67372589
-7207.80645474,0.68224383,0.00062488,0.68224380
-7213.73816236,0.65320940,0.37632613,0.63979208
-7213.01226923,0.67832592,0.06056083,0.67799467
-7217.80172789,0.66866815,0.16262343,0.66624126
-7213.68155052,0.66883260,0.20355452,0.66502731
-7234.05671368,0.67551143,0.00079916,0.67551137
-7245.44563494,0.63802394,0.37915920,0.62407030
-7210.61571522,0.66201078,0.33986043,0.65123644
-7219.47781204,0.62716578,0.61478972,0.58909764
-7207.45684275,0.64205375,0.51355385,0.61638070
-7231.10886963,0.64358555,0.37136454,0.63032388
-7212.82060933,0.67362220,0.11733218,0.67236927
-7223.59523104,0.68258880,0.00645936,0.68258506
-7249.03761749,0.63964113,0.41221180,0.62315788
-7250.01022973,0.63776505,0.43665410,0.61918299
-7256.99235139,0.64913575,0.23352200,0.64396971
-7223.93681560,0.65963869,0.29048812,0.65175627
-7244.91560629,0.64521017,0.35086827,0.63341563
-7217.16909462,0.66645815,0.20935540,0.66241779
-7233.91366404,0.68359488,0.00062980,0.68359485
-7235.57780768,0.68184831,0.00062569,0.68184827
-7263.70916624,0.61890034,0.53730900,0.58963698
-7244.23958846,0.67746436,0.00103390,0.67746426
-7216.07031501,0.67496792,0.19184947,0.67161963
-7228.52306796,0.67885075,0.09449600,0.67804459
-7247.41870498,0.66244750,0.17536489,0.65959796
-7235.78075391,0.68225551,0.00120592,0.68225538
-7240.30128115,0.62297018,0.57741491,0.58927869
-7248.45209192,0.65440975,0.27747363,0.64716354
-7318.44176040,0.64913657,0.00059456,0.64913654
-7242.42609003,0.67675501,0.00062027,0.67675498
-7283.22466881,0.62624546,0.39086358,0.61112071
-7239.80429781,0.65683440,0.31916129,0.64726586
-7235.21593563,0.68119434,0.07146456,0.68073497
-7261.84397741,0.65449469,0.18634698,0.65123687
-7240.52585673,0.66570055,0.18327014,0.66260297
-7273.78077645,0.62063960,0.57085286,0.58760027
-7290.48412638,0.60538816,0.57067813,0.57148912
-7326.33073317,0.63729903,0.00058371,0.63729899
-7255.98103736,0.63689451,0.44689312,0.61738944
-7282.64997176,0.65082811,0.27219238,0.64381780
-7261.31721607,0.64667558,0.31705419,0.63708335
-7272.05889305,0.64391661,0.34095145,0.63276239
-7289.98730806,0.65654840,0.14203183,0.65466374
-7659.04945791,0.56907490,0.12325497,0.56743744
-7330.96303230,0.59471868,0.66595057,0.54714054
-7272.64615301,0.61144548,0.66682831,0.56515018
-7288.55487888,0.67288457,0.00061632,0.67288453
-7254.61372926,0.67896283,0.00099287,0.67896275
-7275.35714723,0.64042352,0.42387152,0.62300326
-7274.49834467,0.64722001,0.28241534,0.63962750
-7271.23872050,0.67816897,0.00067132,0.67816893
-7267.04361871,0.67983487,0.00065149,0.67983483
-7357.49491069,0.64311502,0.00071168,0.64311498
-7294.77169773,0.66592681,0.05697369,0.66562819
-7269.00267972,0.64255097,0.34805912,0.63089735
-7276.05596637,0.64801723,0.27429669,0.64086629
-7270.44976989,0.63338700,0.40578944,0.61725815
-7266.21735485,0.65736020,0.24752901,0.65162626
-7296.81870044,0.67315585,0.00071174,0.67315581
-7280.33004210,0.63538438,0.42194296,0.61798376
-7248.57140514,0.68018818,0.00062300,0.68018814
-7244.86584498,0.64720778,0.34426490,0.63589262
-7265.77082840,0.67146391,0.00065053,0.67146387
-7250.95697191,0.61366196,0.62835797,0.57289953
-7298.37926881,0.60385426,0.61363894,0.56436890
-7253.23922876,0.66878640,0.00061255,0.66878637
-7273.29011172,0.67318543,0.03370972,0.67308203
-7259.19735512,0.66975374,0.07837260,0.66919178
-7262.94702116,0.67259761,0.05576320,0.67231439
-7241.74600471,0.66354272,0.18251356,0.66046068
-7275.38749515,0.65275875,0.19460608,0.64919545
-7310.69114398,0.66573186,0.00307474,0.66573099
-7251.49172185,0.67173589,0.00061526,0.67173585
-7262.52529073,0.62392447,0.55856523,0.59250515
-7269.03708610,0.61411220,0.55641012,0.58241630
-7251.49798034,0.66804824,0.05599600,0.66776069
-7318.56705351,0.59776304,0.59162920,0.56075179
-7265.86191141,0.67455306,0.00061784,0.67455303
-7256.06636633,0.67331702,0.06693129,0.67290938
-7251.47786747,0.67128015,0.00061494,0.67128011
-7245.65182173,0.64251718,0.43271245,0.62441286
-7283.29143524,0.65255032,0.19559854,0.64894932
-7343.12024145,0.64379368,0.00118282,0.64379355
-7240.72598188,0.67580431,0.00061898,0.67580428
-7237.52346243,0.68220854,0.00084207,0.68220848
-7271.72624587,0.66189814,0.08353601,0.66125208
-7330.38927863,0.62986958,0.21834824,0.62521627
-7285.57987724,0.63346907,0.30395688,0.62447203
-7288.11688211,0.65290313,0.19737143,0.64923836
-7255.25110175,0.63760834,0.31553468,0.62797137
-7240.66139031,0.64319468,0.36961540,0.63005078
-7276.51659867,0.62827406,0.51057030,0.60232445
-7232.09585718,0.63652406,0.42499407,0.61889978
-7261.79089098,0.65576618,0.13630793,0.65402848
-7241.28033903,0.63625028,0.46150265,0.61540539
-7319.85385106,0.59450862,0.59157466,0.55728837
-7263.84441499,0.65133781,0.23804442,0.64598720
-7249.95946947,0.66979625,0.04576424,0.66960470
-7293.98751473,0.65572227,0.00060060,0.65572224
-7225.06263327,0.63792387,0.43887884,0.61915392
-7224.03574821,0.67582287,0.00061900,0.67582283
-7227.28042050,0.67037203,0.11998696,0.66905534
-7332.74938673,0.64745799,0.00063161,0.64745795
-7253.89554260,0.66573344,0.00061038,0.66573341
-7233.66494022,0.66930949,0.10962756,0.66820877
-7243.75929442,0.67208839,0.00061560,0.67208836
-7234.04331100,0.67522004,0.00150117,0.67521984
-7231.07088475,0.67299855,0.00061643,0.67299851
-7280.02627061,0.62123000,0.46023599,0.59998259
-7254.50402258,0.66452285,0.05160405,0.66427736
-7267.11958009,0.60793547,0.62290639,0.56749804
-7262.26881376,0.65746879,0.10867076,0.65636771
-7222.40908124,0.63377783,0.46328692,0.61268391
-7285.97529639,0.58537920,0.68604858,0.53386575
-7281.34601962,0.63033752,0.33625939,0.61925299
-7208.71069381,0.68330531,0.00062707,0.68330527
-7292.48893225,0.63502884,0.20181020,0.63108836
-7210.47071127,0.64299859,0.46831667,0.62175592
-7236.56457086,0.67208129,0.04035560,0.67193286
-7305.12153179,0.64215313,0.00058817,0.64215310
-7240.15613792,0.65712469,0.23393822,0.65200367
-7310.70444623,0.60111496,0.58997067,0.56453626
-7251.81692529,0.64307258,0.34486132,0.63164349
-7229.91055801,0.67347998,0.08413732,0.67283587
-7251.90080694,0.62875114,0.43620961,0.60993348
-7265.82277574,0.64528955,0.26153535,0.63876405
-7225.49148040,0.65364487,0.29984343,0.64516519
-7253.14890933,0.63393575,0.40691683,0.61773038
-7231.34726492,0.63482430,0.48565670,0.61164430
-7238.27935603,0.67298178,0.00061641,0.67298174
-7257.64005764,0.63365499,0.42373335,0.61605501
-7248.86426277,0.67751898,0.00087294,0.67751891
-7251.09520561,0.63905964,0.36928480,0.62585281
-7257.98429378,0.65086445,0.19962131,0.64710360
-7366.52694877,0.62786046,0.00163098,0.62786020
-7255.98240253,0.60570938,0.60697394,0.56723252
-7240.77279141,0.66642713,0.00061039,0.66642710
-7269.98603989,0.65827445,0.00060406,0.65827441
-7241.05794933,0.63800603,0.42076774,0.62077663
-7247.94859817,0.66848317,0.00061228,0.66848314
-7284.94794390,0.66394347,0.02974516,0.66386184
-7277.56403031,0.60683967,0.59654787,0.56978978
-7241.20825201,0.64544155,0.32171481,0.63554386
-7276.82251871,0.60802019,0.63489109,0.56595975
-7265.72626641,0.63208773,0.41608857,0.61508252
-7254.30581951,0.66598626,0.13184223,0.66438570
-7275.68846659,0.64574078,0.28747437,0.63785388
-7284.86230838,0.66356029,0.00060777,0.66356026
-7260.52995707,0.65105901,0.23745125,0.64573285
-7259.30135309,0.67631436,0.00091681,0.67631428
-7263.77560933,0.64714559,0.26617821,0.64040470
-7279.98148571,0.65877324,0.11432706,0.65755686
-7312.69284618,0.65569943,0.00060057,0.65569940
-7252.46476944,0.62315761,0.56514492,0.59093171
-7286.85061315,0.66439857,0.00060856,0.66439854
-7252.26303226,0.64609825,0.34158163,0.63494085
-7305.28221252,0.66013499,0.01062816,0.66012451
-7276.92106377,0.64178010,0.32809740,0.63142286
-7259.69034558,0.62329692,0.56114784,0.59154493
-7283.77481233,0.66837891,0.00061218,0.66837887
-7279.15381710,0.66633847,0.00067468,0.66633842
-7327.65753400,0.60734643,0.48495577,0.58314653
-7356.88927313,0.64352358,0.00058941,0.64352355
-7280.71557079,0.62510959,0.45003459,0.60493962
-7261.07567149,0.63203227,0.45997238,0.61118484
-7248.15702743,0.68035716,0.00071804,0.68035711
-7282.86253835,0.66063841,0.11936815,0.65931604
-7294.41138479,0.66890420,0.00061270,0.66890417
-7267.09840888,0.62744980,0.50698364,0.60183618
-7277.30948631,0.63782713,0.37158511,0.62442709
-7289.12312607,0.62165705,0.44802640,0.60155495
-7285.38990019,0.63494296,0.39272815,0.61988606
-7270.01962290,0.65743376,0.21887825,0.65295517
-7296.79441442,0.60917111,0.64182582,0.56623912
-7335.46521078,0.65629717,0.00060113,0.65629713
-7286.18264530,0.67463445,0.00061798,0.67463441
-7272.85594160,0.66267549,0.22013062,0.65818141
-7301.69222840,0.63975315,0.37998351,0.62577682
-7274.32368039,0.66440173,0.17449291,0.66158885
-7271.32294334,0.65505811,0.31449219,0.64574393
-7358.62312151,0.64344703,0.07562590,0.64290238
-7297.80375159,0.63140862,0.43520971,0.61275968
-7282.81150513,0.64138647,0.35618818,0.62915422
-7361.19936908,0.64479697,0.00059059,0.64479694
-7287.15782871,0.60240801,0.70061577,0.55024064
-7282.97438097,0.64493495,0.35630022,0.63276357
-7271.47019589,0.63910352,0.49902690,0.61477427
-7309.61631052,0.66919655,0.00061293,0.66919652
-7288.28231310,0.61408867,0.59925545,0.57716053
-7318.25419696,0.65398379,0.00062889,0.65398375
-7306.34451446,0.63937135,0.22617959,0.63445170
-7278.14400984,0.66861711,0.00061240,0.66861708
-7302.56224817,0.63475790,0.31745755,0.62495770
-7264.56506761,0.64723925,0.35576773,0.63514860
-7264.24905307,0.66737966,0.11269537,0.66621306
-7271.44091952,0.66470790,0.00062594,0.66470786
-7266.21621211,0.64774543,0.22567540,0.64291158
-7289.40014358,0.66420684,0.00085538,0.66420678
-7262.35981710,0.66848108,0.03159197,0.66838963
-7251.71541764,0.64722798,0.29884748,0.63872029
-7312.22155794,0.65877088,0.00162027,0.65877064
-7272.51639571,0.60345975,0.65864450,0.55769313
-7290.42421514,0.58117813,0.76433860,0.51594754
-7321.86851594,0.63030506,0.24026793,0.62467008
-7261.91718849,0.66824525,0.00101211,0.66824515
-7234.18372087,0.64992033,0.32558258,0.63985228
-7260.54864710,0.66196946,0.03431432,0.66186050
-7262.37609384,0.62260481,0.46786580,0.60068435
-7220.58189112,0.68306237,0.00062566,0.68306234
-7272.68222596,0.62233801,0.43327628,0.60357922
-7231.10383473,0.66962843,0.00061332,0.66962840
-7240.40487723,0.62985752,0.40097398,0.61402356
-7239.44094768,0.62798655,0.44977557,0.60793551
-7300.73684723,0.63885519,0.00058514,0.63885516
-7222.73241911,0.67295410,0.00063673,0.67295407
-7240.92677725,0.66649698,0.00063065,0.66649694
-7237.97002564,0.66392511,0.00060818,0.66392507
-7254.38927149,0.63137382,0.33982106,0.62007000
-7236.04276776,0.66066512,0.09442157,0.65983805
-7255.84899172,0.66619204,0.00088515,0.66619197
-7212.28167262,0.60286921,0.68587142,0.55301436
-7203.83632487,0.67748284,0.00062052,0.67748280
-7280.29092470,0.65571593,0.00073972,0.65571588
-7214.87237148,0.67515986,0.00092676,0.67515979
-7245.48125148,0.63141797,0.37049936,0.61795882
-7224.07560008,0.64066050,0.35638411,0.62840051
-7240.04582275,0.64956809,0.17619391,0.64663419
-7212.62968422,0.66735143,0.12846317,0.66583507
-7213.57237326,0.66310153,0.15986277,0.66073672
-7209.87542577,0.65657711,0.28031496,0.64920558
-7228.97995304,0.65360804,0.11906863,0.65227812
-7212.78131224,0.61324988,0.61819778,0.57381162
-7219.10616100,0.66883845,0.10829879,0.66776352
-7216.14077599,0.67460706,0.00069483,0.67460702
-7230.29347019,0.63134575,0.39175006,0.61627723
-7247.31183305,0.61477133,0.54718939,0.58417917
-7205.87930958,0.63952766,0.40510633,0.62361207
-7228.53972913,0.66252596,0.00060683,0.66252592
-7181.57294847,0.67649861,0.10129639,0.67556895
-7192.97487060,0.67849824,0.01749932,0.67847060
-7220.96231984,0.66759929,0.00182855,0.66759898
-7227.19878697,0.62957607,0.41062454,0.61295269
-7210.48172296,0.65914683,0.14984694,0.65705701
-7218.78535860,0.64557197,0.28339487,0.63790663
-7223.46688638,0.63948704,0.33586992,0.62858939
-7220.11173152,0.66906253,0.00061283,0.66906249
-7224.45768982,0.62219728,0.48523700,0.59857015
-7196.59735564,0.64265244,0.38087772,0.62867428
-7190.35198645,0.61980241,0.60701267,0.58225264
-7247.88696297,0.65298522,0.04742421,0.65277422
-7219.61527670,0.66952438,0.01171419,0.66951183
-7296.70646611,0.63788899,0.00077532,0.63788893
-7210.90286246,0.63108483,0.42236590,0.61352663
-7206.93195310,0.67072795,0.00061433,0.67072792
-7245.00960239,0.58448086,0.79400964,0.51418633
-7242.36638768,0.61249816,0.56610348,0.57956538
-7192.78206373,0.67001599,0.00061370,0.67001596
-7320.48873643,0.62699390,0.00078733,0.62699384
-7216.96729878,0.63089141,0.44141272,0.61168246
-7219.73217027,0.64718120,0.26197289,0.64065307
-7199.12515025,0.65843626,0.19793689,0.65478155
-7207.76660508,0.67274189,0.00062511,0.67274185
-7208.87511579,0.65529479,0.13644735,0.65355227
-7248.98324363,0.57538165,0.79178323,0.50424822
-7236.52999270,0.60595470,0.56788913,0.57242911
-7206.64469168,0.64457678,0.30409160,0.63572906
-7241.53180916,0.61501730,0.52820754,0.58657342
-7217.52312118,0.66704754,0.00061097,0.66704750
-7220.21149814,0.66636964,0.00061034,0.66636961
-7206.06979593,0.63361874,0.45945769,0.61287257
-7214.37538189,0.66771803,0.00061159,0.66771800
-7236.72699379,0.65782653,0.11541703,0.65658503
-7296.36034570,0.63727165,0.03966138,0.63712045
-7204.33960035,0.64641365,0.36542970,0.63363404
-7203.85493551,0.68530650,0.00062769,0.68530646
-7224.45716658,0.65237067,0.15303364,0.65016815
-7291.55431521,0.64761702,0.12193551,0.64620928
-7230.34001890,0.66819223,0.02614783,0.66812955
-7209.68207680,0.67436445,0.00067667,0.67436441
-7217.05520563,0.67144853,0.00082077,0.67144847
-7209.92799322,0.66585371,0.08088616,0.66525160
-7208.66633960,0.66415390,0.14640226,0.66217428
-7209.91084436,0.64974746,0.38365209,0.63572094
-7193.18178302,0.61151804,0.73693833,0.55446122
-7230.79284240,0.65348682,0.12452036,0.65203192
-7234.72060014,0.61978264,0.48896801,0.59568619
-7275.85244315,0.65688543,0.00063992,0.65688539
-7255.46690923,0.62861525,0.34531126,0.61688755
-7228.44480813,0.62634095,0.50055162,0.60134048
-7225.47147469,0.64499382,0.30485221,0.63610730
-7236.84376562,0.65371919,0.25885049,0.64741088
-7200.93933722,0.67568899,0.00061902,0.67568895
-7218.31088802,0.67358712,0.07182329,0.67311788
-7255.66228435,0.61452118,0.52717792,0.58616679
-7247.57317767,0.66745319,0.05863686,0.66713759
-7275.96663904,0.65072975,0.00059601,0.65072971
-7218.23667837,0.67338363,0.04561708,0.67319433
-7218.24101255,0.67364610,0.00061701,0.67364607
-7231.61887453,0.67522944,0.00061848,0.67522940
-7242.47982510,0.64371742,0.33711129,0.63281176
-7241.54737303,0.67393687,0.00061728,0.67393683
-7278.97833859,0.66336562,0.00061304,0.66336559
-7259.77163644,0.66854439,0.00061581,0.66854436
-7237.91736587,0.68008286,0.00062297,0.68008282
-7254.15544419,0.67027301,0.00061394,0.67027297
-7290.52249971,0.64277647,0.15322600,0.64053533
-7266.43712093,0.61226012,0.65114080,0.56826435
-7246.53758988,0.67778352,0.00064501,0.67778349
-7259.08707035,0.65860293,0.28829580,0.65082739
-7270.49058857,0.65963776,0.00060440,0.65963773
-7295.08591504,0.65772622,0.00061213,0.65772619
-7252.58366827,0.64656405,0.36191581,0.63403442
-7301.60021481,0.60278983,0.61627644,0.56287698
-7260.18213897,0.61294405,0.55538620,0.58130440
-7280.02717272,0.65063243,0.19695354,0.64697040
-7264.41029709,0.67503431,0.00061828,0.67503427
-7257.48461789,0.66250182,0.19609791,0.65893702
-7273.81128097,0.65807047,0.16924312,0.65539908
-7266.82390521,0.66641049,0.00061038,0.66641045
-7254.44965777,0.65030028,0.22935503,0.64532665
-7250.04418304,0.65657499,0.25035504,0.65070170
-7270.85685618,0.67486819,0.00115807,0.67486807
-7248.79853995,0.62024759,0.53935972,0.59082209
-7259.11026143,0.66848159,0.00061233,0.66848156
-7255.89712254,0.64860461,0.25271071,0.64254553
-7256.67669479,0.67461763,0.02955244,0.67453833
-7236.99842548,0.63481966,0.50606990,0.60960883
-7242.35761864,0.66770891,0.00061157,0.66770888
-7252.26998598,0.63164794,0.42778312,0.61364633
-7229.39859612,0.67776143,0.00062077,0.67776139
-7294.40867502,0.65804861,0.00060476,0.65804858
-7302.45344224,0.65709577,0.00060185,0.65709573
-7228.78107074,0.67774671,0.04994456,0.67752124
-7232.70799820,0.67502048,0.00061827,0.67502044
-7279.09419298,0.59786924,0.64164395,0.55408801
-7268.79828579,0.66433754,0.00060850,0.66433751
-7272.57198220,0.66432963,0.00123175,0.66432949
-7314.35618093,0.64427194,0.00059010,0.64427191
-7222.89769471,0.67532401,0.08046199,0.67473657
-7253.04239616,0.65900077,0.21325485,0.65476027
-7248.00781611,0.66161442,0.08200373,0.66099158
-7232.61126083,0.65554490,0.21092395,0.65137487
-7247.31074775,0.63128333,0.40367730,0.61526955
-7234.79658249,0.64223338,0.33930360,0.63115819
-7260.55505051,0.66194359,0.00060656,0.66194356
-7228.18153241,0.67652098,0.00073339,0.67652093
-7236.63058265,0.61256983,0.59403617,0.57620667
-7241.70215834,0.67306274,0.02526354,0.67300465
-7231.94907455,0.67612911,0.00061933,0.67612907
-7264.07539715,0.65688067,0.00060170,0.65688064
-7250.35291076,0.65652670,0.10792380,0.65543916
-7225.32580548,0.67211386,0.00062196,0.67211382
-7215.68494461,0.67693055,0.00062002,0.67693051
-7241.30218504,0.66301192,0.06778027,0.66258737
-7228.63071652,0.67152525,0.00061507,0.67152521
-7229.80764462,0.64486121,0.26596645,0.63810701
-7227.53714958,0.67387682,0.00067835,0.67387678
-7233.05679910,0.67131048,0.00065538,0.67131044
-7227.98349419,0.67789288,0.00070502,0.67789283
-7236.63564693,0.64312823,0.25443842,0.63693281
-7247.48943047,0.65249922,0.00059764,0.65249919
-7215.84518960,0.66976868,0.00061362,0.66976864
-7217.36968930,0.66905811,0.02213596,0.66901325
-7241.90396802,0.66227710,0.00117617,0.66227697
-7215.42349029,0.65015512,0.32941136,0.63985075
-7217.31633347,0.67336834,0.00061675,0.67336830
-7226.97636274,0.66687658,0.00061081,0.66687654
-7221.10139610,0.61427425,0.58724427,0.57886787
-7230.76080208,0.67058899,0.00061421,0.67058895
-7282.46218937,0.64650350,0.00059214,0.64650347
-7219.42832096,0.62132336,0.49012759,0.59717263
-7221.97142277,0.66558342,0.00061011,0.66558338
-7205.62251639,0.67947374,0.00073339,0.67947370
-7226.01807177,0.66734418,0.00069447,0.66734414
-7210.57829471,0.66401229,0.07548477,0.66348649
-7203.71088833,0.66795180,0.00061180,0.66795176
-7215.12331055,0.67135513,0.00065942,0.67135509
-7212.44959034,0.62779555,0.46495726,0.60633700
-7197.22758175,0.67154840,0.00061508,0.67154837
-7216.48303444,0.64847712,0.22936202,0.64348910
-7225.53165978,0.66378556,0.00067018,0.66378552
-7225.85384454,0.65042747,0.21277027,0.64615027
-7230.65417543,0.67062212,0.00809361,0.67061613
-7222.24298978,0.61953807,0.56421659,0.58722289
-7214.78653491,0.66775269,0.00061161,0.66775265
-7209.99183441,0.67152576,0.00061513,0.67152573
-7212.73319031,0.67139058,0.00094346,0.67139050
-7233.88185497,0.62104531,0.45055780,0.60069085
-7215.90415403,0.63267532,0.35334680,0.62047034
-7189.03899169,0.67668945,0.00061979,0.67668942
-7211.46326769,0.67702632,0.00062012,0.67702628
-7239.48396964,0.66026848,0.00071791,0.66026843
-7216.84204878,0.66368276,0.00060788,0.66368273
-7204.75459253,0.66645437,0.15131185,0.66434686
-7195.79775591,0.62905917,0.55130620,0.59873447
-7217.22646904,0.63170197,0.39597596,0.61631140
-7227.06736398,0.62310539,0.45319232,0.60257852
-7190.06407087,0.67168474,0.00061521,0.67168470
-7216.28232530,0.67454030,0.00139909,0.67454012
-7212.46796812,0.66936917,0.01709847,0.66934242
-7217.27239308,0.64877220,0.24679752,0.64299612
-7221.02954648,0.62715276,0.54577595,0.59735361
-7201.37887234,0.64602760,0.34517015,0.63463116
-7244.51870976,0.65100729,0.13862647,0.64919672
-7221.34527032,0.67272026,0.00061616,0.67272022
-7219.53835699,0.62623147,0.50715376,0.60054829
-7213.34330614,0.65934737,0.20526410,0.65542171
-7229.23087692,0.67215951,0.00144691,0.67215932
-7228.21778790,0.62015146,0.49515658,0.59544377
-7226.16072151,0.66874640,0.00061252,0.66874636
-7220.68680890,0.66913663,0.00087516,0.66913656
-7225.36056082,0.60725913,0.66800367,0.56044680
-7228.27917534,0.67216346,0.00103048,0.67216337
-7214.32695084,0.65840714,0.21755367,0.65398936
-7236.70974184,0.67033047,0.00106851,0.67033036
-7236.65773127,0.66767900,0.03841585,0.66754360
-7242.62100527,0.63342813,0.36360287,0.62051256
-7236.84349283,0.67252756,0.00076703,0.67252751
-7258.81155009,0.65984822,0.00060437,0.65984819
-7239.58185128,0.66056476,0.06210533,0.66020702
-7227.53769437,0.67247039,0.00061593,0.67247035
-7251.51041673,0.63032235,0.38074182,0.61607477
-7252.27664945,0.66971690,0.00061541,0.66971686
-7253.76108916,0.66283435,0.00067443,0.66283431
-7247.13548169,0.66567032,0.00060975,0.66567029
-7229.01004472,0.67744562,0.00063223,0.67744558
-7266.67198450,0.65372113,0.09704818,0.65283809
-7262.15361395,0.59498089,0.68011546,0.54528802
-7272.61802293,0.66295108,0.00060723,0.66295104
-7249.28680476,0.66314871,0.09859483,0.66225026
-7247.72043410,0.66233622,0.19393459,0.65884897
-7234.11222736,0.63909316,0.40920422,0.62283840
-7248.46536101,0.65227533,0.23915594,0.64688225
-7271.93632893,0.63264023,0.28882316,0.62451169
-7254.77525932,0.67387579,0.04978089,0.67365051
-7251.13370217,0.66077186,0.15045027,0.65867035
-7255.99275943,0.62656148,0.49864047,0.60176457
-7254.50613474,0.66368821,0.07454036,0.66317523
-7254.51474235,0.66161936,0.12279830,0.66022189
-7258.15241175,0.67426921,0.01604941,0.67424581
-7241.11944432,0.66770784,0.00061159,0.66770781
-7244.61407944,0.67122762,0.00061479,0.67122758
-7255.86701383,0.67155659,0.00072630,0.67155655
-7280.47308191,0.65426214,0.00059926,0.65426211
-7242.52124444,0.68024442,0.00127414,0.68024427
-7250.91443353,0.66656411,0.00061052,0.66656408
-7244.36930662,0.67338833,0.00062274,0.67338830
-7278.37953935,0.61750593,0.50848026,0.59130443
-7309.78175453,0.62294929,0.27393491,0.61552691
-7300.31627942,0.56720290,0.79744890,0.49377966
-7320.82909178,0.64306246,0.00062091,0.64306242
-7273.88771440,0.61515664,0.46664708,0.59307853
-7305.12496685,0.64709838,0.05036793,0.64685821
-7265.06510134,0.65948756,0.00060406,0.65948752
-7244.14166675,0.66294396,0.11952205,0.66162279
-7320.78010386,0.63968762,0.04638819,0.63948155
-7300.63180677,0.65315755,0.00073373,0.65315750
-7215.50047757,0.67315263,0.00061655,0.67315259
-7289.10917191,0.63418279,0.18152531,0.63099228
-7245.05371976,0.67113195,0.00064928,0.67113191
-7246.86027786,0.66594939,0.00060996,0.66594935
-7235.63190459,0.67108508,0.00061466,0.67108505
-7278.25512044,0.62861573,0.33253995,0.61774699
-7236.51767857,0.65679149,0.12421958,0.65535092
-7224.25060829,0.66655682,0.00061051,0.66655678
-7233.62541160,0.61933860,0.48247417,0.59587297
-7229.22740520,0.60920507,0.64829782,0.56537181
-7234.50132683,0.67183269,0.00082829,0.67183263
-7218.36447908,0.66771012,0.00061157,0.66771009
-7241.16883062,0.66483172,0.00060893,0.66483169
-7282.48797037,0.64892795,0.00089610,0.64892788
-7237.32190485,0.66485568,0.00060904,0.66485565
-7248.39190974,0.57856512,0.79372447,0.50750643
-7234.24789922,0.62333649,0.50010621,0.59825611
-7256.95589525,0.64906593,0.12692366,0.64754394
-7222.14900600,0.64878588,0.23972830,0.64333746
-7230.66391210,0.63929122,0.30709626,0.63019086
-7267.10341825,0.65672927,0.00081885,0.65672920
-7240.79304353,0.62328351,0.45616247,0.60248819
-7223.20934835,0.63125376,0.45610263,0.61073536
-7226.52386255,0.65009174,0.20826853,0.64599205
-7206.50891257,0.67344794,0.00061683,0.67344790
-7197.63828635,0.67601791,0.00065901,0.67601787
-7231.96220402,0.66875474,0.00061514,0.66875470
-7224.75914914,0.65874014,0.07910311,0.65815808
-7299.09103673,0.62145794,0.18744242,0.61798542
-7299.71537896,0.54952845,0.76819435,0.47926141
-7234.79754418,0.59556494,0.63616933,0.55237709
-7219.72430003,0.64363409,0.28075864,0.63608862
-7186.67226026,0.67780547,0.00062081,0.67780544
-7225.15040949,0.63121358,0.37238245,0.61761126
-7197.19207743,0.64582663,0.30327996,0.63704367
-7267.17821597,0.60799294,0.40884487,0.59091373
-7196.46597404,0.67124801,0.01914824,0.67121455
-7185.25528384,0.67523456,0.08208877,0.67462303
-7221.59866470,0.61114361,0.53247184,0.58203483
-7193.05356071,0.66721262,0.00070080,0.66721258
-7218.39384410,0.66395514,0.00082405,0.66395508
-7195.98479840,0.66912055,0.00061287,0.66912052
-7182.39679419,0.66629817,0.00061027,0.66629814
-7202.46742756,0.62634344,0.41588464,0.60919496
-7225.30032698,0.65732513,0.00060206,0.65732509
-7193.20364129,0.66730307,0.03710692,0.66717667
-7174.75771784,0.67502181,0.00061827,0.67502178
-7221.17475042,0.65320448,0.05745695,0.65289485
-7208.95474925,0.66264813,0.00060694,0.66264809
-7183.53044028,0.67872723,0.07513561,0.67821759
-7205.67233271,0.67131370,0.00109941,0.67131359
-7215.49364052,0.64275882,0.26252711,0.63615733
-7157.52908931,0.64375755,0.39597127,0.62866256
-7205.76332457,0.64722817,0.19341845,0.64367809
-7187.07289257,0.65113924,0.24342111,0.64554141
-7209.84162627,0.66487780,0.00060898,0.66487777
-7203.53700227,0.67071909,0.00076839,0.67071903
-7220.31441406,0.66770343,0.00061157,0.66770340
-7201.41669456,0.66059910,0.05512201,0.66031732
-7207.87442165,0.65698881,0.00060178,0.65698878
-7204.92945092,0.66319235,0.06702475,0.66277732
-7179.94611658,0.67820670,0.02596336,0.67814582
-7197.08369189,0.62805493,0.44908368,0.60806880
-7278.03054815,0.64458941,0.00100273,0.64458931
-7212.40413491,0.67160098,0.00062006,0.67160095
-7210.87126895,0.63664170,0.38036881,0.62256671
-7196.86715542,0.64775415,0.30208340,0.63906712
-7211.52323835,0.65278205,0.16873276,0.65010517
-7238.73402883,0.63628628,0.28654648,0.62833263
-7249.96938151,0.63799359,0.15172557,0.63577968
-7273.35417132,0.57577644,0.71545751,0.51847206
-7209.71846363,0.64000692,0.34462537,0.62853794
-7258.42082641,0.59001865,0.62299968,0.54824835
-7253.02887095,0.65805040,0.00419613,0.65804877
-7248.82403571,0.60037360,0.58402436,0.56450475
-7249.22378701,0.61138873,0.48485846,0.58736525
-7243.91728630,0.65118551,0.00161819,0.65118526
-7244.24360495,0.65814177,0.03575559,0.65802278
-7216.60909239,0.67052189,0.00074015,0.67052184
-7234.50523157,0.65635763,0.00896103,0.65635014
-7255.60506446,0.62758771,0.31609895,0.61775911
-7225.36092006,0.66083976,0.00060530,0.66083973
-7257.68179135,0.66144503,0.00065999,0.66144499
-7251.50129149,0.61590464,0.44420015,0.59595939
-7214.64480919,0.64680467,0.00059242,0.64680463
-7237.20842432,0.64923797,0.13137866,0.64760756
-7225.09927504,0.64711577,0.21310329,0.64280303
-7206.29154226,0.67646782,0.00110651,0.67646771
-7233.94520338,0.66956438,0.00094852,0.66956429
-7200.88351308,0.67384362,0.00066973,0.67384358
-7246.79938513,0.64265161,0.19936112,0.63885237
-7334.82443095,0.57579159,0.54084325,0.54378609
-7257.04476488,0.61187332,0.44022222,0.59215623
-7232.99041564,0.66382059,0.00066317,0.66382055
-7202.36534956,0.66746035,0.00061134,0.66746032
-7204.53564273,0.63475218,0.45207518,0.61471519
-7250.51004123,0.64354077,0.19760580,0.63981351
-7315.15363275,0.64329538,0.00062482,0.64329534
-7248.23123059,0.65898318,0.03056826,0.65889633
-7242.01078882,0.66047541,0.00073112,0.66047536
-7241.67387497,0.66692130,0.00076876,0.66692125
-7268.26891584,0.63511029,0.23078485,0.62995280
-7271.21212227,0.61547544,0.44767967,0.59519654
-7273.92622182,0.61196680,0.46250218,0.59016913
-7247.83754811,0.66141943,0.00060583,0.66141940
-7275.46821835,0.63965213,0.17107905,0.63684340
-7250.30805595,0.61249843,0.50579749,0.58635741
-7249.23672045,0.62318813,0.44625896,0.60329755
-7243.10059883,0.66617177,0.00061054,0.66617173
-7249.66679311,0.65807709,0.10350253,0.65707925
-7282.37392814,0.64028294,0.00058645,0.64028291
-7269.63720787,0.65548853,0.00060063,0.65548850
-7252.96244177,0.66480171,0.00224908,0.66480124
-7276.94939138,0.65460394,0.00059957,0.65460391
-7264.79329540,0.66112757,0.07379274,0.66062289
-7269.95823236,0.63101148,0.24870645,0.62497861
-7336.13218337,0.62908118,0.00075375,0.62908112
-7301.88711725,0.61275503,0.32273841,0.60225336
-7301.91371617,0.59816258,0.40253620,0.58133392
-7304.83202679,0.62334052,0.07277855,0.62281985
-7298.65755519,0.59701272,0.38041380,0.58197650
-7340.05722124,0.47596743,0.92982133,0.34732615
-7346.55804081,0.59273587,0.00270737,0.59273511
-7310.11677884,0.60416952,0.29494360,0.59528507
-7249.52122650,0.65649524,0.00080558,0.65649518
-7381.73957447,0.45553719,0.70931970,0.38194261
-7272.37908117,0.64117232,0.00099858,0.64117223
-7328.05446035,0.52523768,0.75793870,0.45332319
-7262.92076583,0.64277408,0.00321585,0.64277309
-7295.26368898,0.61521347,0.27738659,0.60750478
-7251.27983572,0.65149032,0.05554221,0.65120022
-7277.66635166,0.58349754,0.60206089,0.54411938
-7238.63595268,0.66484222,0.00060896,0.66484218
-7237.69750810,0.61983420,0.51521069,0.59302427
-7237.11361533,0.65965557,0.00083274,0.65965551
-7195.27998869,0.65939636,0.00060395,0.65939633
-7201.44190184,0.65152162,0.26139436,0.64506616
-7231.55938305,0.65770356,0.00060249,0.65770352
-7199.31860076,0.67017362,0.12702014,0.66869742
-7250.20013135,0.65385637,0.00329709,0.65385535
-7224.36565323,0.58959030,0.73371646,0.53072601
-7215.99376643,0.64818135,0.19875069,0.64443781
-7205.05244994,0.66970377,0.01930021,0.66966971
-7218.74902318,0.67111326,0.00061647,0.67111323
-7258.32358664,0.59445102,0.60152070,0.55592103
-7230.82604397,0.64496003,0.21502584,0.64055407
-7209.20409442,0.66993539,0.00110550,0.66993528
-7221.59804820,0.60360494,0.60165784,0.56568090
-7236.43574830,0.62570626,0.37449618,0.61182351
-7207.90656850,0.66404806,0.00060834,0.66404803
-7211.05886036,0.66196965,0.00060631,0.66196961
-7209.98004887,0.66636758,0.00079685,0.66636752
-7215.41603095,0.64882037,0.20895540,0.64468537
-7213.97115417,0.64535712,0.21987499,0.64075233
-7201.84103603,0.66385822,0.06936161,0.66341419
-7179.48676663,0.67448876,0.05685667,0.67419514
-7180.80790352,0.65962729,0.13144049,0.65802111
-7172.66147733,0.67472094,0.00061799,0.67472091
-7182.66443293,0.65882452,0.17845800,0.65585705
-7199.78058451,0.61989129,0.45957739,0.59865834
-7221.00738087,0.61501118,0.49624075,0.58997672
-7169.72556996,0.65243395,0.21413913,0.64811477
-7187.51881531,0.58767029,0.74831383,0.52607947
-7215.85823490,0.64922238,0.12317187,0.64778948
-7198.38049795,0.66115132,0.00113441,0.66115120
-7179.33034820,0.61435046,0.57723559,0.58018047
-7193.29513898,0.66167165,0.00060604,0.66167162
-7203.14581140,0.66218204,0.00064085,0.66218200
-7170.58121784,0.66308052,0.00063512,0.66308048
-7208.46418839,0.60092168,0.62115061,0.56021686
-7189.45590650,0.66637515,0.00061035,0.66637511
-7190.10328265,0.65138973,0.21972510,0.64683412
-7165.83098574,0.62644331,0.52322282,0.59907876
-7184.40950726,0.66119700,0.00095456,0.66119692
-7194.70710149,0.65955124,0.00077728,0.65955119
-7202.99851821,0.58556976,0.75916421,0.52181557
-7186.76985149,0.66752900,0.00123556,0.66752886
-7182.46150239,0.60076347,0.61940635,0.56028374
-7187.12528728,0.62356767,0.41056002,0.60678505
-7188.00335133,0.66236225,0.00060668,0.66236221
-7196.09422746,0.63496289,0.27481375,0.62763552
-7205.66391462,0.59125063,0.67227154,0.54241456
-7197.88143574,0.63695478,0.26994342,0.62990863
-7203.54197907,0.60709341,0.53581435,0.57740196
-7209.31967265,0.65026239,0.00059567,0.65026236
-7221.48614412,0.64528343,0.19422479,0.64169276
-7180.90466352,0.63803185,0.31306674,0.62855256
-7186.03878579,0.64714112,0.19451278,0.64355017
-7204.98124073,0.63092966,0.35113726,0.61884433
-7191.65661290,0.63648489,0.30732344,0.62733019
-7186.88159518,0.61311384,0.55790245,0.58118829
-7223.15660303,0.65220071,0.00059737,0.65220068
-7235.15904458,0.64865507,0.00059411,0.64865503
-7242.93552090,0.62384446,0.23629795,0.61833802
-7258.57597900,0.61599338,0.31430787,0.60609086
-7238.96642626,0.57923925,0.58217103,0.54221769
-7254.61358560,0.61285389,0.00090789,0.61285381
-7268.91184753,0.41492167,0.93316329,0.25590576
-7271.03676031,0.40411665,0.83567282,0.27885929
-7519.83034640,0.33471906,0.86383341,0.14361875
-7703.66223918,0.30679324,0.82896706,0.09970838
-7278.28968634,0.38892192,0.94508123,0.20456267
-8067.06952447,0.33075499,0.83099868,0.15749732
-7392.49030494,0.34007763,0.90565839,0.12319170
-7391.03545557,0.35091409,0.89458624,0.15844824
-7335.50534047,0.37195972,0.88242290,0.20728467
-7527.10686950,0.36168537,0.84850885,0.20644689
-7276.02087695,0.49484972,0.86061765,0.39261311
-7295.13513438,0.42685166,0.92078099,0.27989682
-7236.64512823,0.62704405,0.08226335,0.62638267
-7223.74558771,0.61083172,0.47555811,0.58771706
-7246.38023427,0.64170575,0.09703327,0.64080643
-7204.96232743,0.67115168,0.00167314,0.67115143
-7239.95633387,0.66037659,0.00084974,0.66037652
-7263.31384734,0.60253886,0.54083030,0.57203335
-7205.41663137,0.66802895,0.00061361,0.66802892
-7234.42634899,0.63710355,0.22912552,0.63203629
-7230.82245184,0.63265808,0.32206832,0.62253479
-7234.22184967,0.61238057,0.50956711,0.58583426
-7210.02662776,0.66427426,0.00060842,0.66427423
-7214.17088542,0.66038976,0.00060487,0.66038972
-7242.83046217,0.60150549,0.56407987,0.56818224
-7282.01792588,0.64621831,0.00063113,0.64621827
-7237.35270695,0.61605043,0.40639223,0.59940527
-7224.98768980,0.65799185,0.00064696,0.65799181
-7211.37355669,0.67065510,0.00061433,0.67065506
-7216.47169321,0.62735862,0.39519563,0.61192062
-7266.33771142,0.62781664,0.28684972,0.61973711
-7212.40142801,0.66801456,0.00061187,0.66801453
-7220.97545318,0.65555479,0.00060043,0.65555476
-7238.99040662,0.63821165,0.20348776,0.63422529
-7251.83660518,0.61853715,0.43533498,0.59947680
-7220.15202233,0.66845400,0.00061227,0.66845396
-7250.86972260,0.66016115,0.00060477,0.66016112
-7244.50621674,0.65915617,0.00086630,0.65915610
-7243.50259128,0.65755083,0.00060228,0.65755079
-7239.16971227,0.62784268,0.39108940,0.61273970
-7249.01977418,0.65269033,0.00059783,0.65269030
-7241.97417256,0.66238727,0.00061670,0.66238724
-7252.87765495,0.64422051,0.00059005,0.64422047
-7266.21976214,0.65003922,0.02949865,0.64995722
-7301.68775509,0.63132671,0.00068315,0.63132667
-7286.21760791,0.63986067,0.00071651,0.63986062
-7276.27415638,0.62919722,0.00247950,0.62919663
-7365.49812511,0.35604001,0.90429629,0.16306408
-7445.95453027,0.36395390,0.87199500,0.19828381
-7868.98977187,0.31007451,0.80943059,0.12604329
-10380.05433051,0.25671267,0.66717249,0.10665036
0.00000000,0.00000000,0.00000000,0.00000000
0.00000000,0.00000000,0.00000000,0.00000000
-10185.81641073,0.27814081,0.71004177,0.12491114
-10044.52076614,0.25551645,0.71583240,0.05017663
-10283.45367939,0.33517858,0.62361383,0.25437205
-11618.19694713,0.22602356,0.62594474,0.05559060
-7429.26187006,0.33787084,0.89546991,0.12620648
-7346.50795265,0.35294870,0.94590677,0.12234044
-7341.47933336,0.36872976,0.88317637,0.20102631
-7381.29344951,0.37472932,0.93782832,0.18077782
-7293.90174899,0.59846802,0.41082456,0.58093788
-7320.55479545,0.58652270,0.34315056,0.57409426
-7257.15854521,0.63110061,0.30764332,0.62184728
-7247.86789141,0.66100361,0.01986303,0.66096705
-7261.05890776,0.63931368,0.13152580,0.63765418
-7240.13172692,0.61175630,0.55876543,0.57965417
-7264.56150328,0.65639133,0.00067136,0.65639129
-7236.71196393,0.65059933,0.09181554,0.64980520
-7231.41423099,0.61143195,0.55201847,0.58010369
-7211.50524550,0.66607441,0.00136792,0.66607424
-7232.78957549,0.63129841,0.36394521,0.61831368
-7237.12312746,0.59402008,0.63152810,0.55136509
-7211.70380244,0.65253138,0.27109841,0.64559596
-7247.50931800,0.60924266,0.44870987,0.58865304
-7208.00131055,0.66469718,0.00088131,0.66469711
-7221.78360589,0.65890950,0.00114059,0.65890938
-7234.78793476,0.66368688,0.00060793,0.66368684
-7230.19190313,0.66985158,0.00061932,0.66985155
-7234.81059390,0.65624004,0.00063714,0.65624000
-7234.21969698,0.63434790,0.24528906,0.62851161
-7282.08948300,0.64769493,0.00059872,0.64769489
-7214.38444612,0.65562597,0.14597192,0.65363231
-7205.74959717,0.66751872,0.00061153,0.66751869
-7247.14945288,0.66025291,0.00060640,0.66025288
-7217.54841832,0.65501978,0.13900609,0.65321044
-7222.84280766,0.64220569,0.23236963,0.63703507
-7258.97589123,0.59493356,0.60490905,0.55598684
-7224.41802912,0.62426825,0.40416906,0.60802973
-7219.70186745,0.63876425,0.37370864,0.62522927
-7220.09135091,0.65694190,0.00096067,0.65694181
-7230.37602610,0.65251939,0.00059767,0.65251935
-7206.42032341,0.66413580,0.00096993,0.66413571
-7193.85635656,0.65771131,0.17875554,0.65472884
-7209.96945446,0.65562954,0.16177021,0.65318015
-7198.91071011,0.66675639,0.00061070,0.66675636
-7239.93090295,0.65653662,0.00068263,0.65653657
-7219.78608786,0.63977167,0.29572083,0.63134385
-7209.70142184,0.63838148,0.20404230,0.63437437
-7159.81115885,0.68769617,0.00062987,0.68769614
-7234.85765283,0.64516127,0.05784858,0.64484348
-7208.09556494,0.65018846,0.12835720,0.64863454
-7201.08430756,0.66413495,0.00060830,0.66413491
-7194.07240267,0.67210840,0.00061826,0.67210836
-7236.85591506,0.63980590,0.23240831,0.63461399
-7193.98315139,0.66174970,0.10886166,0.66065191
-7223.43129031,0.62616884,0.33959777,0.61478444
-7199.25684440,0.66380397,0.00060801,0.66380394
-7213.30836276,0.65981198,0.00064019,0.65981195
-7205.98705136,0.65755523,0.00060227,0.65755519
-7205.75671776,0.66176167,0.00060612,0.66176164
-7210.08376095,0.65979912,0.00127296,0.65979897
-7221.76027634,0.64550590,0.14926806,0.64338826
-7219.08775900,0.66022375,0.10771907,0.65914641
-7221.27772057,0.66483895,0.00060894,0.66483891
-7200.01041824,0.66340996,0.00060763,0.66340992
-7232.54093314,0.65525324,0.00060019,0.65525320
-7209.41419202,0.64575963,0.23103207,0.64067695
-7214.74045527,0.65051317,0.12234410,0.64910230
-7251.58590897,0.64637939,0.00098744,0.64637930
-7225.09177098,0.62940471,0.34767137,0.61752980
-7231.73687770,0.65381600,0.00059885,0.65381597
-7212.34882072,0.66300612,0.00132192,0.66300596
-7231.31360822,0.62639463,0.31637099,0.61652991
-7273.17253503,0.54084748,0.51357930,0.51010287
-7532.23443038,0.33365766,0.86809060,0.13789028
-7416.66341849,0.36534366,0.88193131,0.19543577
-8143.66835121,0.32543679,0.83519678,0.14303418
-11296.77926092,0.23541667,0.62587402,0.08622944
-10656.37611834,0.22695092,0.63886545,0.03883891
-11416.33118661,0.22295040,0.60750574,0.06705695
-11429.21961375,0.22743612,0.62122660,0.06672096
-11020.87242683,0.32495088,0.61252236,0.24419886
-11443.52755954,0.24343092,0.65170320,0.08503394
-10883.43329862,0.25319245,0.68894530,0.07721611
-10814.38811354,0.21753979,0.62143409,0.00405844
-10916.91887099,0.24572466,0.67071515,0.07261478
-9313.88103308,0.29429239,0.72344728,0.14998152
-10790.26434446,0.22067869,0.62431986,0.03084819
-10552.13313756,0.22769700,0.63191461,0.05412673
-7476.19182088,0.32840373,0.87698794,0.11676172
-7305.30902184,0.46114447,0.93566449,0.32466811
-7295.65237421,0.60021827,0.29136233,0.59149193
-7277.13808482,0.54246299,0.83212099,0.45765051
-7267.30531070,0.64856870,0.00301386,0.64856785
-7320.89788086,0.64030073,0.00135474,0.64030056
-7229.20057502,0.66622729,0.00180766,0.66622699
-7248.95132773,0.66174842,0.00060611,0.66174839
-7238.09613553,0.65601743,0.00060086,0.65601740
-7248.36972142,0.63422289,0.30503832,0.62517218
-7237.72382257,0.66279408,0.00240330,0.66279355
-7231.55151850,0.66521431,0.00060928,0.66521427
-7214.24890300,0.66485779,0.22143161,0.66032527
-7254.85601457,0.64851578,0.17447340,0.64563434
-7239.08753198,0.67215139,0.00089962,0.67215132
-7263.54486548,0.63533002,0.22964418,0.63022537
-7314.77513000,0.61697815,0.28873915,0.60864537
-7237.41938900,0.66736043,0.00831778,0.66735408
-7283.26867720,0.61120157,0.44026385,0.59145829
-7233.41018514,0.67093045,0.00061745,0.67093042
-7272.20828287,0.65577549,0.00068465,0.65577545
-7268.41632244,0.63421957,0.24726736,0.62828710
-7253.78508357,0.64001584,0.36432484,0.62718461
-7285.12794328,0.65648442,0.00163447,0.65648417
-7321.85519699,0.64024009,0.06546917,0.63982991
-7258.88435116,0.63420439,0.30945139,0.62488766
-7271.43340878,0.65702818,0.00060179,0.65702815
-7267.45979642,0.64831091,0.00059380,0.64831088
-7284.80111071,0.61624480,0.34181922,0.60452023
-7282.02042512,0.63042239,0.23509775,0.62502936
-7301.76839504,0.60483565,0.41009563,0.58755792
-7328.77333766,0.60608973,0.12927608,0.60439847
-7329.74332663,0.38962870,0.89472303,0.23183116
-7749.55100505,0.29696657,0.81977821,0.07658131
-10103.39301877,0.27643074,0.69755810,0.12964186
-10703.07576188,0.27088355,0.67707202,0.13122747
-11205.80614298,0.21629360,0.60699120,0.04061067
-11604.97079152,0.24900727,0.66687185,0.08675633
-12192.84430145,0.25195330,0.61180869,0.13276861
-10703.69511845,0.24129169,0.66572357,0.06269900
-11705.44643907,0.24547748,0.65344559,0.08917835
-11767.80283037,0.22235524,0.63227430,0.02167788
-11685.57227604,0.25356798,0.69447612,0.07221722
-10161.80334009,0.32361442,0.73001565,0.19860323
-11792.44388465,0.30708097,0.63765933,0.21092432
-10777.90361624,0.28929562,0.65099728,0.17826039
-11653.87905451,0.27155567,0.66584578,0.13939883
-9499.28966743,0.30259390,0.73467089,0.15951414
-10588.00353663,0.28962087,0.70863483,0.14955013
-10690.17172247,0.26419135,0.67883076,0.11553222
-8285.64317352,0.26011334,0.73292404,0.04306609
-7326.84495457,0.52773088,0.68675139,0.46981435
-7354.57179345,0.57631078,0.35962158,0.56239797
-7285.82779326,0.64163734,0.00058769,0.64163730
-7262.96146132,0.66704251,0.00076322,0.66704246
-7248.30320949,0.66531744,0.00077709,0.66531738
-7262.04767163,0.61808199,0.48560700,0.59425425
-7245.77996610,0.61920746,0.50429940,0.59351827
-7280.26811799,0.64693980,0.11177627,0.64575583
-7229.65549565,0.66795806,0.00061182,0.66795803
-7253.53425869,0.62653527,0.41989758,0.60905499
-7240.86657663,0.66205509,0.00061057,0.66205505
-7242.14217891,0.66315831,0.06590900,0.66275697
-7246.74446700,0.66227000,0.03497926,0.66215683
-7261.59555480,0.60521525,0.55873297,0.57275050
-7276.11539959,0.64601861,0.00059171,0.64601857
-7237.84843366,0.60864555,0.62409329,0.56809910
-7237.76959492,0.62546358,0.43968946,0.60623606
-7269.08027418,0.65285986,0.00061399,0.65285983
-7238.25723587,0.65376270,0.10558621,0.65271739
-7227.33076426,0.62385129,0.44432357,0.60415732
-7240.77979404,0.66522082,0.00077072,0.66522077
-7233.76745261,0.65375151,0.13873392,0.65194576
-7227.02183673,0.61211003,0.57914899,0.57757297
-7231.76806800,0.67295091,0.00067285,0.67295087
-7220.90055625,0.66873305,0.00083246,0.66873299
-7247.76007806,0.63032454,0.34555421,0.61861263
-7229.44278222,0.66422604,0.10807423,0.66314812
-7215.69975584,0.66931260,0.00061772,0.66931256
-7238.58546795,0.59252339,0.65559990,0.54628938
-7197.51480952,0.68023999,0.00106356,0.68023989
-7193.36725663,0.68036370,0.00085470,0.68036363
-7199.83927652,0.64310145,0.35650888,0.63088026
-7196.24694079,0.67182451,0.00081323,0.67182445
-7194.37532031,0.66672714,0.04399907,0.66654927
-7194.63526939,0.65825553,0.18356750,0.65511256
-7197.21573856,0.66436568,0.00060850,0.66436565
-7196.12960943,0.66833653,0.00061214,0.66833650
-7188.02255148,0.65621560,0.17391490,0.65338635
-7199.26082917,0.66150867,0.00106045,0.66150857
-7212.85613601,0.58376380,0.74435072,0.52240604
-7225.99899003,0.62582820,0.36185973,0.61287885
-7229.14595336,0.65962000,0.00116594,0.65961988
-7196.46919198,0.66307147,0.04857424,0.66285348
-7307.77448622,0.61390967,0.17270745,0.61092648
-7193.79840704,0.65961849,0.00060416,0.65961845
-7188.20864438,0.66209246,0.10831529,0.66100622
-7209.92468686,0.64773917,0.18571288,0.64446962
-7164.96480963,0.67964709,0.01086161,0.67963645
-7218.55514886,0.65385131,0.07098805,0.65337908
-7191.11038009,0.64745769,0.24733435,0.64164446
-7183.09677444,0.66931275,0.00079840,0.66931269
-7176.59363430,0.65065001,0.23088371,0.64561234
-7276.79203617,0.57023714,0.72658860,0.51039088
-7198.27135137,0.63305012,0.36158627,0.62027110
-7222.10457423,0.63496817,0.29657813,0.62642609
-7211.32445842,0.66473335,0.06138746,0.66438603
-7238.13859665,0.63622598,0.14132857,0.63430017
-7275.92794550,0.62956545,0.00057663,0.62956542
-7223.34504462,0.65188089,0.00083098,0.65188083
-7301.17364841,0.56745973,0.38037501,0.55162180
-7270.41034386,0.50284394,0.56082714,0.46294974
-7366.05153347,0.35925515,0.87467470,0.18800246
-11820.71589405,0.24337366,0.61774486,0.11173036
-11401.69824877,0.24376434,0.66199781,0.07573981
-11209.37904246,0.25716999,0.67279110,0.10337815
-13264.36047875,0.23264455,0.61994489,0.08392174
-12756.74029011,0.26242398,0.60570569,0.15467263
-12529.36374568,0.22965842,0.64078053,0.04944217
-13613.35429357,0.21663317,0.57838026,0.07714125
-13620.09052635,0.25474661,0.66810474,0.10107547
-11202.43558130,0.30075042,0.67880818,0.18440498
-13771.28530959,0.19981522,0.55449387,0.04755892
0.00000000,0.00000000,0.00000000,0.00000000
-15368.87527718,0.18374238,0.52497823,0.00000001
-12960.70438880,0.21011540,0.58561267,0.04623918
-13286.15071983,0.19315278,0.54695118,0.02571845
-11638.20679809,0.25976711,0.65925740,0.11932293
-11253.22402184,0.23354215,0.65405479,0.04623796
-11026.25691367,0.22289381,0.62924340,0.03432364
-10521.98474949,0.26554214,0.68181023,0.11647592
-7343.18143066,0.35389174,0.89070574,0.16749079
-7320.76937117,0.39577843,0.84218998,0.26410846
-7256.42346527,0.64636983,0.00064946,0.64636979
-7255.52779843,0.63549023,0.12629234,0.63395109
-7239.35610949,0.62508973,0.39920792,0.60927393
-7237.55255495,0.63697214,0.24127464,0.63134964
-7202.32478964,0.65573375,0.00060060,0.65573372
-7248.62246974,0.61069176,0.43131085,0.59173970
-7210.78250950,0.66874126,0.00061255,0.66874123
-7215.39213739,0.66092280,0.00060541,0.66092277
-7198.72657547,0.67155101,0.00061510,0.67155097
-7206.61545804,0.64342477,0.26831289,0.63653471
-7233.10873823,0.63997821,0.19596931,0.63629209
-7251.21533034,0.63774084,0.27375109,0.63050240
-7229.58775739,0.62714382,0.39306448,0.61186858
-7236.75847220,0.65654966,0.00060147,0.65654962
-7224.26184196,0.64968676,0.16333089,0.64716687
-7245.03721084,0.65664130,0.00060143,0.65664126
-7259.09693780,0.62829839,0.36394089,0.61525067
-7253.47652278,0.64839942,0.00059389,0.64839939
-7262.39789127,0.61972192,0.41697899,0.60229229
-7232.97390436,0.61823282,0.60267837,0.58113443
-7250.93905248,0.66194616,0.00094187,0.66194608
-7278.59821345,0.63273059,0.23105540,0.62754135
-7246.64539815,0.65604183,0.02581312,0.65597961
-7275.09907445,0.58790974,0.63711359,0.54397926
-7313.30928808,0.61224921,0.09789114,0.61128980
-7357.01033961,0.38050294,0.91930269,0.20311475
-7372.78543035,0.36149604,0.88303895,0.18750749
-10130.47508362,0.26409820,0.71289410,0.08655145
-11795.55321685,0.22106499,0.61213787,0.05447398
-11732.96787984,0.22145002,0.62701174,0.02966490
-10886.09411581,0.24429431,0.64485527,0.09348538
-13763.44537734,0.20442888,0.57069700,0.04351462
0.00000000,0.00000000,0.00000000,0.00000000
-13120.29791956,0.34580709,0.59991311,0.27476410
-13894.62266674,0.36272958,0.49339347,0.31898542
-13798.06669718,0.37306085,0.49097587,0.33112667
-15035.42431407,0.37101289,0.30110181,0.35573085
-705807.17470395,0.59986323,0.00054942,0.59986320
-14937.21110297,0.24326439,0.65852899,0.07780850
-14716.90952727,0.19426876,0.55505359,0.00000000
-14044.50411121,0.28815747,0.67176105,0.16659838
-39975.82705582,0.37973159,0.00971401,0.37971637
-12880.77702750,0.20947516,0.58393533,0.04593186
-12833.25443639,0.23030891,0.63453060,0.06099287
-12513.48747154,0.20564097,0.58470620,0.02019264
-11767.04317873,0.23324755,0.61398590,0.09068920
-10027.66459183,0.26107074,0.64998628,0.12807757
-10489.61254199,0.27017276,0.64918501,0.14617378
-7306.07406297,0.50139984,0.85766244,0.40161257
-7276.00519288,0.63605557,0.00188097,0.63605523
-7254.71800136,0.62901284,0.00057612,0.62901280
-7260.11191607,0.65408728,0.00060088,0.65408724
-7259.23658958,0.63412786,0.23264523,0.62887835
-7249.36227522,0.65640122,0.00060836,0.65640119
-7245.32204350,0.65078494,0.09830918,0.64987469
-7234.81298173,0.64294234,0.13979691,0.64107785
-7216.86775070,0.66454359,0.00060871,0.66454356
-7213.50201106,0.67105063,0.00061463,0.67105060
-7218.57837308,0.64285547,0.31529950,0.63331270
-7226.73342114,0.60528314,0.56616302,0.57192784
-7246.66365112,0.58076205,0.71118240,0.52471559
-7214.61496309,0.60239990,0.59138636,0.56572322
-7202.67007854,0.63033463,0.40445629,0.61423334
-7218.84814170,0.65906125,0.00075505,0.65906120
-7250.14198922,0.65160448,0.00077258,0.65160442
-7214.02286266,0.66745068,0.00061157,0.66745064
-7217.50321245,0.65788275,0.00060257,0.65788271
-7224.11417409,0.64939404,0.00158186,0.64939380
-7213.21192900,0.66408872,0.00060826,0.66408869
-7207.33191920,0.62833199,0.39784755,0.61270830
-7208.48467463,0.63029876,0.28882159,0.62213972
-7216.30286774,0.58990977,0.66978617,0.54133019
-7185.80309426,0.66665949,0.00061062,0.66665946
-7200.58060472,0.61181487,0.56501921,0.57897298
-7205.09140178,0.60284525,0.54591355,0.57176459
-7195.33315903,0.63858582,0.31668610,0.62889292
-7191.38601154,0.66415264,0.00113849,0.66415252
-7206.09285453,0.65728632,0.00060202,0.65728629
-7236.95546122,0.60188647,0.44823186,0.58108143
-7210.81242505,0.66121466,0.00071974,0.66121462
-7197.80089645,0.64944405,0.00059484,0.64944402
-7228.55915123,0.59868941,0.52797181,0.56945730
-7199.86852191,0.62667606,0.38507321,0.61201177
-7181.41141759,0.66547049,0.00104861,0.66547039
-7206.53067886,0.65877230,0.00060339,0.65877227
-7204.02955365,0.62456299,0.36108189,0.61164316
-7166.53816718,0.68178883,0.00062446,0.68178880
-7215.58829694,0.65227445,0.00059743,0.65227441
-7196.47298159,0.65046746,0.09118244,0.64968410
-7191.39187599,0.64888745,0.26312711,0.64231887
-7201.81839194,0.62977198,0.28949783,0.62156749
-7190.89523897,0.66121527,0.00060562,0.66121523
-7210.12718541,0.65154993,0.04806845,0.65133269
-7204.42695161,0.64183710,0.30911101,0.63265317
-7199.63939395,0.65729542,0.04501686,0.65710656
-7207.43465615,0.61292053,0.48562697,0.58888196
-7184.83774517,0.66998092,0.00061365,0.66998089
-7196.81066550,0.66219464,0.00150584,0.66219443
-7204.30210432,0.65842346,0.00081166,0.65842340
-7186.20179959,0.65909538,0.00060368,0.65909534
-7191.97242157,0.65420560,0.00059920,0.65420557
-7213.44069267,0.66019703,0.02383829,0.66014430
-7275.64601846,0.63867131,0.00142240,0.63867111
-7229.68537911,0.64393510,0.02191941,0.64388940
-7232.95011151,0.61130359,0.00827546,0.61129673
-8202.02747957,0.33335901,0.76705617,0.19761647
-11688.78264039,0.20934947,0.56180647,0.07185369
-12228.99220553,0.20922091,0.58309869,0.04607480
-12761.77201155,0.31496986,0.61069181,0.23134458
-11099.20537754,0.24499149,0.65354951,0.08773697
-15407.44213614,0.22155982,0.60536597,0.06477984
-14067.60076371,0.21996843,0.59929512,0.06625455
-14332.34441903,0.31989454,0.63883115,0.22877855
-14688.13934608,0.24514424,0.64681780,0.09404772
-14392.31015225,0.25479946,0.62532677,0.13046513
-14612.04901737,0.27212617,0.65429305,0.14700502
-13846.40750283,0.30046824,0.63912772,0.20060369
-14254.79219223,0.29470795,0.69294709,0.16742538
-13490.99281688,0.31055611,0.60678870,0.22658666
-14298.98972458,0.30179997,0.67220321,0.18902571
-13905.06593080,0.31395851,0.66725303,0.20983251
-13560.38452836,0.28997106,0.72847602,0.13811315
-11162.17944864,0.29993416,0.71374341,0.16599810
-16878.86183765,0.19210986,0.54407621,0.02537479
-12440.39418611,0.21965592,0.61448091,0.04465806
-11798.45577405,0.20182748,0.57578036,0.01107984
-10395.14288050,0.28753842,0.71203007,0.14343102
-10269.31969065,0.24476391,0.66714449,0.07339520
-8742.40912764,0.29454856,0.78629253,0.10498810
-8543.29350335,0.40024375,0.67431155,0.32325654
-7241.46456345,0.60087062,0.35356462,0.58798983
-7220.31547622,0.65037073,0.15969314,0.64796459
-7208.28977069,0.66479237,0.00060890,0.66479233
-7213.58042326,0.64376839,0.15016500,0.64161937
-7232.04871973,0.62897307,0.27864605,0.62136606
-7194.35561552,0.66539512,0.14019156,0.66358352
-7211.61405399,0.65966057,0.00060421,0.65966054
-7217.82958811,0.65627067,0.04155218,0.65610951
-7228.15690121,0.59884703,0.61234984,0.55918123
-7226.33673313,0.65685773,0.00067630,0.65685769
-7209.91926213,0.66113064,0.18911059,0.65780907
-7224.62935700,0.67261381,0.00116296,0.67261369
-7230.26802397,0.65929012,0.00120899,0.65928999
-7236.86351742,0.66140703,0.00218308,0.66140659
-7233.84973649,0.61904061,0.40345617,0.60271976
-7248.47171249,0.62935320,0.28845657,0.62120252
-7220.10372861,0.65281386,0.00059792,0.65281383
-7249.02301916,0.63966259,0.29239726,0.63142296
-7253.34032637,0.64065801,0.14812433,0.63855692
-7221.62792246,0.67035552,0.00122729,0.67035538
-7292.87315531,0.60681879,0.37709136,0.59229199
-7986.13541719,0.52118712,0.12754377,0.51927185
-7800.15223939,0.48058227,0.55991499,0.43881087
0.00000000,0.00000000,0.00000000,0.00000000
-10632.93711776,0.31010180,0.67146284,0.20231779
-11810.44462375,0.33109878,0.57723487,0.26231544
-11845.56358139,0.24053884,0.66221192,0.06434025
-13709.04402039,0.16519523,0.47198636,0.00000000
-13290.09229117,0.32727310,0.61932142,0.24519727
-13899.27510695,0.30187445,0.68591151,0.18301652
-14403.56029371,0.27633037,0.65787499,0.15277609
-13671.54204866,0.27947896,0.64490584,0.16480384
-14230.50082070,0.30124807,0.60178619,0.21537744
-14280.02229017,0.25536266,0.64660342,0.11829342
-15477.89997334,0.23606681,0.62527518,0.08850892
-16280.31630771,0.33174516,0.56423344,0.26656299
-16491.28186791,0.27750374,0.65872071,0.15444736
-16803.04977227,0.25959873,0.64748202,0.12663120
-16479.30834317,0.30815377,0.59958146,0.22565516
-16822.40705259,0.27524603,0.62715684,0.16606620
-18499.71507297,0.25457182,0.64364063,0.11856786
-13165.98004209,0.29313552,0.64608982,0.18652883
-14079.44690555,0.33035479,0.56007924,0.26590866
-11389.41241551,0.34123049,0.68142531,0.24404208
0.00000000,0.00000000,0.00000000,0.00000000
-12644.72882296,0.21994211,0.58541802,0.07995020
-10900.00618451,0.25619853,0.63889270,0.12504063
-7295.10923973,0.49902069,0.70951730,0.43284331
-7267.27047379,0.61740246,0.10512312,0.61630517
-7241.71402855,0.62269587,0.30950169,0.61320120
-7236.57322851,0.65324052,0.00146155,0.65324032
-7226.25372050,0.64774934,0.20572561,0.64373491
-7223.50993185,0.65852855,0.00060316,0.65852852
-7223.76793015,0.64673884,0.16147173,0.64426483
-7239.81709782,0.65836920,0.00060301,0.65836916
-7224.59213455,0.65005139,0.08052763,0.64944009
-7201.80259457,0.67158461,0.00061512,0.67158457
-7205.69667651,0.64137947,0.26167315,0.63480682
-7207.92137982,0.67023288,0.00097592,0.67023280
-7199.26827258,0.66596131,0.00156829,0.66596108
-7219.71003433,0.64278983,0.16749238,0.64011108
-7213.08260560,0.66813260,0.00061196,0.66813257
-7208.49949603,0.64182958,0.27794556,0.63441440
-7202.93300451,0.66615332,0.00063719,0.66615329
-7233.62899468,0.63994678,0.26591913,0.63314259
-7213.09235867,0.66450747,0.00065247,0.66450744
-7216.55547706,0.61284339,0.50581982,0.58671539
-7215.18915152,0.66534337,0.00092860,0.66534329
-7233.50563364,0.58537480,0.69400372,0.53259987
-7217.55062630,0.62373647,0.38900446,0.60869527
-7201.82456304,0.66621876,0.00083518,0.66621870
-7218.24248004,0.65646490,0.00060127,0.65646487
-7220.18133888,0.63288540,0.29401436,0.62446336
-7190.04138089,0.67073726,0.00061456,0.67073723
-7194.63685485,0.61212604,0.50413362,0.58614404
-7197.17891173,0.64462538,0.25706500,0.63831559
-7203.48984695,0.65952182,0.00103996,0.65952172
-7205.13370466,0.63963184,0.22657638,0.63469688
-7186.75975644,0.65286211,0.12345096,0.65143075
-7179.88809610,0.65620960,0.08622343,0.65551531
-7185.55375142,0.61900315,0.46706823,0.59702696
-7197.22803788,0.67006445,0.02212425,0.67001971
-7225.64568024,0.61003702,0.42110116,0.59196512
-7193.42118594,0.63138666,0.34412603,0.61979216
-7190.30566697,0.65508198,0.11120709,0.65392464
-7194.90376384,0.64212942,0.17382318,0.63924089
-7208.42848655,0.59496806,0.58662407,0.55841861
-7199.59546878,0.64868589,0.11751974,0.64738053
-7201.45753111,0.60906392,0.49918679,0.58346670
-7212.91025589,0.64428682,0.11618982,0.64300213
-7215.03373775,0.62616684,0.33994575,0.61475883
-7183.84731841,0.63527309,0.36509002,0.62228915
-7192.97916890,0.66196238,0.01469327,0.66194241
-7226.07478662,0.62172095,0.33687811,0.61043820
-7211.82932843,0.58588211,0.72336435,0.52835499
-7189.11275318,0.65596246,0.05599523,0.65566962
-7182.85568339,0.65909335,0.12722924,0.65758734
-7264.11210034,0.58265443,0.61364965,0.54162429
-7190.99327001,0.62943120,0.41400468,0.61252522
-7219.71698384,0.65203942,0.04553034,0.65184466
-7215.00594521,0.63865883,0.00058496,0.63865879
-7265.75035415,0.61468332,0.04084560,0.61451706
-7382.04100252,0.36142847,0.86439458,0.19774032
-11746.96993973,0.23192832,0.60317832,0.09603279
-12941.75629809,0.24320286,0.57727017,0.13537218
-12407.92909407,0.32443385,0.61205567,0.24365413
-12222.86942556,0.28565571,0.67770351,0.15917642
-28519.03237504,0.23172415,0.30727623,0.20525543
-16302.28748842,0.28839503,0.61868090,0.19048058
-16154.13516752,0.28878123,0.60258083,0.19726734
-16573.43008155,0.31323746,0.60444615,0.23100152
-16700.78546884,0.30703724,0.62195063,0.21653198
-16313.39785350,0.31166622,0.62597610,0.22166345
-16224.02717429,0.32102587,0.61834364,0.23710730
-16457.76700387,0.34510636,0.47199622,0.30299802
-16191.45061018,0.30584652,0.63929307,0.20851110
-15971.38561012,0.32472678,0.59594979,0.24887919
-16026.85318466,0.32140508,0.60873674,0.24063993
-16714.04650154,0.30454719,0.57108712,0.22977550
-12890.71816987,0.33924712,0.69817698,0.23532073
-14937.56012040,0.27306740,0.60885696,0.17074608
-14503.09596056,0.32438361,0.57714873,0.25381074
-12930.34157873,0.22641998,0.61430602,0.07097852
-12677.73743992,0.23496540,0.62244714,0.08801867
-11913.06420090,0.26586078,0.67021753,0.12512390
-11085.93587840,0.27938378,0.69888955,0.13498366
-8025.28711213,0.33588424,0.80908881,0.18062862
-7262.86610875,0.56734059,0.55444349,0.53312092
-7238.56659256,0.64500393,0.07545434,0.64446306
-7254.17348024,0.60690249,0.44085583,0.58696021
-7242.23558349,0.59866800,0.57980117,0.56322520
-7216.23393897,0.63237164,0.33882869,0.62115239
-7218.59434780,0.65886909,0.00060347,0.65886905
-7223.12331070,0.65325327,0.00061456,0.65325323
-7229.33469257,0.65718309,0.00060193,0.65718306
-7221.19825647,0.66326274,0.00063427,0.66326271
-7219.28679090,0.66437076,0.00097388,0.66437067
-7233.63565654,0.65604791,0.00082802,0.65604785
-7223.71410467,0.63390760,0.31183760,0.62444104
-7247.56690418,0.62456909,0.34302849,0.61292099
-7234.56440533,0.65152664,0.01294148,0.65151089
-7228.22053415,0.65678871,0.00060156,0.65678868
-7240.35475292,0.62370005,0.37363860,0.60983608
-7227.42800508,0.63933032,0.23548086,0.63399565
-7195.11486395,0.67679331,0.00064694,0.67679327
-7233.79875161,0.60733758,0.46191987,0.58542388
-7216.44047002,0.65658895,0.00060138,0.65658891
-7219.61433922,0.65619692,0.07200611,0.65571278
-7256.42328776,0.64126801,0.00058737,0.64126798
-7229.42486366,0.64603219,0.00084971,0.64603212
-7254.72790286,0.57491626,0.53406353,0.54368077
-10915.92809577,0.19412077,0.55463077,0.00000002
-12255.59736930,0.22848692,0.61306426,0.07851698
-10437.36344432,0.29433478,0.72931053,0.14654682
-12813.19468330,0.28499458,0.71902115,0.13375524
-12310.75243293,0.29626952,0.68982529,0.17170587
-15001.30811380,0.29069386,0.58539539,0.20621268
-16179.47720226,0.21493008,0.58807704,0.06188860
-16164.90385747,0.29327927,0.66109623,0.18020633
-16632.32800436,0.31086909,0.60796008,0.22663119
-16178.66498591,0.31633522,0.66706519,0.21344418
-16406.83856800,0.27876017,0.67722064,0.14671513
-15183.65521416,0.31001357,0.65301617,0.20945339
-16757.64529035,0.30456787,0.61634072,0.21500417
-16591.88716609,0.29129743,0.64249159,0.18516682
-16463.78272184,0.32946806,0.55944053,0.26497155
-16606.48989564,0.31025976,0.58037500,0.23451827
-16669.60931907,0.30823716,0.59848243,0.22612596
-16740.45084719,0.30679558,0.62502182,0.21510143
-16538.80963185,0.32058991,0.51725351,0.26458056
-16106.72448640,0.26750202,0.61095778,0.16072284
-15197.22375205,0.30272104,0.60564225,0.21611737
-13905.70187075,0.31293381,0.58443948,0.23682336
-13779.76315671,0.30405595,0.61285954,0.21549806
-10934.14686406,0.16843592,0.47405188,0.02901418
-11412.93859293,0.23289105,0.62480433,0.08010391
-7178.92824105,0.63136230,0.00889176,0.63135463
-7180.92785441,0.63132808,0.16084228,0.62881320
-7175.41473143,0.57435913,0.69442815,0.52039905
-7162.24882800,0.61320355,0.37638690,0.59888594
-7099.49635188,0.67754989,0.01659169,0.67752500
-7103.02413700,0.66038001,0.00060485,0.66037997
-7099.15457008,0.65661620,0.00060141,0.65661616
-7111.71303727,0.61428743,0.50587857,0.58821738
-7106.14112923,0.64563207,0.26962218,0.63869828
-7121.12823471,0.65529039,0.00091806,0.65529031
-7102.90967126,0.66887588,0.00061277,0.66887585
-7098.44218298,0.64037569,0.30124832,0.63163604
-7106.20788935,0.62973076,0.36254336,0.61681417
-7074.06170201,0.65731006,0.11716434,0.65602964
-7081.74464868,0.65294000,0.12878154,0.65138240
-7099.52466270,0.65783649,0.00062101,0.65783645
-7073.48901010,0.66153673,0.00060592,0.66153670
-7081.94739236,0.65783236,0.00060288,0.65783233
-7112.54062596,0.59440022,0.66255421,0.54729956
-7097.35428467,0.59850554,0.58069909,0.56293915
-7087.88039167,0.63957234,0.19742657,0.63582864
-7098.86872044,0.62394760,0.29337812,0.61544045
-7081.77718036,0.65750512,0.00100368,0.65750503
-7062.05875833,0.66036663,0.00082377,0.66036657
-7070.24418723,0.64196249,0.21117369,0.63769353
-7042.34127315,0.61288877,0.53362115,0.58373845
-7043.25189739,0.62593113,0.40739892,0.60947353
-7037.31365267,0.63637714,0.36401382,0.62349328
-7049.24754207,0.65289972,0.09419587,0.65206680
-7054.64130399,0.65049665,0.00059580,0.65049662
-7060.63265241,0.64412860,0.15062831,0.64196750
-7039.35629622,0.65607789,0.00229143,0.65607740
-7054.33372753,0.63938662,0.17326507,0.63650428
-7045.16295130,0.65937239,0.00148142,0.65937218
-7036.46331446,0.67151336,0.00067883,0.67151332
-7031.78764080,0.66170370,0.00073378,0.66170365
-7055.96964957,0.61255740,0.39520858,0.59673555
-7031.24193596,0.60973502,0.53377577,0.58040892
-7028.73094750,0.61780602,0.45432559,0.59699150
-7037.35512615,0.65208012,0.00114450,0.65207999
-7053.20322520,0.60337695,0.47371018,0.58015048
-6998.46286757,0.66860135,0.00091066,0.66860127
-7020.31571625,0.65776447,0.00885234,0.65775717
-7020.43106372,0.64262616,0.22465205,0.63779777
-7056.60443584,0.62640427,0.31159804,0.61683739
-7019.85856954,0.64563196,0.13454834,0.64391224
-7075.85412753,0.64423368,0.08415396,0.64356002
-7018.35519077,0.65652808,0.00060133,0.65652805
-7037.22876885,0.63341318,0.23313847,0.62813529
-7022.76917940,0.59900953,0.64979793,0.55415552
-7010.57547928,0.60945640,0.52569737,0.58101917
-7058.78167135,0.59293844,0.45389736,0.57126018
-7070.39774981,0.53489055,0.71654339,0.47245336
-7767.93279858,0.29739265,0.79348614,0.10636687
-12060.48897944,0.17075251,0.48526518,0.01760222
-14156.96550739,0.16069376,0.45654441,0.01701376
-13355.51913561,0.27157820,0.63110276,0.15800034
-14634.78733702,0.28966143,0.67552287,0.16734150
-15212.95778174,0.25884801,0.63922934,0.13018087
-16412.89873828,0.19772446,0.55717721,0.03263855
-16362.09630618,0.26368234,0.60849991,0.15546717
-16694.47213648,0.26874301,0.64021938,0.14836577
-17452.00956370,0.27368961,0.62125117,0.16621300
-16753.54179370,0.25645567,0.61670300,0.13849185
-16914.87353735,0.26351121,0.65968890,0.12699390
-16899.82060853,0.27243944,0.63069399,0.15967411
-16815.16804675,0.27515036,0.63127847,0.16398152
-16727.57776074,0.31664707,0.58028990,0.24293036
-16636.16277403,0.28924122,0.63657934,0.18444352
-16560.05898905,0.31579834,0.61377375,0.23147486
-16745.77640182,0.32386239,0.58977982,0.24955244
-16097.17954037,0.27328760,0.63997145,0.15657135
-16347.70941249,0.27713317,0.60160266,0.18018571
-15454.92952106,0.25547803,0.65420337,0.11331912
-13609.17365061,0.28232354,0.66558460,0.15949523
-13929.38667980,0.21362903,0.59676968,0.04484353
-12766.40910182,0.21193230,0.57669947,0.06460626
0.00000000,0.00000000,0.00000000,0.00000000
-7781.55869506,0.28800832,0.79403386,0.07558963
-7065.52940858,0.38626750,0.89951474,0.22379578
-6992.29809002,0.66755589,0.07124590,0.66708999
-7054.56796218,0.63398463,0.13615843,0.63219100
-7020.83713887,0.66087214,0.00061232,0.66087210
-7017.05764055,0.66212256,0.00064808,0.66212252
-7038.23989157,0.65364541,0.00059869,0.65364537
-7018.60143576,0.65281122,0.00059809,0.65281119
-6972.77315957,0.67850776,0.00062146,0.67850772
-7016.94566876,0.62858671,0.31402379,0.61890339
-6999.09061359,0.61337108,0.56053462,0.58114947
-7027.68841884,0.65600831,0.00060231,0.65600827
-7031.59988794,0.61923615,0.39752887,0.60340271
-7039.36414187,0.63854055,0.18949502,0.63508681
-7023.61407560,0.63783634,0.33340951,0.62707086
-7050.87853669,0.60356701,0.55827687,0.57106321
-7036.86436728,0.62975985,0.32094318,0.61966073
-7013.48668215,0.65646319,0.00090056,0.65646311
-7006.40243526,0.67724197,0.00085416,0.67724191
-7034.03145919,0.66470120,0.00097158,0.66470111
-7033.29737645,0.65486127,0.00059980,0.65486124
-7051.85221097,0.64248796,0.16969795,0.63973674
-7080.62516721,0.63842459,0.00058474,0.63842456
-7039.76751547,0.61289895,0.42340993,0.59471322
-7120.81764456,0.51590920,0.69598336,0.45477926
-12925.89186717,0.19241961,0.54508766,0.02506067
-12309.16244666,0.19293106,0.55000288,0.01287454
-18358.09789676,0.17649473,0.48843996,0.04387624
-13279.96891815,0.24569430,0.65403090,0.08924981
-15535.62360064,0.28877386,0.65588791,0.17519188
-15320.59429503,0.26595838,0.67133870,0.12459391
-16021.42901983,0.23386073,0.63056987,0.07734722
-16263.98860591,0.27374116,0.65581658,0.14915608
-16594.74092927,0.26702600,0.66170479,0.13291300
-16786.18261835,0.29388868,0.62497182,0.19627356
-17170.75785790,0.30939020,0.62457636,0.21894196
-16967.56195069,0.26383096,0.66107083,0.12677729
-17254.76743541,0.27767330,0.63377677,0.16702551
-17192.31287453,0.27929381,0.62725297,0.17264954
-17289.22499169,0.30742940,0.59140717,0.22730362
-17382.91965076,0.23927583,0.62063607,0.10033572
-17686.62614839,0.25966990,0.65399870,0.12261098
-17236.88979237,0.26931079,0.61930583,0.15982706
-16701.91201266,0.27988459,0.63677573,0.16930350
-16603.77760755,0.25550250,0.64818012,0.11753589
-16341.39805865,0.26521060,0.63283588,0.14586881
-16269.77469933,0.21670481,0.58501236,0.07096930
-13532.65099232,0.25874067,0.62647476,0.13736478
-13322.16484411,0.34727583,0.47193842,0.30547763
-13400.97688473,0.34991348,0.55527834,0.29097856
-10768.76778974,0.15873863,0.44918362,0.02194598
-7049.80609995,0.58705572,0.37176911,0.57245386
-7046.31335616,0.60999846,0.40399880,0.59338375
-7018.30264155,0.63002236,0.35209601,0.61785245
-7003.27767402,0.66175333,0.00060611,0.66175329
-7001.95262277,0.63172781,0.36580366,0.61861783
-7011.15302424,0.65691838,0.00060169,0.65691835
-6988.65089058,0.66734284,0.00061123,0.66734281
-6999.86222425,0.62063869,0.43267662,0.60187978
-6971.92849952,0.65372393,0.23509856,0.64852466
-7012.12794209,0.66127466,0.00060567,0.66127463
-6979.29244354,0.66939299,0.03265618,0.66929540
-7010.30807498,0.65461185,0.00059966,0.65461181
-7001.54737148,0.65668501,0.01890744,0.65665166
-7002.40065040,0.60804752,0.56040476,0.57554342
-6995.85955720,0.64342150,0.23870669,0.63797419
-6996.41719770,0.65791762,0.00060260,0.65791758
-7053.09105958,0.60565157,0.41139004,0.58828709
-7032.75123302,0.61387071,0.36572046,0.60037713
-6996.40085013,0.57878634,0.74942236,0.51593941
-6975.75152887,0.63452610,0.36666508,0.62141297
-7014.53543673,0.59419576,0.57180124,0.55947870
-6982.66675986,0.66231585,0.00071880,0.66231580
-6972.15251375,0.66291292,0.00095829,0.66291284
-6991.77308148,0.62409820,0.38554775,0.60933513
-6963.88493245,0.65166598,0.00059687,0.65166595
-6979.87482756,0.63380158,0.24250315,0.62809274
-6993.71943212,0.58313909,0.71855325,0.52611990
-6978.22879938,0.64887012,0.11993304,0.64751092
-6951.20562944,0.67165851,0.00061520,0.67165848
-6964.93698220,0.65083458,0.13584350,0.64909560
-6991.13601400,0.61695766,0.44004068,0.59742478
-6998.02241447,0.64792932,0.06441110,0.64753701
-6996.92072896,0.65734057,0.00060437,0.65734054
-6962.73620438,0.66303459,0.00116463,0.66303446
-6949.70352261,0.66692842,0.00061107,0.66692838
-6964.61322941,0.63798373,0.27624261,0.63061500
-6987.13817955,0.61302297,0.44713135,0.59271087
-6981.26621172,0.64317420,0.26138564,0.63663455
-6964.22848816,0.66915337,0.00153333,0.66915315
-6959.75207651,0.64582471,0.17610017,0.64287688
-6960.98582102,0.66585369,0.00090329,0.66585362
-7010.15523523,0.62758407,0.00057481,0.62758404
-6975.01520579,0.66201176,0.00060642,0.66201172
-6970.94330255,0.65054618,0.16015306,0.64812679
-6974.52351145,0.65963759,0.00060418,0.65963756
-6967.61153620,0.66412747,0.00065260,0.66412743
-7059.02604913,0.59786068,0.43213739,0.57841283
-6991.65626968,0.63261946,0.32016688,0.62261569
-6972.53873389,0.65958388,0.00060415,0.65958384
-6996.21118683,0.65232345,0.00068169,0.65232341
-7004.25972728,0.57252607,0.72937964,0.51246147
-7098.50255674,0.39481989,0.81974803,0.27122751
-7056.02184437,0.37549341,0.90636346,0.20090345
-13670.10960480,0.33481166,0.55938296,0.27160166
-12477.64831027,0.28662638,0.57020789,0.20573136
-15895.26919772,0.27572213,0.64351871,0.15903912
-16127.63440716,0.25250775,0.64596094,0.11245058
-16346.82687587,0.26304770,0.64876125,0.13279656
-15096.95995242,0.25550449,0.63786819,0.12425883
-17002.45623765,0.26099801,0.65114273,0.12720680
-16678.83599226,0.30458167,0.58339804,0.22600159
-17138.70581777,0.29994500,0.62953973,0.20351356
-16800.86303197,0.32449929,0.55362680,0.26029448
-19272.23963281,0.26347541,0.61258266,0.15313473
-17288.51503048,0.27285965,0.62244612,0.16428966
-17144.08860210,0.29500761,0.60094775,0.20685759
-17540.02499781,0.24715849,0.63765112,0.10620239
-17325.68492379,0.28106008,0.65057272,0.16476429
-17239.46838426,0.27843466,0.67690175,0.14627662
-15654.98388552,0.25496881,0.64807498,0.11644289
-16325.96607082,0.25019415,0.65746232,0.09821236
-16217.12365115,0.30350407,0.57964233,0.22573554
-15881.33659816,0.29157773,0.62084894,0.19442101
-15916.78546250,0.22984543,0.60510654,0.08930322
-14519.65084603,0.23435783,0.64188925,0.06671523
-10294.60845657,0.33800335,0.76448066,0.20652725
-12632.27003149,0.18787047,0.52729898,0.03514111
-11133.44759732,0.24806760,0.63704516,0.10873721
-7100.28926737,0.37702303,0.86921843,0.22269402
-7051.52592319,0.64576286,0.00129223,0.64576270
-7023.54647729,0.65522193,0.00060014,0.65522190
-7039.48899614,0.65790315,0.00070044,0.65790310
-7087.08537079,0.65297205,0.00068375,0.65297200
-7022.25969697,0.67079385,0.00061443,0.67079381
-7031.50841530,0.62139891,0.52251601,0.59387818
-7037.26230087,0.65119177,0.00059645,0.65119173
-7036.41040170,0.66753915,0.00061142,0.66753912
-7036.08741484,0.62384390,0.45496788,0.60317844
-7039.17351177,0.65075220,0.00059604,0.65075217
-7041.52447954,0.59223898,0.67391110,0.54324293
-7082.98825327,0.65470422,0.00059969,0.65470418
-7073.62363260,0.61777857,0.42967457,0.59919477
-7062.42624388,0.60933688,0.51786004,0.58175554
-7044.23174628,0.63678531,0.40011409,0.62119591
-7113.45066683,0.63639766,0.00062236,0.63639762
-7056.20448066,0.65560090,0.00075200,0.65560085
-7056.82422275,0.62359370,0.39056272,0.60842670
-7067.65319958,0.61148301,0.56953990,0.57807910
-7111.53846811,0.63917530,0.00058601,0.63917527
-7089.40540138,0.59428609,0.59296705,0.55686959
-7072.92030378,0.65679706,0.08149160,0.65617747
-7129.44941560,0.56060529,0.66481722,0.51003481
-7101.98430286,0.34923398,0.90353871,0.14818081
-13066.22735675,0.19549568,0.53658886,0.05429024
-11003.09589813,0.25577288,0.69704397,0.07681573
-15211.69826079,0.24699930,0.63284475,0.10930838
-15948.51835299,0.20598917,0.58152461,0.03171131
-15941.83035120,0.28569390,0.61608124,0.18741767
-16515.98417161,0.25639502,0.64843434,0.11929454
-16816.93930699,0.25579256,0.65316628,0.11475245
-17047.42310078,0.32100737,0.62781010,0.23401475
-17287.00422826,0.29185524,0.63594443,0.18877866
-17300.47127260,0.30258615,0.60760620,0.21525143
-17144.11255785,0.27345984,0.67679901,0.13663203
-17308.40069664,0.31183276,0.59080040,0.23341303
-17039.02908840,0.30440892,0.63604079,0.20762388
-19665.63966710,0.29083549,0.63050298,0.18943962
-17259.82382165,0.32106969,0.53606327,0.26054497
-17317.64650122,0.30775170,0.58556540,0.22958107
-17075.01104246,0.25977400,0.62671345,0.13916982
-17145.88060548,0.24342568,0.61811939,0.11158985
-16998.41661199,0.27323454,0.62215011,0.16504832
-16658.24368861,0.27071391,0.65396150,0.14455789
-16484.39893453,0.29008949,0.61652370,0.19388007
-16623.03633318,0.29928913,0.63542134,0.20028318
-16453.19461325,0.26920647,0.59792576,0.16934140
-12536.21288293,0.24317047,0.60170177,0.12157863
-13343.92493424,0.35314428,0.52225174,0.30215789
-7081.31262993,0.59432920,0.27161746,0.58667677
-7076.69414392,0.66098096,0.00270709,0.66098028
-7049.03536150,0.66733395,0.00061191,0.66733392
-7052.72495665,0.66718875,0.00063329,0.66718872
-7054.38320337,0.66279335,0.00060707,0.66279332
-7066.74954052,0.65900508,0.00060362,0.65900504
-7038.68419349,0.67782254,0.00062554,0.67782251
-7064.36176250,0.66069474,0.00060657,0.66069471
-7069.17995351,0.65949089,0.00060408,0.65949086
-7063.17359681,0.65852919,0.00115225,0.65852907
-7058.97451194,0.65824477,0.00060323,0.65824474
-7076.81783293,0.63715254,0.25204965,0.63101589
-7061.34030768,0.56802372,0.82837917,0.48845673
-7031.34779739,0.67551474,0.00111406,0.67551463
-7082.95937220,0.65188371,0.00059707,0.65188367
-7071.46561929,0.66368608,0.00060792,0.66368605
-7050.60893818,0.65931324,0.03575290,0.65919448
-7044.72127728,0.66312654,0.00065857,0.66312650
-7043.75395881,0.66183429,0.00060619,0.66183426
-7040.19799438,0.63576607,0.34450742,0.62422715
-7066.78650888,0.65256452,0.05641461,0.65226573
-7038.37533464,0.66305419,0.00060731,0.66305416
-7047.47366535,0.61766442,0.46573213,0.59576698
-7043.72950545,0.62668537,0.39726959,0.61106564
-7067.86855698,0.58518047,0.68510051,0.53379702
-7013.68440737,0.62456971,0.47533085,0.60200477
-7044.04277875,0.64470877,0.23463938,0.63945687
-7035.24743065,0.64449708,0.18570146,0.64121141
-7014.05866063,0.66676203,0.00101676,0.66676193
-7051.73224402,0.65184853,0.00122586,0.65184839
-7016.10022254,0.61353610,0.54138734,0.58354243
-7026.03283146,0.60949528,0.60201851,0.57191544
-7042.08868150,0.62620771,0.35894887,0.61347589
-7022.82443766,0.61244589,0.51817895,0.58497655
-7052.19310895,0.64529623,0.00059104,0.64529620
-7019.60491381,0.65172112,0.17002014,0.64899871
-6998.74766639,0.64874957,0.27395421,0.64162471
-6998.09696991,0.65077940,0.09845801,0.64986638
-7009.20032725,0.65288008,0.00059798,0.65288005
-7016.89315661,0.62934290,0.32610809,0.61890633
-7042.26047812,0.62869852,0.26840514,0.62164039
-7025.40141675,0.61863774,0.47102757,0.59626668
-7023.73843986,0.65221257,0.00106200,0.65221246
-7005.68741552,0.65297586,0.14175658,0.65108820
-7014.22387981,0.65737572,0.00060210,0.65737569
-7018.69064525,0.65119469,0.13322766,0.64952306
-7013.98642475,0.64287035,0.23251709,0.63769853
-7027.83192909,0.65755700,0.00070842,0.65755696
-7026.15726465,0.65267609,0.08305138,0.65202848
-7043.66026326,0.64627511,0.00059193,0.64627508
-7078.93624415,0.62809947,0.00292225,0.62809864
-7101.48839747,0.60907227,0.00134460,0.60907209
-7124.52735586,0.38299351,0.90278075,0.21643688
-12493.80498934,0.31979715,0.64930479,0.22499916
-14252.00636432,0.29252687,0.61993291,0.19619674
-16753.97619652,0.24517558,0.59134471,0.13143142
-16695.57940576,0.27367698,0.61249049,0.17012899
-16366.74036209,0.27010968,0.64233692,0.14972020
-16769.68794204,0.23843665,0.61934372,0.09931098
-15625.30749821,0.26041244,0.64933935,0.12713592
-17283.13378733,0.27184217,0.59397874,0.17515378
-17179.93503365,0.28474399,0.63244954,0.17910909
-17181.89249702,0.27824380,0.63855468,0.16574071
-17424.90674246,0.26348507,0.65138710,0.13208709
-38188.94180198,0.39854646,0.00036504,0.39854644
-16476.41265547,0.32592092,0.63977780,0.23681909
-17114.55885575,0.34620786,0.50922259,0.29680751
-17479.63317167,0.32716142,0.59682659,0.25179327
-17471.05484563,0.29621930,0.62887693,0.19823928
-17209.12373949,0.28180133,0.64403119,0.16912099
-16930.91520137,0.29358019,0.64258558,0.18869841
-17027.72881262,0.30129343,0.64616538,0.19907371
-16765.26797007,0.28600336,0.62773978,0.18310082
-15909.12340735,0.27276001,0.67356019,0.13719263
-15711.10383695,0.28170642,0.62653228,0.17683899
-14455.53632099,0.31583073,0.60907669,0.23303366
-14480.76070311,0.21007986,0.57064138,0.06514351
-7100.53090094,0.36480569,0.91136031,0.17702382
-7061.57888482,0.59845312,0.39143996,0.58255991
-7069.87896101,0.57380146,0.53545419,0.54233384
-7048.28602946,0.62906893,0.27092922,0.62188093
-7028.40407337,0.64117030,0.26493350,0.63442975
-7027.13050512,0.65219446,0.00059737,0.65219442
-7029.79461989,0.64617406,0.09578884,0.64530374
-7019.87643718,0.64676599,0.17981009,0.64369683
-7046.75829836,0.65250772,0.00173894,0.65250743
-7000.90898829,0.67336976,0.00950590,0.67336154
-7027.27907839,0.62490723,0.42612975,0.60684816
-7029.98509981,0.64477575,0.16620377,0.64214629
-7042.57375135,0.66552191,0.00060971,0.66552188
-7064.40135793,0.64345620,0.12342257,0.64200453
-7054.22364853,0.64519252,0.21913592,0.64061757
-7056.68378544,0.67007500,0.00061374,0.67007496
-7032.58891675,0.66740500,0.00087247,0.66740493
-7064.44106816,0.61781893,0.00056587,0.61781890
-7033.26830272,0.67899001,0.00062192,0.67898998
-7068.63907368,0.63913619,0.26616639,0.63231053
-7052.01956235,0.66156641,0.00060594,0.66156638
-7073.32803726,0.64965708,0.07646234,0.64910563
-7049.21225599,0.64741972,0.13688355,0.64564464
-7068.44534673,0.64719726,0.00075907,0.64719721
-7123.47350851,0.38853674,0.88264134,0.23564056
-7854.37645854,0.28853345,0.78039416,0.09299036
-12107.85013384,0.16883416,0.48193415,0.00728427
-12863.00274101,0.15060213,0.43029179,0.00000000
-15271.03898254,0.27214901,0.64859097,0.15010989
-15461.41288151,0.25030731,0.62688572,0.12046991
-17106.47331130,0.25548524,0.63028122,0.12887607
-16814.16107207,0.31156173,0.64963927,0.21300679
-16945.30936699,0.27547073,0.68719657,0.13429381
-154484.01093464,0.51124171,0.00046825,0.51124169
-17137.64352874,0.32658368,0.61703657,0.24498361
-20048.37105034,0.30307637,0.62848064,0.20849285
-19486.25263814,0.28956104,0.66799977,0.17083089
-20261.65797427,0.30818662,0.56323500,0.23689210
-1511462.29565219,0.69899586,0.00064022,0.69899582
-17285.87735542,0.27748506,0.66117267,0.15312469
-25006.36451193,0.28783469,0.30774769,0.26692134
-17122.22645600,0.27438702,0.61100281,0.17191857
-17247.41151517,0.28190330,0.63632620,0.17282322
-17133.74550344,0.24064423,0.61588444,0.10697535
-17215.82192029,0.23148260,0.61124722,0.08840450
-17048.44256666,0.26225094,0.61597956,0.14931605
-16696.82706100,0.25834339,0.63315269,0.13279015
-16794.84681740,0.28485350,0.56575233,0.20477364
-16348.76705426,0.28121988,0.60775677,0.18394837
-16044.13174757,0.24953078,0.57335424,0.14830902
0.00000000,0.00000000,0.00000000,0.00000000
-7140.24762408,0.56485393,0.38815098,0.54827363
-7101.13146437,0.60657905,0.47018749,0.58382900
-7069.66791422,0.66905245,0.00115066,0.66905233
-7050.40746491,0.67039892,0.00061403,0.67039888
-7056.76495939,0.61525181,0.48353417,0.59151809
-7064.11049925,0.66477078,0.00139272,0.66477060
-7060.78533045,0.66241463,0.10153516,0.66146069
-7079.94217558,0.60304160,0.57884009,0.56799193
-7064.27572890,0.65275953,0.10758527,0.65167256
-7061.44149541,0.66125316,0.00133022,0.66125300
-7068.27403391,0.66257310,0.00060687,0.66257307
-7075.39349755,0.66242739,0.01361055,0.66241026
-7075.42423314,0.65952978,0.03497978,0.65941614
-7074.83379526,0.63160434,0.27287258,0.62434186
-7063.19266907,0.66160145,0.00066291,0.66160140
-7064.27514616,0.66099222,0.00060541,0.66099219
-7062.07033976,0.65600241,0.06017439,0.65566424
-7077.72794247,0.65923565,0.00060382,0.65923562
-7073.52584416,0.65350141,0.00109583,0.65350130
-7080.42007682,0.65608853,0.00063565,0.65608849
-7051.99380453,0.65519144,0.14569228,0.65320411
-7061.12554637,0.66812886,0.00154986,0.66812864
-7063.61585055,0.61113517,0.56253804,0.57855094
-7046.34804379,0.66984724,0.00061353,0.66984720
-7047.74681141,0.64744137,0.24010983,0.64196407
-7052.57507706,0.66746718,0.01703817,0.66744054
-7053.84614905,0.66065403,0.00060511,0.66065400
-7040.79066321,0.63169325,0.43324347,0.61322355
-7055.28006601,0.65272075,0.00059819,0.65272072
-7079.87415096,0.63017331,0.28133610,0.62243275
-7052.10630479,0.65498027,0.00220866,0.65497981
-7043.90118910,0.67004891,0.00084615,0.67004885
-7055.11881353,0.65813041,0.00131737,0.65813024
-7066.46276943,0.65301861,0.00059817,0.65301858
-7061.69742201,0.65770058,0.00068099,0.65770053
-7060.72341272,0.65465042,0.00059988,0.65465039
-7043.26160739,0.63047061,0.35836814,0.61786794
-7038.16314079,0.66804523,0.00061187,0.66804520
-7065.21874023,0.65312461,0.00059821,0.65312458
-7060.67577584,0.61312977,0.50076328,0.58754536
-7039.64850365,0.64974839,0.22541413,0.64494074
-7064.49000837,0.66022080,0.00060471,0.66022076
-7050.45861955,0.66562756,0.00060966,0.66562753
-7065.75134112,0.65448889,0.06547791,0.65408753
-7073.09562187,0.63693048,0.24436755,0.63116186
-7040.18409662,0.66498006,0.00060909,0.66498003
-7070.70162569,0.65339394,0.00059847,0.65339391
-7058.16169117,0.65046454,0.15101305,0.64831359
-7083.44134963,0.60380105,0.52984761,0.57461748
-7094.73125905,0.65329633,0.00060345,0.65329629
-7123.30020157,0.62789939,0.01050244,0.62788863
-7204.14855054,0.39361249,0.84579469,0.25941884
-7574.24064293,0.31778942,0.80524997,0.14682557
-9501.63426902,0.29701884,0.77501047,0.12100266
-14664.05920964,0.30498392,0.64229241,0.20610459
-16221.82482401,0.28843768,0.65231836,0.17626738
-16279.81276848,0.27908633,0.62387187,0.17381084
-16575.30714990,0.21829739,0.59305181,0.06759600
-16946.38237107,0.25625655,0.63262872,0.12899836
-16855.05461227,0.24885858,0.58658648,0.14064259
-17045.89143987,0.23809370,0.62486581,0.09411478
-15866.84079129,0.30604659,0.67612533,0.19407266
-17041.38748111,0.25953267,0.63670408,0.13302885
-35994.05430242,0.38358699,0.00035133,0.38358697
-917668.23606780,0.64220739,0.00058821,0.64220735
-17075.06520040,0.29667350,0.60560724,0.20757420
-22682.26758185,0.24622968,0.59829999,0.12953224
-16911.64657358,0.27777188,0.64248385,0.16306746
-16814.38200598,0.28899628,0.65929982,0.17398566
-22964.63750675,0.22441682,0.58624729,0.09089218
-17035.91932907,0.31302104,0.69196918,0.19830924
-17025.61179253,0.29870907,0.66769226,0.18605113
-16819.06185474,0.28416888,0.67421642,0.15832688
-16080.65829470,0.21046999,0.58672132,0.04613007
-15163.77506842,0.26995962,0.66267476,0.13814417
-14730.98111476,0.26867153,0.67641374,0.12702869
-10987.19892538,0.30112209,0.68713326,0.18120673
-9865.34590292,0.32470671,0.59624746,0.24876564
-7126.50536608,0.55095304,0.58652889,0.51128003
-7124.16982108,0.61687217,0.26377358,0.60992471
-7067.31037343,0.67346910,0.00061684,0.67346907
-7098.67955036,0.66259644,0.00060688,0.66259640
-7076.90905341,0.67206925,0.00111148,0.67206914
-7108.35697566,0.66175341,0.00060611,0.66175337
-7110.39382908,0.65412856,0.00059914,0.65412853
-7136.96806767,0.61835087,0.27361163,0.61089036
-7150.20643938,0.65214723,0.00098195,0.65214714
-7121.12901246,0.65518776,0.00106253,0.65518766
-7118.30308599,0.65501968,0.00059994,0.65501964
-7144.64258269,0.64381390,0.00058968,0.64381387
-7141.45127498,0.60165402,0.54001025,0.57119629
-7182.62507740,0.62639030,0.22584375,0.62138285
-7170.44564366,0.64435516,0.00059018,0.64435513
-7148.53590692,0.64646753,0.00059212,0.64646750
-7158.93469378,0.62395563,0.31048505,0.61441965
-7150.66520835,0.62388492,0.40528541,0.60754506
-7132.07180026,0.63875634,0.23550239,0.63341585
-7154.40171221,0.64574842,0.00072428,0.64574837
-7140.21789973,0.66171060,0.00060608,0.66171057
-7156.70070630,0.64930014,0.09839443,0.64838622
-7196.62130615,0.63421172,0.00125801,0.63421156
-7167.44418667,0.62944932,0.00074024,0.62944927
-7198.49035817,0.44299344,0.88643136,0.31620803
-13193.45119562,0.16817176,0.48049075,0.00000001
-9565.25380866,0.23131779,0.65855918,0.01948449
-15217.89877775,0.28175458,0.66633442,0.15809951
-15042.06012347,0.20187804,0.57023868,0.03035049
-18437.44855499,0.17407660,0.49495676,0.01709803
-17087.65501765,0.32509879,0.58100572,0.25364776
-17296.09424227,0.28745961,0.67101369,0.16575963
-16968.98192997,0.25375249,0.65747451,0.10694351
-16986.77326108,0.29276408,0.64952545,0.18447250
-16973.70337814,0.28233289,0.65123761,0.16660833
-17198.04555938,0.27669387,0.67419766,0.14449236
-17015.47470680,0.30418625,0.59490754,0.22175367
-17010.45968216,0.28915483,0.63295657,0.18583017
-16948.05708156,0.27082183,0.65533294,0.14399813
-17096.76159038,0.28539375,0.63978116,0.17694039
-17185.86988820,0.29865650,0.61389745,0.20743462
-17007.71783994,0.26045791,0.65239538,0.12529927
-16955.72364352,0.25489434,0.63637548,0.12394288
-16893.59985448,0.30978603,0.60846923,0.22497472
-17266.57697708,0.26134263,0.62421954,0.14341492
-15183.10250319,0.28591558,0.64380628,0.17599182
-16312.41493589,0.25885797,0.60679933,0.14799420
-16342.77966824,0.28559941,0.59898698,0.19394796
-17039.03486861,0.25487853,0.58955436,0.14961686
-11050.35382741,0.36650342,0.62279850,0.29463487
-7781.68318949,0.34131964,0.77008016,0.20941281
-7165.03653317,0.61902756,0.18417691,0.61566207
-7099.18997965,0.66856569,0.00061237,0.66856566
-7131.43751951,0.65767296,0.00077021,0.65767290
-7136.31015260,0.65874448,0.00060360,0.65874445
-7134.44368174,0.63272530,0.35733112,0.62024175
-7137.75377066,0.63258751,0.25724047,0.62614760
-7121.17353167,0.65953985,0.00083560,0.65953979
-7109.39550941,0.65755875,0.16285888,0.65508353
-7156.98411340,0.64484684,0.00059063,0.64484681
-7118.34167128,0.66592446,0.00060994,0.66592442
-7142.58166927,0.62449074,0.31852240,0.61445932
-7131.86382199,0.61779597,0.38186274,0.60316582
-7144.38563625,0.65622817,0.00073835,0.65622812
-7128.13058329,0.64995815,0.00089682,0.64995808
-7105.11909175,0.66689592,0.00061085,0.66689589
-7117.35974500,0.65320326,0.00059828,0.65320322
-7102.31927459,0.66649346,0.00061046,0.66649342
-7111.31013920,0.65054842,0.00059585,0.65054838
-7111.32756765,0.66518747,0.00060926,0.66518744
-7108.56455994,0.65906526,0.00060366,0.65906523
-7115.06212815,0.63331264,0.34029274,0.62201247
-7113.93805967,0.65806775,0.00060274,0.65806772
-7117.42676548,0.65855059,0.00060827,0.65855056
-7099.63284557,0.65904027,0.00060363,0.65904024
-7140.13295196,0.62677504,0.23477052,0.62136551
-7131.57518070,0.62790935,0.21894516,0.62321575
-7164.02216269,0.63225865,0.17683588,0.62922199
-7130.60085670,0.65273395,0.03302249,0.65263161
-7098.50787735,0.66179008,0.03565670,0.66167240
-7091.87477293,0.66493591,0.00060903,0.66493587
-7091.69333665,0.65319745,0.21758756,0.64874281
-7091.99888195,0.65943965,0.17818717,0.65648397
-7102.08873328,0.66792321,0.00061197,0.66792318
-7131.89690010,0.64200587,0.09900527,0.64107003
-7103.42927164,0.66186298,0.00060644,0.66186295
-7120.85186685,0.65992775,0.00098957,0.65992765
-7091.28000554,0.66818407,0.01961566,0.66814880
-7122.29899180,0.65758163,0.00060230,0.65758160
-7098.93533609,0.66339358,0.00060762,0.66339354
-7071.34730768,0.64593055,0.36165106,0.63340691
-7079.48930381,0.65461693,0.20093785,0.65082813
-7106.65120195,0.65940305,0.00062826,0.65940301
-7115.94639209,0.65996821,0.00060449,0.65996818
-7114.79958568,0.60941875,0.57626795,0.57507463
-7106.03081576,0.66006826,0.00060722,0.66006823
-7109.74920669,0.65583414,0.00060069,0.65583411
-7112.19748799,0.66422392,0.00106060,0.66422381
-7084.15850784,0.66233301,0.09755141,0.66145239
-7115.31175359,0.64434375,0.00059016,0.64434372
-7094.08971474,0.66392972,0.00060811,0.66392968
-7124.33530838,0.58259482,0.38937939,0.56643069
-11947.41321225,0.40778584,0.21613602,0.40070778
-15492.47777003,0.24286896,0.60019201,0.12188971
-13908.22064390,0.30766330,0.67604568,0.19664582
-16399.87832052,0.26389584,0.65253850,0.13221088
-16395.31176318,0.26842317,0.64816750,0.14347878
-17307.54583552,0.23916449,0.60266276,0.11272691
-17051.02716589,0.24404132,0.62604103,0.10744795
-16433.30260637,0.28097608,0.67350954,0.15290425
-16826.63157383,0.24884214,0.64640483,0.10362001
-16732.28114175,0.29326491,0.65135697,0.18447692
-16850.64510981,0.28573890,0.65391612,0.17107002
-16899.61991854,0.30693797,0.63048497,0.21334429
-16837.62541316,0.31397561,0.59498735,0.23497758
-16805.75371978,0.27703724,0.66786804,0.14869024
-17020.36656104,0.28358751,0.64779053,0.17034344
-17240.70759914,0.24259750,0.64699772,0.08703050
-17059.72590951,0.28973326,0.61608999,0.19351594
-17053.58665288,0.24978170,0.63613031,0.11322469
-16832.15734313,0.25540236,0.64734465,0.11788179
-17016.04052212,0.29384316,0.58786907,0.20978327
-16455.28187808,0.27686298,0.64565633,0.15995712
-15990.70500961,0.25677832,0.65279303,0.11718836
-15092.12830176,0.24572825,0.66054607,0.08326485
-13852.58312850,0.21536833,0.60715493,0.03500673
-7114.05298188,0.33952030,0.91498710,0.11276908
-7123.23765090,0.56588473,0.73804455,0.50348642
-7077.59199313,0.66784894,0.00130257,0.66784879
-7112.64803544,0.66137288,0.00061342,0.66137284
-7090.82040048,0.66970083,0.00105836,0.66970073
-7100.22283330,0.65747467,0.00060222,0.65747463
-7150.39394219,0.60028018,0.53625999,0.57018277
-7109.35490891,0.66168336,0.00064093,0.66168332
-7137.67153191,0.66182259,0.00060623,0.66182256
-7129.97334462,0.66353918,0.00065075,0.66353914
-7116.67900374,0.67559289,0.00083438,0.67559283
-7158.64889041,0.60974383,0.46797712,0.58733272
-7126.79913790,0.62585653,0.39388684,0.61048416
-7126.11008460,0.63906727,0.21386506,0.63466845
-7109.85874573,0.64169374,0.53751970,0.61349592
-7138.11270135,0.65677785,0.04281525,0.65660687
-7134.66573179,0.66190570,0.00060625,0.66190566
-7171.53274699,0.66462613,0.00060892,0.66462609
-7145.98420267,0.64231830,0.16898731,0.63958940
-7139.98799856,0.65605923,0.09030858,0.65529737
-7150.80731176,0.61007837,0.46519712,0.58795033
-7162.18979976,0.64668687,0.11438776,0.64544640
-7161.46560847,0.65490145,0.00059984,0.65490142
-7173.29623461,0.62353187,0.31582918,0.61365533
-7175.63777937,0.62578199,0.20215096,0.62176935
-7212.92433401,0.62309556,0.00057070,0.62309552
-7258.35690461,0.51744368,0.76850712,0.44203967
-7249.53625307,0.39252419,0.87815685,0.24414792
-7856.58440186,0.26819718,0.75684221,0.04195816
-15489.61872092,0.16373531,0.46781517,0.00000000
-14299.54776067,0.25269003,0.63998542,0.11695529
-16837.08818349,0.24073408,0.61656900,0.10669408
-15495.40398883,0.25843068,0.63886628,0.12956861
-16800.77866666,0.24839262,0.64832942,0.10103634
-16953.61880289,0.26363582,0.64602493,0.13556802
-17131.59136936,0.27279966,0.66830059,0.14038521
-16905.15116978,0.24387549,0.63530605,0.10016269
-17024.86396770,0.26212872,0.64786458,0.13150940
-17041.47507630,0.27787416,0.64169647,0.16362056
-17055.75670267,0.29286602,0.61940697,0.19690491
-16777.27617137,0.25541879,0.65051937,0.11575735
-16770.54992704,0.27172564,0.65591378,0.14537028
-17080.26191462,0.29057268,0.64501109,0.18294170
-17160.38211274,0.28794630,0.63158852,0.18451918
-17059.49370080,0.28337469,0.67331177,0.15737216
-17312.86306020,0.25853550,0.65864175,0.11704276
-16119.18588391,0.29210426,0.64971483,0.18334136
-16818.14995772,0.25108035,0.65291508,0.10401838
-16606.80939583,0.23265921,0.61517543,0.08815504
-16766.89127347,0.24403769,0.62147459,0.11063969
-14136.69039256,0.17546427,0.49609106,0.02529193
-13530.13687418,0.26581496,0.65928021,0.13195802
-7108.82857714,0.66219722,0.00071318,0.66219717
-7162.97587848,0.64055911,0.00058675,0.64055908
-7140.49832910,0.64222206,0.23997958,0.63670588
-7177.27838265,0.61506955,0.42166667,0.59710109
-7128.45838845,0.66573653,0.00060976,0.66573650
-7138.98070169,0.66193423,0.01275166,0.66191918
-7147.68293579,0.64828760,0.08705017,0.64757127
-7154.00341457,0.65556079,0.00060045,0.65556076
-7145.16723790,0.65229203,0.14001519,0.65044859
-7150.33211777,0.63409922,0.22263521,0.62929320
-7149.48491274,0.65715496,0.00060190,0.65715493
-7143.88584071,0.65715917,0.00060192,0.65715914
-7145.12947342,0.65506691,0.00062892,0.65506688
-7154.00578549,0.65805680,0.00071672,0.65805675
-7148.37388133,0.63492622,0.29139486,0.62668150
-7178.51385535,0.62053364,0.30168134,0.61148432
-7146.80934462,0.65888072,0.00084926,0.65888066
-7180.61753211,0.63354594,0.18140626,0.63035640
-7151.75025175,0.65188833,0.08856859,0.65115087
-7125.56958928,0.66474428,0.00066580,0.66474424
-7186.64286355,0.65798294,0.00060266,0.65798291
-7154.75517874,0.65576528,0.03215117,0.65566872
-7175.97111497,0.63477149,0.22813431,0.62972954
-7133.75383667,0.65301584,0.20240140,0.64916200
-7132.66601043,0.65821425,0.00084309,0.65821419
-7148.41111336,0.63235714,0.35089600,0.62031635
-7195.03021336,0.60533842,0.35846415,0.59219403
-7150.84583456,0.65548704,0.00060040,0.65548701
-7145.03073158,0.65213811,0.00059731,0.65213807
-7147.93741721,0.64708105,0.00059268,0.64708101
-7130.73621588,0.65898810,0.00060358,0.65898806
-7152.67709710,0.64474865,0.10161856,0.64376692
-7189.68495961,0.60118595,0.45301033,0.57990111
-7130.30995015,0.66322505,0.00060746,0.66322501
-7144.33942936,0.65222589,0.05952417,0.65189308
-7155.67712134,0.61530229,0.39845187,0.59928986
-7141.18248960,0.61823518,0.38128574,0.60366036
-7152.03215286,0.61677410,0.29427476,0.60811354
-7127.45137215,0.60718762,0.54769052,0.57613463
-7127.10275594,0.63006540,0.29677164,0.62144462
-7153.34424032,0.65234983,0.00065802,0.65234979
-7106.60735074,0.67165632,0.05813057,0.67134810
-7140.23780582,0.64640724,0.00059206,0.64640720
-7173.30493258,0.61704554,0.24706898,0.61095615
-7118.40247181,0.65548324,0.00061169,0.65548321
-7124.27899081,0.66705365,0.00061097,0.66705361
-7138.33897664,0.65495453,0.00097506,0.65495445
-7142.21484841,0.65036240,0.04001794,0.65021156
-7127.55039272,0.65452289,0.00108466,0.65452278
-7128.33035384,0.63175226,0.24413171,0.62594719
-7145.05419464,0.61649011,0.46408412,0.59470727
-7154.11354308,0.59841844,0.48181133,0.57416653
-7380.94810872,0.32907609,0.88401114,0.11207274
-10128.80939578,0.23026468,0.61589270,0.08096083
-13622.81324987,0.16094841,0.45825304,0.01341259
-16302.30251277,0.24241618,0.61426837,0.11199649
-15945.19764660,0.25653790,0.65323170,0.11635943
-15122.66667213,0.25624310,0.66799319,0.10487708
-17395.01647289,0.26984806,0.67200937,0.13227771
-17107.98176052,0.27467217,0.68389928,0.13471940
-16876.20067653,0.30620252,0.64459149,0.20703008
-16890.42789642,0.27239472,0.64772847,0.15100908
-17497.85081658,0.24557891,0.63820996,0.10204550
-17160.97682473,0.29113948,0.62799445,0.19092148
-17138.39758319,0.27929217,0.65129557,0.16137330
-16917.37043850,0.29161751,0.64561791,0.18433669
-17006.46914452,0.25500579,0.65450822,0.11203250
-16977.31369148,0.25674136,0.62641881,0.13359288
-16966.05006124,0.25886169,0.63771790,0.13111282
-14957.67115746,0.31898104,0.69792816,0.20513094
-16367.17584460,0.25017650,0.67179440,0.08545808
-16068.88324033,0.24479139,0.65616475,0.08473595
-16042.93411844,0.26350727,0.65214874,0.13167034
-15693.28702738,0.27103429,0.64744419,0.14869279
-15080.18624763,0.22110243,0.59658819,0.07270760
-10948.17395731,0.21877988,0.58650231,0.07567349
-7106.19048258,0.66028263,0.03646128,0.66015929
-7139.27649936,0.65231787,0.00062549,0.65231783
-7138.36265742,0.62567706,0.30436058,0.61654193
-7133.88489424,0.65772611,0.00076382,0.65772606
-7111.85875317,0.66892567,0.00061269,0.66892563
-7152.90953433,0.64487535,0.06559250,0.64446659
-7148.58294279,0.62052667,0.36478583,0.60724990
-7158.37687520,0.65357541,0.00129859,0.65357525
-7164.01805295,0.63667767,0.07350232,0.63615771
-7162.19360264,0.62647355,0.28478644,0.61849329
-7167.61698341,0.60719144,0.50845974,0.58052679
-7152.83824290,0.65376103,0.00059879,0.65376100
-7132.93778203,0.64462203,0.33690242,0.63374554
-7153.24621994,0.65404931,0.00059906,0.65404928
-7130.16685495,0.67093222,0.14468895,0.66901833
-7152.57080760,0.64271508,0.33271304,0.63207767
-7157.87507299,0.64539405,0.10956564,0.64425377
-7159.40836933,0.65726583,0.02525230,0.65720640
-7170.01968737,0.64757263,0.00059312,0.64757260
-7197.53484353,0.64323578,0.00058916,0.64323575
-7152.65480689,0.66251614,0.00060681,0.66251611
-7172.83156646,0.63020025,0.43290025,0.61171524
-7178.36770348,0.65457176,0.00092430,0.65457168
-7212.95065213,0.61976581,0.35115595,0.60745710
-7181.77475688,0.65531040,0.00086512,0.65531033
-7162.92907679,0.66162803,0.07141629,0.66115570
-7181.23983225,0.65558581,0.00175960,0.65558552
-7165.22508469,0.65741650,0.00060381,0.65741646
-7187.12194893,0.65033691,0.00059565,0.65033688
-7127.94275524,0.63690826,0.19821148,0.63311877
-10763.66310278,0.26276991,0.71299132,0.08230638
-15762.98717460,0.15965903,0.45616861,0.00006918
-15916.37070542,0.24658747,0.64778161,0.09696292
-15973.26621451,0.25429160,0.65061844,0.11317878
-16754.32012529,0.23758534,0.63044239,0.08808085
-16669.75052780,0.27489342,0.68065155,0.13716338
-16840.81222660,0.29326251,0.65678932,0.18209833
-17260.70704691,0.26970770,0.65371738,0.14280163
-17443.68865817,0.27242860,0.64632431,0.15180510
-17079.51887185,0.24883536,0.65506850,0.09670821
-16798.76204203,0.26508789,0.66168082,0.12899013
-17075.07886893,0.26445901,0.67328151,0.12003473
-16936.55825922,0.28240064,0.67289759,0.15583070
-16835.40474304,0.30219373,0.66421229,0.19307188
-16913.31390318,0.27534601,0.66651328,0.14627382
-17329.84639447,0.27692102,0.67570386,0.14406502
-14912.84005012,0.27181779,0.65165689,0.14786637
-15844.49703861,0.25282084,0.65000124,0.11028113
-16019.67160098,0.23661454,0.61900386,0.09512430
-15963.85667871,0.25451536,0.60885386,0.13916517
-13096.93008056,0.17957302,0.51264990,0.00722879
-7459.74167171,0.53520595,0.50322922,0.50539445
-7116.90600791,0.66652266,0.00061048,0.66652262
-7125.53676295,0.62442533,0.47708464,0.60168497
-7112.85391646,0.66549781,0.00060955,0.66549777
-7122.82157942,0.64312410,0.26177520,0.63656433
-7145.54527331,0.64288611,0.18212887,0.63971799
-7170.72979213,0.63037087,0.22002241,0.62564944
-7124.38592132,0.62804214,0.45528641,0.60749027
-7135.14788770,0.59887591,0.62863665,0.55699399
-7116.28594304,0.64567881,0.21097646,0.64144253
-7134.98949744,0.64624375,0.11464018,0.64499693
-7128.33522332,0.62301093,0.37224854,0.60923552
-7176.13785285,0.62584606,0.27331372,0.61849211
-7136.90204625,0.65633837,0.00115069,0.65633824
-7111.49139934,0.67288006,0.00061637,0.67288002
-7143.18794095,0.61866358,0.49945718,0.59345268
-7119.64786071,0.61823200,0.46159483,0.59674933
-7111.74092098,0.67287033,0.00063319,0.67287029
-7100.55706775,0.66291097,0.00060717,0.66291093
-7127.39600711,0.61370521,0.46169326,0.59204890
-7123.16349291,0.63514737,0.26240317,0.62847227
-7111.66118081,0.66412515,0.00060829,0.66412512
-7126.27305494,0.62003420,0.40142930,0.60390569
-7103.42568033,0.66655896,0.00061052,0.66655892
-7070.38968914,0.68184341,0.00062453,0.68184337
-7110.64537829,0.65359865,0.12354176,0.65216680
-7107.42926525,0.65711342,0.00060187,0.65711339
-7096.23614465,0.65632900,0.00092610,0.65632892
-7099.80095395,0.65647449,0.00060137,0.65647445
-7089.02254014,0.66484166,0.00063732,0.66484163
-7097.80788388,0.63829998,0.29735488,0.62975823
-7102.99031623,0.62926466,0.32205052,0.61908702
-7119.23116140,0.65282890,0.00109787,0.65282878
-7082.14868357,0.64537610,0.25157534,0.63934128
-7108.74829914,0.62937665,0.24196479,0.62365292
-7112.09089672,0.63410202,0.25135441,0.62796970
-7086.04941909,0.65578647,0.09294074,0.65497920
-7090.45267160,0.63921211,0.28143258,0.63157707
-7057.79538480,0.67551887,0.00061872,0.67551884
-7081.34017001,0.65900526,0.00074372,0.65900521
-7109.39307409,0.64995535,0.08729947,0.64923675
-7095.67561901,0.61794661,0.47824048,0.59484498
-7118.14211502,0.56758152,0.77582079,0.49841377
-7096.35359132,0.65971590,0.00060426,0.65971586
-7109.57147319,0.59885286,0.60909349,0.55962298
-7079.69170108,0.67177197,0.00061530,0.67177194
-7096.40565512,0.65044708,0.10264998,0.64945409
-7096.25128913,0.65726082,0.00064235,0.65726078
-7092.22779386,0.64368276,0.21831095,0.63913159
-7082.76114525,0.66940237,0.00061313,0.66940233
-7113.78393320,0.65811266,0.00060342,0.65811263
-7115.51473285,0.65358413,0.00169947,0.65358386
-7064.86177292,0.67160035,0.00061513,0.67160032
-7114.26103308,0.62311309,0.39455899,0.60761790
0.00000000,0.00000000,0.00000000,0.00000000
-9097.59160054,0.33396229,0.81648428,0.17281957
-14773.27291514,0.29528286,0.66428510,0.18203247
-15557.75726880,0.30683855,0.62579723,0.21488643
-14749.54036929,0.27960220,0.65808464,0.15851073
-18054.12388419,0.16032461,0.45535070,0.01744448
-18003.22711102,0.28758928,0.61945938,0.18894622
-17264.25085991,0.32718237,0.62587500,0.24302811
-17167.04886147,0.32568437,0.59820403,0.24946727
-17241.84850260,0.31558334,0.60886186,0.23276712
-16980.41949778,0.25901349,0.64697224,0.12574891
-16036.58223090,0.32069786,0.59066719,0.24517008
-17044.75871497,0.25670136,0.65996399,0.11198398
-16920.84392948,0.27544953,0.67983324,0.13876680
-16883.11856460,0.28544167,0.64313791,0.17552127
-16593.45053522,0.28784733,0.65890810,0.17225417
-16531.24217634,0.28625530,0.65070294,0.17341811
-16299.94546959,0.24670435,0.62972839,0.11083637
-15788.98965250,0.21995413,0.60738464,0.05645882
-15084.72820936,0.26633392,0.67542860,0.12267353
-14781.80968063,0.19974913,0.56564365,0.02656130
-7064.64969610,0.64732114,0.16743807,0.64466294
-7121.89252024,0.62261881,0.41384511,0.60553602
-7113.95121569,0.66978851,0.00065410,0.66978847
-7139.21971796,0.63823039,0.13023458,0.63660058
-7121.56821803,0.63284371,0.28424687,0.62497489
-7109.23208356,0.66913658,0.00061288,0.66913655
-7114.32847665,0.66256775,0.03492033,0.66245501
-7130.82398019,0.57047734,0.83681582,0.48955332
-7111.87921511,0.66836730,0.00061217,0.66836727
-7102.26147850,0.65859112,0.17628686,0.65569454
-7119.54755347,0.64641227,0.18649570,0.64310823
-7127.86770318,0.67025236,0.00061390,0.67025233
-7155.07050585,0.63760651,0.22540578,0.63270697
-7118.19716834,0.67361397,0.00064351,0.67361393
-7138.12312064,0.66190787,0.02448773,0.66185238
-7126.93900007,0.66168150,0.00060605,0.66168146
-7164.66859341,0.55863456,0.85038868,0.47274238
-7165.12729020,0.66033328,0.00060481,0.66033325
-7132.58542060,0.66294777,0.00060721,0.66294773
-7145.57292631,0.66049120,0.00060496,0.66049117
-7192.88930275,0.63370788,0.15203692,0.63146977
-7133.48692426,0.66629957,0.00061028,0.66629954
-7149.55289675,0.66379606,0.00062541,0.66379602
-7130.65483597,0.66272994,0.17108248,0.66001931
-7190.35129748,0.60733064,0.35242362,0.59467278
-7171.34425807,0.65547520,0.00060036,0.65547517
-7178.85038141,0.64378527,0.14879186,0.64167550
-7144.23271699,0.65884783,0.00060345,0.65884779
-7143.07037484,0.65605479,0.00060091,0.65605475
-7150.44134608,0.65579893,0.00060068,0.65579890
-7133.53644666,0.63020578,0.47000318,0.60835739
-7152.48955027,0.62640726,0.27678419,0.61887106
-7194.02303143,0.56911110,0.60737019,0.52791796
-15164.81744780,0.23772677,0.63408021,0.08521707
-14694.88225211,0.20058735,0.56539322,0.03279898
-16031.79195272,0.18060191,0.50736618,0.03290968
-16847.10489082,0.22637838,0.61733041,0.06754856
-16833.82739257,0.26573478,0.63278154,0.14684837
-17151.49958339,0.27222337,0.60527549,0.17095806
-16474.93626298,0.24089618,0.63731292,0.09096933
-16094.83593505,0.25382195,0.65288956,0.11049048
-16364.61210351,0.25052444,0.63161789,0.11786519
-16094.39987481,0.24947482,0.65336698,0.09971890
-16618.87967672,0.24343814,0.63725377,0.09754904
-16782.11858090,0.27450589,0.67478842,0.13990857
-16782.64755446,0.27319972,0.64863847,0.15198168
-17356.84585857,0.25523903,0.66323000,0.10612442
-16909.35295152,0.28730737,0.64330843,0.17846407
-16591.44134708,0.30401411,0.63742437,0.20652270
-15817.42032847,0.23645504,0.63363853,0.08202138
-14265.10076944,0.30907649,0.62039429,0.21995310
-8899.31158033,0.28363585,0.74427295,0.11221128
-7417.23459514,0.61007470,0.00202527,0.61007429
-7342.48935293,0.60476924,0.00055395,0.60476921
-7139.81108748,0.66313342,0.00060737,0.66313338
-7137.41902110,0.65539934,0.00114070,0.65539922
-7116.19653058,0.61614500,0.54986609,0.58531740
-7130.63413436,0.65467081,0.00068289,0.65467077
-7116.71039253,0.66039630,0.00060491,0.66039627
-7132.29045844,0.63803377,0.21738128,0.63348118
-7128.27068032,0.63372791,0.34124109,0.62237167
-7132.02382090,0.65741930,0.00060215,0.65741927
-7108.10795329,0.67157058,0.00061511,0.67157054
-7133.58740741,0.62941046,0.32755709,0.61888129
-7108.87692969,0.67143538,0.00061847,0.67143534
-7105.69125609,0.66532310,0.00105665,0.66532300
-7117.65108921,0.66256616,0.00060686,0.66256613
-7144.26856013,0.63364776,0.21671882,0.62909143
-7129.00189900,0.61733319,0.49217851,0.59281186
-7123.96882082,0.65971778,0.00122962,0.65971764
-7113.62736975,0.66363922,0.00060785,0.66363919
-7131.57857258,0.63830012,0.21497023,0.63385018
-7122.46518275,0.65493383,0.00060018,0.65493380
-7100.61843420,0.67178097,0.00061530,0.67178093
-7113.26762119,0.66382708,0.00060801,0.66382705
-7140.19143833,0.65595181,0.00060080,0.65595178
-7123.69123918,0.66302089,0.00115434,0.66302076
-7135.90311857,0.57651977,0.76386437,0.51078143
-7118.14298121,0.65412036,0.13688675,0.65236343
-7104.36103852,0.66292358,0.00060725,0.66292355
-7107.31083305,0.65230130,0.20015150,0.64852876
-7111.86047499,0.58271128,0.75355307,0.51960732
-7100.42230795,0.66630050,0.00061028,0.66630046
-7107.20359412,0.65634975,0.00060116,0.65634972
-7114.48799788,0.66734326,0.00989450,0.66733427
-7102.92467970,0.63079899,0.38009489,0.61661132
-7108.34448482,0.66120075,0.00060561,0.66120072
-7130.70560756,0.65971388,0.00060425,0.65971385
-7128.70834579,0.65194018,0.09529739,0.65108640
-7110.51797270,0.62640039,0.44578249,0.60665806
-7112.19342925,0.66082753,0.00060526,0.66082750
-7106.49136895,0.63926329,0.31916840,0.62942725
-7118.76777943,0.65220653,0.05928944,0.65187633
-7099.77013875,0.66943658,0.00063292,0.66943655
-7105.77396335,0.66213663,0.05889160,0.66181573
-7113.87664653,0.66585740,0.00060989,0.66585737
-7141.57204636,0.64668631,0.15244040,0.64448159
-7134.81955952,0.66720474,0.00120753,0.66720461
-7132.41676280,0.63529594,0.30745598,0.62611589
-7123.25303616,0.66434994,0.00066142,0.66434990
-7134.36339176,0.65545257,0.00103826,0.65545247
-7119.80871596,0.65935294,0.00060391,0.65935290
-7133.25066325,0.64245326,0.21285297,0.63811924
-7124.31562475,0.66272543,0.05109644,0.66248408
-7143.21851611,0.65607055,0.00063152,0.65607051
-7126.93598688,0.65942569,0.00075032,0.65942564
-7191.42753677,0.63331936,0.04933378,0.63308394
-7481.58548073,0.56405994,0.13775551,0.56199554
-8120.22987165,0.41160545,0.64529571,0.34410645
0.00000000,0.00000000,0.00000000,0.00000000
-13770.38783316,0.36508715,0.54989734,0.31023573
-13465.77361416,0.27230710,0.67754594,0.13384793
-16572.99637306,0.27122827,0.67033321,0.13608752
-16426.84396555,0.30902185,0.63818853,0.21354657
-16306.47107112,0.31346519,0.64640264,0.21696882
-16210.54325106,0.27793460,0.67349433,0.14724911
-16296.54470165,0.27429550,0.68986524,0.13014818
-16070.79037057,0.29970064,0.67018722,0.18654620
-16803.20359260,0.22422502,0.61215574,0.06612008
-15740.92357455,0.27518643,0.68275630,0.13646773
-16043.43324601,0.24704509,0.66193911,0.08576866
-15866.18401151,0.29839276,0.61104041,0.20808741
-16284.38612565,0.23166927,0.61905999,0.08200201
-17096.99725025,0.22610739,0.60054617,0.08333203
-16348.47513121,0.25909232,0.64328843,0.12820248
-16258.29445385,0.23923589,0.61477897,0.10456838
-13746.11319576,0.25019256,0.63190852,0.11696598
-12874.73343865,0.29670560,0.66178903,0.18542798
-12860.05156790,0.30820098,0.57670077,0.23290842
-7125.90570028,0.67056749,0.00062871,0.67056745
-7146.11630563,0.65910451,0.00060369,0.65910448
-7168.70238859,0.58292275,0.75687394,0.51925312
-7138.73642863,0.67743655,0.02987779,0.67735584
-7149.09660179,0.59295529,0.69145827,0.54131963
-7149.23860313,0.63140598,0.33240754,0.62059479
-7152.53242293,0.65556940,0.10579365,0.65452287
-7159.00572897,0.66523354,0.00060932,0.66523351
-7136.80004601,0.67306455,0.00061649,0.67306451
-7182.94406917,0.65239290,0.07727779,0.65183199
-7167.33905868,0.65529144,0.00060020,0.65529140
-7184.69248904,0.65694094,0.00060176,0.65694090
-7186.50892745,0.65038882,0.10298267,0.64938930
-7186.86777179,0.63519275,0.30399810,0.62621802
-7177.20374273,0.66099685,0.00062394,0.66099681
-7179.42342235,0.65682756,0.00060160,0.65682753
-7177.58408847,0.66120356,0.00060561,0.66120352
-7201.54968756,0.65179426,0.05979742,0.65145816
-7196.27950506,0.66166136,0.00079274,0.66166130
-7196.19860817,0.66533538,0.00060942,0.66533534
-7192.22957408,0.65353016,0.00059859,0.65353013
-7193.17847227,0.65535142,0.00060025,0.65535139
-7204.37261850,0.65011404,0.00059545,0.65011401
-7224.29597214,0.65160331,0.00059907,0.65160328
-7200.66529881,0.66544432,0.00061060,0.66544428
-7197.45925509,0.66723436,0.00061116,0.66723433
-7187.13316208,0.66254626,0.10848283,0.66145741
-7201.51023219,0.65704732,0.00060180,0.65704729
-7198.01093419,0.66361858,0.00060785,0.66361854
-7226.95504904,0.63604612,0.18011361,0.63291441
-7173.65749356,0.66848600,0.05347884,0.66822390
-7200.95074725,0.63804882,0.12675205,0.63650467
-7199.17290463,0.64439744,0.14291457,0.64245315
-7140.93394809,0.65874349,0.00060469,0.65874345
-10356.00909923,0.25682093,0.68272212,0.09412002
-14005.72935042,0.26328874,0.65614660,0.12876815
-14939.06915945,0.21413418,0.59132130,0.05495443
-15819.38454326,0.19877151,0.55477600,0.04251473
-15158.16435621,0.32650669,0.59357299,0.25188555
-14629.62116241,0.32009123,0.58481942,0.24609289
-16296.17813864,0.35505247,0.43075776,0.32145312
-15645.31512898,0.34931585,0.54016198,0.29373309
-16024.67209523,0.27927990,0.70222679,0.13262640
-16011.02233909,0.27531021,0.67020774,0.14412272
-16612.24386426,0.28369097,0.66101014,0.16418314
-16224.77044803,0.30776951,0.61226085,0.22091019
-16646.55632748,0.32076441,0.55425062,0.25545758
-15747.68094125,0.30727925,0.62913377,0.21432195
-13937.72864108,0.26314924,0.61387509,0.15193519
-7247.57945110,0.34968988,0.92555102,0.13169676
-7432.65307588,0.56634686,0.00073116,0.56634681
-7173.27907072,0.63947030,0.28125403,0.63184812
-7173.67905510,0.65642377,0.04062881,0.65626973
-7165.95845356,0.65911808,0.00060370,0.65911804
-7185.99933001,0.62354153,0.36349001,0.61042504
-7173.99859326,0.65967464,0.00116207,0.65967452
-7206.55170030,0.61422621,0.40920051,0.59729542
-7167.63894794,0.66169539,0.00420430,0.66169376
-7160.71802767,0.66856170,0.00061236,0.66856167
-7177.49433488,0.58100443,0.75871459,0.51676812
-7185.72073553,0.64802048,0.12559064,0.64652792
-7196.46148503,0.65325408,0.00117392,0.65325395
-7170.12016073,0.63057389,0.37008750,0.61712660
-7181.89688352,0.63206726,0.36793970,0.61880935
-7191.34299153,0.64148730,0.19778665,0.63774118
-7171.23214241,0.64497681,0.29354679,0.63674115
-7170.02951639,0.66878696,0.00061256,0.66878693
-7171.96975373,0.66446862,0.00060861,0.66446858
-7155.67860764,0.67089063,0.00155182,0.67089041
-7164.77552213,0.66139343,0.05603204,0.66110262
-7178.48402463,0.63335135,0.25961542,0.62679934
-7169.38372744,0.62444886,0.47056967,0.60233752
-7177.16204175,0.62251445,0.38819976,0.60750606
-7164.45505906,0.65491588,0.08296050,0.65427189
-7160.22699559,0.67084111,0.00061654,0.67084108
-7173.26416874,0.65344083,0.00059850,0.65344080
-7166.78673947,0.65961139,0.03909765,0.65946943
-7170.45225383,0.65833340,0.04346841,0.65815758
-7181.45474320,0.65617236,0.00063325,0.65617233
-7158.01064688,0.66190399,0.09740458,0.66102546
-7175.16447504,0.64334944,0.20055106,0.63950876
-7177.90011289,0.63806529,0.23222339,0.63286742
-7166.03056441,0.66001189,0.00120482,0.66001176
-7200.97166293,0.59308770,0.66425620,0.54562036
-7161.22764166,0.65390022,0.00059892,0.65390019
-7155.61519439,0.66691279,0.00061085,0.66691275
-7191.56367176,0.65206324,0.04315320,0.65188830
-7171.07367272,0.60764493,0.58254722,0.57241646
-7162.88324663,0.66550562,0.00166404,0.66550537
-7180.11675995,0.62220513,0.37099775,0.60850506
-7157.16136680,0.67158042,0.00061525,0.67158039
-7159.88856794,0.65816297,0.13031059,0.65658079
-7189.87590750,0.61809191,0.41956483,0.60039434
-7180.51239703,0.63255939,0.31740215,0.62272806
-7151.23923689,0.68032227,0.00062463,0.68032224
-7170.69250671,0.66615949,0.00084075,0.66615942
-7190.80508120,0.58836838,0.75222655,0.52617617
-7180.89297352,0.65844070,0.00060858,0.65844067
-7180.25661329,0.64816326,0.00059366,0.64816323
-7190.56725979,0.62434000,0.37682401,0.61025067
-7179.72097245,0.64780891,0.23237669,0.64268306
-7194.14559569,0.63132901,0.31228086,0.62179595
-7171.52687319,0.60629836,0.62752192,0.56511874
-7166.75735296,0.66852361,0.01437848,0.66850467
-7190.19733646,0.65952311,0.00060407,0.65952307
-7190.22892876,0.65320381,0.00059830,0.65320378
-7201.64302963,0.64521025,0.10006960,0.64425892
-7194.07477292,0.64476085,0.11630846,0.64347449
-7381.56789192,0.52119015,0.51409030,0.48914598
-7829.75201280,0.45256860,0.52531674,0.41353782
-11171.57066021,0.31530912,0.65309575,0.21718521
-10275.25664211,0.37366755,0.66156973,0.29327855
-15604.54688098,0.32672072,0.67597196,0.22532535
-16760.25475314,0.30060172,0.64080541,0.20014751
-16433.01709390,0.28787638,0.66196235,0.17086259
-16005.95417223,0.28780443,0.67921322,0.16222944
-15815.41499864,0.31052056,0.65303676,0.21019523
-15187.63892652,0.26526212,0.66015137,0.13030162
-14178.87809090,0.24415424,0.63428397,0.10162462
-15418.32745522,0.26848238,0.67743011,0.12596081
-14045.29361984,0.28641568,0.65493222,0.17172436
-10713.30191384,0.32537379,0.76385948,0.18544984
-10651.53333599,0.26748300,0.69897143,0.10815926
-13746.07752287,0.30326901,0.61751081,0.21274501
-7167.07645367,0.66509939,0.00060918,0.66509935
-7192.36656943,0.59878504,0.68425942,0.54880569
-7165.77414923,0.67671893,0.00061983,0.67671890
-7189.65435400,0.60927797,0.61016556,0.57062479
-7182.49689903,0.66461453,0.00061339,0.66461450
-7185.56911644,0.66258386,0.00060763,0.66258383
-7190.19634362,0.66496796,0.10909676,0.66387075
-7180.33016494,0.67095664,0.11825459,0.66967884
-7204.85816506,0.67276684,0.00061622,0.67276681
-7181.79544588,0.66051908,0.05872018,0.66019926
-7203.64451607,0.65927635,0.00079318,0.65927629
-7195.38280514,0.65656470,0.18099896,0.65350137
-7205.43958018,0.62244154,0.31874880,0.61236212
-7199.39428516,0.65679042,0.00651454,0.65678646
-7190.55094311,0.61784108,0.51256425,0.59122258
-7219.85762486,0.65807401,0.00060274,0.65807398
-7212.16207142,0.62849060,0.41081496,0.61182207
-7197.13173948,0.66551297,0.00109323,0.66551286
-7189.73960777,0.64899535,0.12944870,0.64741195
-7192.25607249,0.66481384,0.05318014,0.66455323
-7238.89020618,0.61352570,0.48571711,0.58950272
-7206.99375915,0.66640596,0.00061038,0.66640592
-7200.14518235,0.63671359,0.33418731,0.62587799
-7214.23064369,0.66037335,0.02796842,0.66030079
-7237.37794679,0.61360988,0.44268710,0.59372598
-7195.72007899,0.67023819,0.00061389,0.67023816
-7231.51424202,0.58558314,0.71087193,0.53009773
-7200.62130441,0.66446441,0.00082154,0.66446435
-7230.30291886,0.65132315,0.00059659,0.65132312
-7215.25630037,0.63741589,0.39369394,0.62234406
-7204.44995127,0.66471705,0.00081568,0.66471699
-7232.60898982,0.65734283,0.00061185,0.65734280
-7211.60273807,0.66442854,0.00060856,0.66442851
-7176.58553385,0.63733948,0.47601540,0.61517823
-7214.87924118,0.65436635,0.00059935,0.65436632
-7209.47523906,0.66558528,0.00160285,0.66558504
-7225.79299218,0.61407431,0.53087376,0.58528921
-7228.33421591,0.66130943,0.00112741,0.66130931
-7181.33455361,0.64109786,0.36323190,0.62836624
-7169.32767892,0.66647019,0.00231193,0.66646970
-7131.15927719,0.64008479,0.25591141,0.63378698
-7248.35405513,0.58026066,0.64841641,0.53403938
-7120.85979136,0.67783907,0.00132400,0.67783891
-7403.26495756,0.52262542,0.76691433,0.44842839
-7333.43573642,0.63367839,0.00059767,0.63367835
-13044.79837653,0.30780479,0.69802761,0.18723402
-14840.42247666,0.22304933,0.59675742,0.07827115
-12382.29948952,0.32982716,0.62545584,0.24670746
-16669.72755268,0.15833447,0.45238132,0.00056405
-17226.83507460,0.19535806,0.54694681,0.03897174
-16563.04360772,0.32344089,0.53817123,0.26293449
-16349.49876344,0.32261076,0.51989231,0.26639711
-7110.66965670,0.64574186,0.09904003,0.64481079
-7217.98590180,0.64093979,0.00058705,0.64093976
-7181.83923911,0.64116932,0.27868823,0.63370646
-7254.61635234,0.63953256,0.19893508,0.63573102
-7210.39885453,0.61738434,0.41847286,0.59975935
-7207.97567201,0.60959630,0.54660039,0.57879883
-7191.44201816,0.67296531,0.00061867,0.67296528
-7197.19139995,0.63475956,0.31527475,0.62509474
-7172.95196553,0.66726788,0.00062392,0.66726784
-7210.85083770,0.65006733,0.10564794,0.64901483
-7175.03990435,0.67709730,0.00077942,0.67709724
-7202.63558936,0.60413581,0.48831446,0.57945649
-7201.20048127,0.64601389,0.00059170,0.64601386
-7197.39742211,0.64906004,0.00126628,0.64905988
-7188.88755771,0.60610598,0.55408762,0.57424329
-7193.59339318,0.66266388,0.00060695,0.66266384
-7176.10388493,0.65664406,0.10140890,0.65568411
-7213.31004910,0.65089692,0.00062162,0.65089688
-7190.04928313,0.64993469,0.10663321,0.64886224
-7193.22840039,0.61804162,0.41011802,0.60114169
-7181.93609639,0.65383430,0.00059887,0.65383427
-7165.51206451,0.65006103,0.19107802,0.64661176
-7176.65686882,0.66240862,0.00151573,0.66240840
-7176.42929144,0.65246996,0.09723467,0.65158182
-7172.39767995,0.65970767,0.04861394,0.65948821
-7189.86656632,0.65219848,0.00059736,0.65219845
-7203.66326489,0.63979279,0.00058601,0.63979276
-7184.09697382,0.65421053,0.00100527,0.65421044
-7209.48278229,0.64525119,0.00059238,0.64525116
-7160.07679935,0.65527448,0.00060018,0.65527445
-7158.73030069,0.64994032,0.00059529,0.64994028
-7172.60941175,0.65328739,0.00059836,0.65328736
-7167.89088370,0.64763623,0.00059318,0.64763620
-7170.52001271,0.64228007,0.18811420,0.63889654
-7165.88301944,0.63929746,0.20385893,0.63530334
-7164.11332234,0.65225611,0.00059742,0.65225608
-7195.80438085,0.64414834,0.07472299,0.64361720
-7184.98713553,0.64933622,0.00189783,0.64933588
-7173.86542595,0.65167641,0.00059689,0.65167637
-7137.83726649,0.67160153,0.01759916,0.67157328
-7169.73332270,0.63589146,0.26310775,0.62918821
-7213.63264186,0.59446549,0.46379144,0.57187338
-7167.34522270,0.59929479,0.61562562,0.55922032
-7157.86879601,0.65711996,0.00060187,0.65711992
-7170.57256579,0.64126850,0.19214725,0.63773233
-7176.08074061,0.61356826,0.41807964,0.59586422
-7176.16348800,0.66045692,0.00065430,0.66045688
-7167.11349925,0.63514932,0.26308490,0.62843933
-7178.54742457,0.62847763,0.27250353,0.62119844
-7175.57771392,0.64725072,0.00113066,0.64725060
-7193.24525241,0.64466383,0.00155346,0.64466360
-7179.37341236,0.63984480,0.00058605,0.63984477
-7193.47920535,0.63310717,0.17910449,0.62999610
-7190.42058166,0.63977319,0.00058598,0.63977315
-7176.43472967,0.65471050,0.00059967,0.65471047
-7182.91735352,0.64421506,0.00059006,0.64421502
-7201.98477603,0.62161778,0.25515406,0.61516946
-7206.46387458,0.63223296,0.00057907,0.63223293
-7189.61235648,0.63625027,0.20491026,0.63219527
-7219.45600024,0.59067033,0.54865224,0.55858444
-7218.73639923,0.64145146,0.00061703,0.64145142
-7211.76851576,0.64734261,0.00184978,0.64734228
-7227.06232867,0.64373260,0.00081569,0.64373254
-7213.49741019,0.65048757,0.00118984,0.65048743
-7200.21854724,0.64192389,0.02611412,0.64185882
-33389.34936278,0.32160553,0.06471451,0.32080694
-13286.50375401,0.30831475,0.65452248,0.20634686
-7334.74797218,0.56736288,0.45817567,0.54422866
-7284.79727738,0.61014641,0.26523681,0.60304286
-13549.47906690,0.34209384,0.57956394,0.27546531
-7194.30141185,0.66370675,0.00060797,0.66370671
-7211.13816348,0.65228797,0.00065344,0.65228793
-7191.21667637,0.65534057,0.00060024,0.65534054
-7246.56965378,0.60731749,0.35740985,0.59429468
-7191.15057156,0.65802815,0.00066457,0.65802811
-7185.04323812,0.67590657,0.00061910,0.67590653
-7196.17722476,0.64059745,0.19816076,0.63683185
-7170.56477994,0.66397339,0.00060814,0.66397336
-7240.35882061,0.64752334,0.00059460,0.64752331
-7209.67758360,0.65229857,0.00059746,0.65229853
-7378.13483791,0.60739152,0.00072136,0.60739147
-7202.86601898,0.65705550,0.00060181,0.65705547
-7224.28062963,0.59280529,0.57876739,0.55712124
-7221.15610353,0.65624578,0.00060107,0.65624574
-7206.28134700,0.66497809,0.02393111,0.66492534
-7212.90114707,0.65576165,0.12606874,0.65427549
-7225.78821065,0.64556402,0.00059129,0.64556399
-7219.43275801,0.68418804,0.00062666,0.68418800
-7213.05991815,0.66144144,0.00115227,0.66144131
-7230.00939211,0.64894926,0.00059439,0.64894923
-7244.21657747,0.63475960,0.17415624,0.63182614
-7232.05768002,0.64048592,0.00131074,0.64048576
-7271.08125443,0.64689022,0.00153356,0.64689000
-7206.20069760,0.64022363,0.35900523,0.62777218
-7241.23638376,0.64135859,0.13878264,0.63951654
-7228.76470846,0.65538432,0.00091536,0.65538424
-7231.18479105,0.64981332,0.00059527,0.64981329
-7224.96540109,0.65954331,0.00065573,0.65954327
-7242.95212102,0.65359690,0.00063312,0.65359686
-7223.50558113,0.65878877,0.06219153,0.65842907
-7222.24415011,0.66581412,0.00060984,0.66581408
-7245.90810510,0.64726551,0.02312032,0.64721492
-7243.28495094,0.65695518,0.00060172,0.65695515
-7225.87201229,0.64630589,0.00059196,0.64630586
-7233.85462299,0.65439071,0.11714700,0.65310495
-7225.72404878,0.64488531,0.00059069,0.64488528
-7232.72806693,0.65604644,0.00062229,0.65604640
-7229.45417951,0.65504991,0.01147030,0.65503761
-7222.46017731,0.65377386,0.00059881,0.65377383
-7238.93486742,0.66029576,0.00060486,0.66029573
-7233.76092754,0.65703616,0.00060322,0.65703613
-7241.32273827,0.64240611,0.18246680,0.63922381
-7226.38859181,0.65986829,0.00164841,0.65986804
-7245.47545656,0.62002813,0.34065406,0.60845653
-7204.06735378,0.64938787,0.32785766,0.63916899
-7240.78305974,0.65277656,0.00111875,0.65277644
-7217.28454449,0.66602103,0.00118297,0.66602090
-7216.75902536,0.62235585,0.49150814,0.59810803
-7222.60460680,0.65377980,0.00059881,0.65377977
-7253.93383143,0.64195192,0.00058798,0.64195189
-7223.83032985,0.63731819,0.23597404,0.63194400
-7235.46916028,0.64086971,0.08882977,0.64011512
-7226.64226625,0.64311300,0.21050162,0.63887889
-7241.04374166,0.64772444,0.00059347,0.64772441
-7240.38372578,0.63900253,0.00058530,0.63900249
-7234.40302474,0.64595161,0.00162403,0.64595136
-7215.82332824,0.64077190,0.23195042,0.63560838
-7223.44127328,0.65922308,0.00063943,0.65922304
-7237.67768444,0.64082552,0.00058695,0.64082548
-7252.85281287,0.64730292,0.00139784,0.64730273
-7230.86024426,0.65546889,0.00060036,0.65546885
-7234.12151146,0.65123099,0.00135655,0.65123082
-7248.34359801,0.64239223,0.06751058,0.64195753
-7213.25887600,0.64728957,0.00059289,0.64728954
-7236.17334715,0.65235347,0.00059750,0.65235344
-7230.91640337,0.65000667,0.07670281,0.64945205
-7217.06445511,0.61115444,0.58196230,0.57621302
-7231.92070165,0.58808568,0.59848437,0.54951550
-7241.78923001,0.62614658,0.18735523,0.62270342
-7220.38212500,0.65801070,0.00060268,0.65801066
-7233.32568196,0.65233193,0.00064557,0.65233189
-7220.98790399,0.64542028,0.00059120,0.64542025
-7233.35407442,0.61058091,0.38215814,0.59575041
-7231.03361566,0.64784353,0.00062035,0.64784350
-7232.58088879,0.61379901,0.41818271,0.59609296
-7227.17629827,0.64463073,0.00059043,0.64463070
-7224.34029167,0.64026854,0.15896368,0.63784660
-7232.23387248,0.64289172,0.11703948,0.64158533
-7234.54706797,0.64502974,0.00118768,0.64502961
-7226.41257244,0.62890319,0.28618026,0.62087566
-7205.10590338,0.66075893,0.00060521,0.66075890
-7190.36095139,0.66369242,0.00060789,0.66369238
-7224.13150699,0.63230093,0.17019693,0.62948868
-7213.01629110,0.64599946,0.03667454,0.64587192
-7208.72921915,0.65324069,0.00168749,0.65324042
-7222.74735974,0.65782674,0.00060251,0.65782671
-7219.09319918,0.62827033,0.25549057,0.62187408
-7223.84598532,0.64932811,0.00059473,0.64932808
-7215.77363630,0.62259887,0.35366372,0.61016989
-7216.92711976,0.60763372,0.47245690,0.58470064
-7209.38223832,0.64776388,0.00059330,0.64776385
-7199.37626338,0.66294101,0.00060856,0.66294097
-7205.99669746,0.64851420,0.00059399,0.64851416
-7198.24055510,0.64805419,0.00059357,0.64805416
-7209.57393560,0.65203663,0.00059727,0.65203660
-7197.26915271,0.65390847,0.00060316,0.65390843
-7211.17635741,0.64936981,0.00059479,0.64936978
-7202.98196704,0.66112653,0.00060580,0.66112649
-7209.06433441,0.64423730,0.00059007,0.64423727
-7202.01087178,0.65516554,0.06788100,0.65473462
-7245.05560749,0.63109188,0.00074918,0.63109182
-7210.99600567,0.64451294,0.00059032,0.64451291
-7212.26284604,0.64856015,0.00059403,0.64856012
-7198.91662820,0.65009431,0.00059543,0.65009427
-7208.19952862,0.64097523,0.00058709,0.64097519
-7204.35614662,0.65369861,0.00060109,0.65369858
-7225.34206042,0.60047983,0.45398753,0.57907530
-7218.48584833,0.64474348,0.00059053,0.64474345
-7252.71213419,0.63920196,0.00061191,0.63920192
-7216.59251147,0.65025380,0.00059558,0.65025376
-7224.12408907,0.62996786,0.19623934,0.62621246
-7235.93354742,0.65141035,0.00059664,0.65141032
-7209.19613468,0.66203416,0.00060639,0.66203412
-7206.46800977,0.65401913,0.00059903,0.65401910
-7219.66892171,0.64378706,0.00165187,0.64378680
-7224.30280470,0.64889664,0.00132620,0.64889647
-7235.76488142,0.61932099,0.26304671,0.61243961
-7222.72828185,0.65063111,0.00059593,0.65063108
-7204.11781785,0.66632543,0.01982982,0.66628929
-7227.49060772,0.65385612,0.00059888,0.65385608
-7240.17106194,0.61474165,0.34856597,0.60251453
-7224.16735648,0.64881940,0.00059426,0.64881936
-7217.50598976,0.64093378,0.00058704,0.64093375
-7237.01745479,0.60526936,0.41815657,0.58730850
-7239.67209090,0.64399981,0.00058985,0.64399977
-7239.49233773,0.65128984,0.01698420,0.65126271
-7222.65998134,0.65899475,0.00060364,0.65899471
-7233.05508174,0.64985311,0.03964048,0.64970499
-7250.70985322,0.63785827,0.00058422,0.63785823
-7258.54871770,0.64048586,0.00058663,0.64048583
-7235.53895153,0.65283183,0.03487432,0.65271772
-7241.99962596,0.64167098,0.00058772,0.64167095
-7237.97989464,0.65283780,0.00059795,0.65283777
-7252.37329764,0.64821032,0.00059376,0.64821029
-7246.49104721,0.63629319,0.00058279,0.63629316
-7245.84433070,0.65548453,0.00175237,0.65548425
-7239.62989709,0.61527298,0.00056354,0.61527295
-7263.74293659,0.64717757,0.00059276,0.64717754
-7266.87109779,0.62916525,0.14114041,0.62722295
-7249.42924573,0.65094651,0.00059625,0.65094648
-7270.65843697,0.63679391,0.00058368,0.63679388
-7227.62366539,0.64471144,0.28197767,0.63711278
-7264.18711679,0.64288281,0.00058883,0.64288278
-7241.94704591,0.65814075,0.00964472,0.65813210
-7256.74465351,0.65224145,0.00060074,0.65224142
-7272.53533894,0.61997254,0.29350000,0.61140292
-7272.72626254,0.64411469,0.00082537,0.64411463
-7264.07857553,0.65191356,0.00075858,0.65191351
-7244.50623796,0.64964023,0.00059502,0.64964020
-7254.61393031,0.65930236,0.00060388,0.65930233
-7280.94410132,0.58342289,0.66220925,0.53540959
-7269.19421759,0.61103306,0.49868480,0.58557434
-7293.34194050,0.63969215,0.00058591,0.63969211
-7284.06798286,0.65373120,0.00061521,0.65373117
-7280.54030034,0.64926726,0.00064877,0.64926722
-7274.26924697,0.62400124,0.38139211,0.60955616
-7290.78072950,0.64083107,0.00058695,0.64083104
-7287.40494699,0.64541908,0.00059115,0.64541904
-7295.07903663,0.63737336,0.14428141,0.63536974
-7310.27806582,0.62165647,0.22485881,0.61665468
-7279.06863234,0.65020752,0.00201689,0.65020714
-7275.23701739,0.65576969,0.00105930,0.65576958
-7288.82853306,0.65023186,0.02193687,0.65018653
-7296.10869307,0.62950066,0.25941317,0.62291847
-7291.43289486,0.64868444,0.00074162,0.64868439
-7303.71048853,0.61841864,0.23981916,0.61269588
-7285.78932005,0.65382835,0.00075026,0.65382830
-7274.52379433,0.65919490,0.00060377,0.65919487
-7282.07669908,0.65170317,0.00059692,0.65170314
-7279.83717676,0.65648670,0.00138215,0.65648652
-7286.96486875,0.65361600,0.00073811,0.65361595
-7282.11199833,0.64575573,0.08526459,0.64506579
-7295.11983876,0.61064507,0.37660632,0.59624906
-7277.67728783,0.63011665,0.23677608,0.62464332
-7261.07345048,0.65566383,0.00060054,0.65566379
-7270.66594003,0.63139337,0.21317111,0.62696965
-7264.76498344,0.65408882,0.00060067,0.65408879
-7292.16898589,0.60884477,0.40976508,0.59171218
-7266.12931048,0.65255956,0.00059769,0.65255953
-7254.12775781,0.64743099,0.00059299,0.64743096
-7259.39518156,0.65275853,0.00059788,0.65275849
-7259.54859615,0.65360584,0.00059865,0.65360580
-7263.26652643,0.64979044,0.00059516,0.64979041
-7264.29090907,0.63096336,0.30897308,0.62162720
-7274.90731401,0.64759913,0.00059315,0.64759910
-7285.39899155,0.64028440,0.00060218,0.64028436
-7250.71592568,0.61009268,0.54478945,0.57953052
-7266.90964916,0.64959574,0.04118894,0.64943576
-7253.63674081,0.63904046,0.23635155,0.63366364
-7252.69114332,0.65069621,0.00239915,0.65069567
-7245.29569515,0.65432372,0.00059932,0.65432369
-7263.13383932,0.62753165,0.23582390,0.62207989
-7274.01739241,0.64733973,0.00059292,0.64733970
-7250.02100220,0.65093064,0.00114032,0.65093051
-7244.46397481,0.63830895,0.18870205,0.63488289
-7257.15703739,0.65178510,0.00068431,0.65178505
-7240.86769682,0.63914775,0.15980515,0.63669575
-7275.36254641,0.62331006,0.26220240,0.61651727
-7230.86170469,0.61733570,0.52046352,0.58984768
-7267.94444487,0.63719377,0.07022366,0.63671957
-7242.55552207,0.65125978,0.00059651,0.65125974
-7224.78209979,0.65749881,0.07286894,0.65700397
-7237.84397922,0.65159603,0.06709833,0.65117269
-7243.37208225,0.65193155,0.00059712,0.65193151
-7234.03443493,0.65903976,0.00060363,0.65903972
-7222.79842082,0.64427086,0.26257443,0.63768263
-7225.25249891,0.66071490,0.00060520,0.66071486
-7239.37548661,0.64996278,0.00184682,0.64996246
-7221.22224985,0.62082764,0.45335097,0.60020820
-7224.98684432,0.65392781,0.09897861,0.65300956
-7220.83588313,0.66294640,0.00060732,0.66294637
-7229.28942716,0.65112070,0.00649747,0.65111673
-7233.37228757,0.63878493,0.14557755,0.63674961
-7223.68841423,0.63753509,0.22919347,0.63246827
-7228.14859667,0.62993810,0.25046849,0.62380850
-7217.66474153,0.65871858,0.00060333,0.65871855
-7207.91718657,0.66209723,0.02785277,0.66202546
-7224.04779545,0.62754572,0.24945933,0.62144225
-7207.80331821,0.66002164,0.00060453,0.66002161
-7224.44954746,0.63270152,0.21495062,0.62821275
-7217.98812220,0.65274492,0.00059801,0.65274489
-7212.41716967,0.65809331,0.00063333,0.65809327
-7216.89250756,0.63736497,0.14123466,0.63544518
-7219.06813639,0.65128858,0.04019505,0.65113662
-7211.05704349,0.65861665,0.00060360,0.65861662
-7206.71195000,0.65941947,0.00099740,0.65941938
-7216.06470016,0.66513396,0.00080752,0.66513390
-7225.54667490,0.61024255,0.49221826,0.58542020
-7215.33948477,0.64559940,0.16303613,0.64307266
-7192.39568382,0.66422082,0.00079448,0.66422076
-7201.80780756,0.65569862,0.13355678,0.65403028
-7191.21239318,0.63825478,0.32442190,0.62807332
-7187.45951282,0.67779642,0.00062081,0.67779639
-7197.55299628,0.66574100,0.00060976,0.66574097
-7209.46587557,0.65591932,0.08314027,0.65527353
-7225.65232355,0.64963393,0.00059501,0.64963390
-7213.89824119,0.65940899,0.00063330,0.65940895
-7191.38390686,0.67645203,0.00061957,0.67645199
-7222.42688714,0.66230638,0.00060664,0.66230634
-7201.58330110,0.66678750,0.00061284,0.66678747
-7228.30804873,0.63444348,0.25270277,0.62824823
-7213.44576503,0.64787926,0.17921275,0.64483577
-7253.88587845,0.63392496,0.21457438,0.62946064
-7233.28768900,0.65662192,0.00060154,0.65662188
-7239.91774884,0.65333592,0.00063438,0.65333588
-7230.96859450,0.63189086,0.21992620,0.62718501
-7228.13362873,0.64629870,0.15610291,0.64398518
-7235.65436130,0.65293557,0.00067427,0.65293553
-7231.23475388,0.66031634,0.00060489,0.66031630
-7247.43978234,0.64940187,0.00059481,0.64940183
-7237.45706357,0.65193187,0.00059714,0.65193184
-7242.76690144,0.64261813,0.19548984,0.63896523
-7248.23325204,0.65098336,0.00059625,0.65098332
-7260.21198402,0.65259514,0.00089829,0.65259506
-7299.85564002,0.63792938,0.00106744,0.63792927
-7236.66709299,0.62116483,0.47414055,0.59858718
-7265.10914251,0.64852916,0.00059411,0.64852913
-7251.54282423,0.63959134,0.24085090,0.63401180
-7276.75769668,0.65197779,0.00061731,0.65197776
-7260.18682386,0.64031952,0.15037285,0.63815290
-7261.22044465,0.65089921,0.00059617,0.65089917
-7230.78958529,0.65577954,0.00060064,0.65577951
-7217.68136932,0.65526258,0.15509941,0.65301011
-7207.90148617,0.66234316,0.00060665,0.66234313
-7233.80221249,0.65695190,0.00063301,0.65695187
-7249.11310441,0.64252302,0.00058850,0.64252298
-7260.57745625,0.64049319,0.00058666,0.64049315
-7243.43452938,0.65875498,0.00079399,0.65875492
-7248.24630831,0.63363338,0.00058036,0.63363334
-7267.02608287,0.64407250,0.00058993,0.64407247
-7233.10436227,0.66280130,0.12408344,0.66137695
-7270.74448567,0.64669620,0.00059232,0.64669617
-7279.23868379,0.63918131,0.00058547,0.63918128
-7255.99116475,0.65538982,0.00060110,0.65538979
-7281.32903403,0.64028075,0.00058890,0.64028071
-7257.98940771,0.63889932,0.00058518,0.63889929
-7264.36926007,0.63715476,0.00058358,0.63715473
-7250.03975886,0.64632616,0.00059198,0.64632613
-7269.06566716,0.64255771,0.00058853,0.64255767
-7267.38869644,0.65170721,0.00059692,0.65170718
-7291.79896790,0.64228197,0.00059031,0.64228194
-7302.36882227,0.58873575,0.57545009,0.55321315
-7289.70867099,0.64018844,0.00058636,0.64018841
-7283.66273109,0.64943860,0.00059484,0.64943857
-7319.95168626,0.64057554,0.00058671,0.64057551
-7305.51336479,0.63614426,0.00058314,0.63614423
-7271.40700901,0.65023109,0.00059556,0.65023106
-7301.50243005,0.64155438,0.00069830,0.64155433
-7296.28314280,0.63768763,0.00132276,0.63768746
-7273.75926419,0.64631111,0.00059198,0.64631107
-7272.84220864,0.64027046,0.00058643,0.64027042
-7300.95892823,0.64660974,0.00144336,0.64660954
-7278.89223110,0.64811908,0.00059364,0.64811905
-7284.82593960,0.64039457,0.00058657,0.64039454
-7279.06454975,0.64106345,0.00058716,0.64106342
-7277.38824036,0.64812622,0.00059363,0.64812618
-7242.79861178,0.66570972,0.00060973,0.66570969
-7284.36438361,0.62571483,0.28147877,0.61791046
-7285.86091552,0.63968706,0.00058590,0.63968703
-7274.66033752,0.64788453,0.00059341,0.64788450
-7281.72796415,0.64451154,0.00059033,0.64451151
-7290.67064370,0.64333943,0.00086599,0.64333935
-7278.65677448,0.63912253,0.00058538,0.63912249
-7269.29062098,0.64815844,0.00059366,0.64815840
-7298.01418016,0.63823255,0.00058457,0.63823252
-7275.47001349,0.64517657,0.00059096,0.64517654
-7271.58913733,0.65461831,0.00101306,0.65461822
-7252.57616712,0.61117319,0.55803683,0.57912480
-7274.98963290,0.64417062,0.00059001,0.64417058
-7273.48714006,0.64863098,0.00059409,0.64863095
-7254.38130516,0.65769328,0.00060240,0.65769324
-7250.13700020,0.65126920,0.00059653,0.65126917
-7248.85373866,0.65805641,0.00060274,0.65805638
-7263.02692493,0.64672151,0.00059234,0.64672148
-7265.78187085,0.64522558,0.13821472,0.64340959
-7259.20794409,0.63764235,0.00058403,0.63764231
-7275.45116799,0.64528868,0.00059103,0.64528864
-7272.79957841,0.63684590,0.21008666,0.63258674
-7240.50573311,0.64805654,0.00059357,0.64805651
-7248.47484490,0.65341327,0.00059847,0.65341323
-7248.53786840,0.64306875,0.00058900,0.64306872
-7234.02413138,0.66539108,0.00061045,0.66539105
-7254.72568356,0.64604761,0.00059173,0.64604758
-7259.55338315,0.60999373,0.51708534,0.58252780
-7247.21171185,0.64640834,0.00059208,0.64640830
-7244.68333741,0.65772146,0.00060242,0.65772143
-7258.99786367,0.64530784,0.00059106,0.64530781
-7230.96205018,0.63340555,0.00058015,0.63340552
-7243.15369769,0.64644131,0.00059209,0.64644128
-7269.35860501,0.64289393,0.00058884,0.64289390
-7242.36609915,0.64718678,0.00059277,0.64718674
-7253.77571019,0.64115598,0.00058953,0.64115595
-7217.69509021,0.66185158,0.00060620,0.66185155
-7247.94240738,0.65047510,0.00111607,0.65047498
-7241.12885772,0.64653867,0.00059224,0.64653864
-7248.13383305,0.63214259,0.00057899,0.63214256
-7223.23537170,0.65358453,0.00059863,0.65358450
-7247.62352949,0.64933914,0.00199786,0.64933877
-7228.64762930,0.64310350,0.00058903,0.64310347
-7248.62627000,0.63431667,0.00058098,0.63431664
-7247.20247361,0.64342436,0.00062857,0.64342433
-7246.71341931,0.63762256,0.00058402,0.63762253
-7244.99878271,0.63853082,0.00058484,0.63853079
-7234.74366374,0.65057719,0.00097675,0.65057710
-7230.07309898,0.65378745,0.00069700,0.65378740
-7232.81154336,0.65077692,0.00059635,0.65077689
-7244.70356017,0.63017302,0.20864429,0.62592757
-7237.03003409,0.64446352,0.00059028,0.64446349
-7223.16401066,0.64643346,0.00059209,0.64643343
-7247.96142501,0.64533080,0.00127448,0.64533065
-7241.61234266,0.64483065,0.00109921,0.64483054
-7264.05588047,0.65497775,0.00059990,0.65497772
-7246.09935396,0.65205628,0.00059723,0.65205624
-7247.58207356,0.63472555,0.00058136,0.63472552
-7228.87614701,0.64321602,0.00059372,0.64321599
-7239.56536446,0.63548773,0.00058209,0.63548770
-7240.62689111,0.63993932,0.00423372,0.63993760
-7201.65882196,0.66101546,0.00060543,0.66101543
-7224.30385755,0.63261477,0.00057942,0.63261474
-7239.15195297,0.65641884,0.01130610,0.65640691
-7242.78633413,0.63911311,0.00058537,0.63911308
-7226.37318853,0.64315725,0.00058908,0.64315722
-7240.43921045,0.64305725,0.00058899,0.64305722
-7240.04679754,0.63668818,0.00058315,0.63668815
-7255.45332880,0.64429582,0.00069902,0.64429577
-7222.46038984,0.65253269,0.00059768,0.65253266
-7232.72154733,0.64864029,0.00059410,0.64864026
-7220.36752482,0.65669346,0.00060148,0.65669343
-7230.38570833,0.65359910,0.00059880,0.65359907
-7246.99515459,0.59226355,0.49543854,0.56631029
-7223.74023986,0.64879755,0.00059424,0.64879752
-7233.78546708,0.62925561,0.20517070,0.62514477
-7232.04667460,0.64075389,0.17959242,0.63766332
-7244.09565227,0.61995164,0.26952440,0.61273258
-7236.74145335,0.64482243,0.00059060,0.64482240
-7230.72812403,0.62132084,0.37488086,0.60730880
-7240.44074517,0.64272968,0.07103999,0.64224857
-7246.79796620,0.64466652,0.00059048,0.64466649
-7253.61892258,0.55057261,0.85119095,0.46300730
-7222.20702348,0.65493732,0.00059987,0.65493729
-7243.65796147,0.64624647,0.12062879,0.64486585
-7234.49201003,0.65651689,0.00065170,0.65651685
-7275.97445342,0.62709148,0.16657211,0.62437554
-7240.42943436,0.61083812,0.40272364,0.59435291
-7265.12054377,0.61981327,0.18173201,0.61654095
-7255.55224261,0.62942489,0.26619306,0.62249136
-7228.89991118,0.65452766,0.00215251,0.65452723
-7224.94965265,0.65040038,0.00059571,0.65040034
-7218.17340217,0.65049132,0.00059581,0.65049128
-7259.56343971,0.61943113,0.00056735,0.61943110
-7227.30756463,0.65190816,0.00059711,0.65190812
-7218.08690575,0.65198433,0.00059719,0.65198429
-7237.76627136,0.64334038,0.00106481,0.64334028
-7229.58455353,0.65154995,0.00059677,0.65154991
-7260.65720417,0.64773763,0.00064304,0.64773759
-7228.86552670,0.65216256,0.00059733,0.65216252
-7215.34631996,0.65021576,0.00059554,0.65021572
-7217.47529291,0.64015074,0.00058632,0.64015070
-7225.18816222,0.63025979,0.00057727,0.63025976
-7221.21298801,0.65332272,0.00059839,0.65332268
-7253.03346852,0.64942850,0.00160966,0.64942826
-7249.73494347,0.59034057,0.58846456,0.55324624
-7233.70247157,0.66083963,0.00150983,0.66083942
-7264.31065806,0.60650276,0.00055551,0.60650273
-7254.28215012,0.65145514,0.04081581,0.65129849
-7241.24884227,0.64022266,0.00058639,0.64022262
-7258.01318946,0.64153643,0.10478962,0.64048718
-7249.11828095,0.64945949,0.00094760,0.64945941
-7244.04955891,0.66028261,0.00071120,0.66028256
-7252.14562788,0.64613986,0.00059181,0.64613983
-7245.31758659,0.64860518,0.00059407,0.64860514
-7247.98530186,0.65379556,0.00059882,0.65379553
-7249.67272102,0.63881549,0.00058510,0.63881546
-7240.25645563,0.65520475,0.00060012,0.65520472
-7236.69337043,0.66923926,0.00061369,0.66923923
-7255.05203402,0.66297500,0.00085182,0.66297493
-7245.78251197,0.64561343,0.00059133,0.64561340
-7248.44436867,0.65694048,0.08961626,0.65619127
-7253.69207977,0.65937583,0.00060394,0.65937579
-7239.74119070,0.65249922,0.00059765,0.65249919
-7245.29420027,0.66684544,0.00061137,0.66684540
-7254.16774682,0.62265032,0.41138384,0.60577383
-7250.56629842,0.64303080,0.00058896,0.64303077
-7245.79435249,0.64624126,0.00059190,0.64624123
-7259.82026395,0.65152183,0.00059674,0.65152180
-7235.24289279,0.65577544,0.00060064,0.65577541
-7272.67104361,0.64220367,0.00058821,0.64220364
-7268.77785056,0.64749665,0.00139618,0.64749647
-7252.45131935,0.65214528,0.00059731,0.65214524
-7280.45714911,0.62260198,0.28889728,0.61433637
-7267.00801512,0.64602927,0.00059171,0.64602924
-7307.81576640,0.63256559,0.20341569,0.62854628
-7242.91621085,0.65145518,0.00059668,0.65145515
-7270.36774005,0.65336978,0.00059844,0.65336974
-7243.68835745,0.62566086,0.44596129,0.60587832
-7244.94856395,0.65641952,0.00060123,0.65641948
-7253.24435580,0.64499088,0.00059076,0.64499085
-7230.05702008,0.67147397,0.06661785,0.67106904
-7255.07761584,0.63769857,0.00058408,0.63769853
-7245.42030593,0.66214293,0.00060876,0.66214290
-7248.57741079,0.65736158,0.00060210,0.65736154
-7229.58109676,0.65995470,0.11103301,0.65880952
-7258.69607549,0.63516976,0.00058176,0.63516972
-7260.60655525,0.64747682,0.05988887,0.64713744
-7239.95753156,0.64698759,0.00059259,0.64698755
-7232.41410378,0.64764104,0.00059319,0.64764101
-7260.18084299,0.65388205,0.00059898,0.65388202
-7257.29110152,0.64997985,0.00059901,0.64997981
-7232.92071503,0.65741803,0.00060215,0.65741800
-7260.57292783,0.62920551,0.30408665,0.62013882
-7261.24684966,0.61849839,0.23882533,0.61282392
-7238.41286511,0.63740649,0.00058381,0.63740645
-7243.13677797,0.65613688,0.00071286,0.65613684
-7233.89416861,0.65496763,0.00059990,0.65496760
-7227.95891169,0.64389923,0.16250464,0.64138231
-7222.95229940,0.64575003,0.00059145,0.64575000
-7240.68152314,0.62940666,0.00057648,0.62940663
-7249.11096084,0.64778111,0.03173954,0.64768585
-7254.10208559,0.60834455,0.36764035,0.59458057
-7220.59472419,0.65655611,0.00060135,0.65655608
-7230.78180062,0.64602801,0.00059171,0.64602798
-7231.55762171,0.65072459,0.00139426,0.65072440
-7225.54272174,0.64354245,0.00058943,0.64354241
-7242.89640508,0.63319698,0.15608917,0.63083583
-7236.02967091,0.64653974,0.00098232,0.64653964
-7252.90627281,0.64252698,0.00058850,0.64252695
-7215.33866503,0.65327470,0.00059835,0.65327467
-7243.60963368,0.64125461,0.00059698,0.64125457
-7215.62501259,0.65516821,0.00060026,0.65516817
-7237.92904936,0.63453578,0.00058118,0.63453575
-7262.38688070,0.63740625,0.16461475,0.63479699
-7238.61321618,0.64286499,0.00058882,0.64286496
-7213.28324352,0.64720467,0.00059280,0.64720464
-7207.51336609,0.65357057,0.00059871,0.65357054
-7208.64508118,0.65499984,0.00085058,0.65499977
-7208.83920317,0.64925246,0.00097615,0.64925237
-7213.85695146,0.63264016,0.00057945,0.63264013
-7205.65550203,0.64452187,0.00059053,0.64452184
-7205.90169442,0.64736349,0.00059293,0.64736346
-7219.75334602,0.64920205,0.00059462,0.64920201
-7272.55122844,0.63669163,0.00058317,0.63669159
-7197.64275789,0.65268478,0.00059781,0.65268475
-7204.63311389,0.64082021,0.00058695,0.64082018
-7199.69896230,0.64124423,0.00058733,0.64124420
-7218.80551900,0.63320611,0.11006926,0.63203312
-7201.09520652,0.63448964,0.00058115,0.63448961
-7226.97158191,0.63105378,0.00057799,0.63105375
-7204.52392589,0.64282539,0.00061243,0.64282535
-7183.78511166,0.65131771,0.00059656,0.65131767
-7200.21314446,0.63803895,0.00058439,0.63803892
-7205.96944847,0.64624523,0.13013278,0.64463820
-7221.12415312,0.65356165,0.00059864,0.65356162
-7188.67889411,0.64523391,0.00059098,0.64523388
-7238.18177989,0.64582070,0.00059154,0.64582067
-7198.13256708,0.64381301,0.00058968,0.64381297
-7203.60371105,0.64346856,0.10640079,0.64239003
-7203.53367773,0.63583025,0.00058237,0.63583021
-7180.70331894,0.66094463,0.07670573,0.66039915
-7214.74739799,0.63394677,0.21521119,0.62945597
-7211.67557416,0.66333150,0.00060757,0.66333147
-7195.00712080,0.65653228,0.00060134,0.65653225
-7177.91833898,0.62158663,0.48865216,0.59759457
-7177.41985226,0.60664193,0.64819786,0.56262312
-7193.08927669,0.64718442,0.00059278,0.64718439
-7205.17317778,0.64403754,0.00058994,0.64403751
-7206.88512472,0.64745965,0.00059303,0.64745962
-7218.15173470,0.64356604,0.00058947,0.64356601
-7224.33938696,0.64180895,0.00059059,0.64180892
-7175.20185293,0.65831610,0.00060296,0.65831606
-7204.86599296,0.64871975,0.00059418,0.64871972
-7222.49988175,0.64037113,0.00058653,0.64037110
-7206.54065275,0.64797438,0.00059349,0.64797434
-7230.75599841,0.63630924,0.03896899,0.63616305
-7196.67793007,0.65374755,0.00059878,0.65374751
-7247.24199616,0.62820896,0.19355492,0.62454561
-7188.92143256,0.64282656,0.00058878,0.64282653
-7205.89187755,0.65450244,0.00143777,0.65450225
-7199.45364291,0.65020924,0.00059554,0.65020921
-7205.82591739,0.65184104,0.00062530,0.65184100
-7208.46124919,0.63360236,0.00117128,0.63360222
-7200.36108202,0.64747808,0.00059304,0.64747805
-7207.45613784,0.62703597,0.30407259,0.61793830
-7217.67437720,0.65113706,0.00059844,0.65113702
-7239.73213651,0.63900974,0.00058788,0.63900971
-7219.69930241,0.64707950,0.00095447,0.64707942
-7230.12766342,0.63049020,0.11957217,0.62909972
-7229.00406123,0.64815422,0.00059366,0.64815419
-7201.97335807,0.65315606,0.00059826,0.65315602
-7210.11277089,0.64878251,0.00059423,0.64878248
-7224.83858008,0.63109307,0.31297573,0.62151358
-7202.52625642,0.65650729,0.00060131,0.65650726
-7220.42264248,0.65031561,0.18070044,0.64723291
-7213.18729465,0.66407588,0.00060825,0.66407585
-7229.71179409,0.63753125,0.00058393,0.63753121
-7215.03409727,0.64468831,0.00059048,0.64468828
-7228.91997198,0.65202334,0.00107225,0.65202324
-7221.69284231,0.66079160,0.00060545,0.66079157
-7259.85578394,0.63978627,0.00140913,0.63978608
-7222.70349975,0.64914836,0.00059457,0.64914832
-7249.47478939,0.64438148,0.00113770,0.64438135
-7227.90680327,0.65047388,0.00059578,0.65047385
-7233.11193798,0.61900486,0.24689332,0.61294361
-7251.82927548,0.64354000,0.03018308,0.64345328
-7228.73547495,0.64870396,0.00140818,0.64870377
-7255.94079935,0.64233154,0.00058833,0.64233150
-7242.51667173,0.65038403,0.00098528,0.65038394
-7254.65622870,0.64067784,0.00058682,0.64067781
-7242.87126280,0.63617998,0.00058269,0.63617995
-7246.46944956,0.64137362,0.00101570,0.64137352
-7234.93756953,0.63717222,0.00058360,0.63717218
-7229.85664110,0.65217723,0.00059735,0.65217720
-7261.06201978,0.65345611,0.00065424,0.65345607
-7233.43789614,0.63809788,0.00058444,0.63809785
-7238.70154205,0.64097767,0.00058709,0.64097764
-7217.83484433,0.65147750,0.00059670,0.65147747
-7220.70896442,0.65372330,0.00059876,0.65372327
-7208.84340659,0.65226855,0.00059742,0.65226852
-7221.58660764,0.65669302,0.00060148,0.65669298
-7224.07729724,0.65446287,0.00059943,0.65446284
-7219.61214096,0.66180755,0.00060618,0.66180752
-7197.95870847,0.66210895,0.00060644,0.66210892
-7241.33550023,0.64689555,0.00059251,0.64689551
-7258.84445943,0.62888908,0.23159136,0.62364353
-7221.55061470,0.65223871,0.19195266,0.64876939
-7256.88443332,0.64697701,0.00059258,0.64697698
-7223.68838113,0.64393596,0.00058980,0.64393593
-7207.85533729,0.66424179,0.00060839,0.66424175
-7230.46341509,0.64230392,0.00058830,0.64230389
-7220.25564943,0.64770898,0.00124610,0.64770884
-7230.96414576,0.65175206,0.00059696,0.65175203
-7228.79271343,0.66183767,0.00060620,0.66183763
-7224.94107645,0.65829024,0.00060295,0.65829020
-7201.76521975,0.65283796,0.00059794,0.65283793
-7228.51896834,0.65953193,0.00118922,0.65953179
-7219.38266838,0.65686399,0.00068729,0.65686395
-7221.97691112,0.64444721,0.05459570,0.64416385
-7209.62869464,0.64202509,0.00058804,0.64202506
-7210.75113449,0.64706915,0.00059268,0.64706912
-7210.50535218,0.63893572,0.00058521,0.63893569
-7247.48134485,0.64141736,0.00102855,0.64141726
-7216.11120327,0.64048254,0.00058663,0.64048251
-7221.53072855,0.64292812,0.00058887,0.64292808
-7222.86612098,0.65366215,0.00059875,0.65366211
-7229.43034687,0.64749205,0.00059305,0.64749201
-7224.36750281,0.64847514,0.00061659,0.64847510
-7210.72207294,0.63868349,0.00058498,0.63868346
-7220.04374645,0.65412210,0.02887291,0.65404404
-7211.82124017,0.65654552,0.00060134,0.65654549
-7205.04699342,0.63908754,0.00058535,0.63908750
-7215.07200126,0.64858525,0.00059405,0.64858521
-7204.76867303,0.65461551,0.00059957,0.65461547
-7249.67967095,0.64831823,0.00125620,0.64831808
-7227.47800780,0.64914237,0.00059457,0.64914234
-7223.55344447,0.65256534,0.00226567,0.65256486
-7219.53739583,0.64266343,0.00058863,0.64266340
-7225.84890761,0.64240259,0.00058839,0.64240256
-7251.04234437,0.65323101,0.00061161,0.65323097
-7228.42266854,0.62510426,0.00057254,0.62510423
-7217.84947471,0.64391151,0.00058977,0.64391147
-7231.99469300,0.64826587,0.00059376,0.64826584
-7209.02428178,0.65493112,0.00059986,0.65493109
-7213.25912996,0.64811320,0.00059362,0.64811317
-7222.89860699,0.64475143,0.00059054,0.64475139
-7208.67399514,0.62958558,0.00057665,0.62958555
-7203.75492486,0.66031932,0.00060480,0.66031929
-7226.53040580,0.65417721,0.00059917,0.65417718
-7211.88384692,0.64633331,0.00059199,0.64633328
-7245.13768745,0.63280656,0.00057960,0.63280652
-7223.44042138,0.64145215,0.21319076,0.63709748
-7203.96260505,0.67032664,0.00061398,0.67032661
-7265.52399182,0.63787707,0.00058424,0.63787704
-7232.75317838,0.64055956,0.00058670,0.64055953
-7220.31589789,0.65376691,0.00059880,0.65376687
-7242.79749371,0.64297710,0.00058891,0.64297707
-7233.84085760,0.65318707,0.00060090,0.65318704
-7232.89504983,0.66226530,0.00060659,0.66226527
-7229.50871210,0.65646556,0.00060127,0.65646553
-7221.00758694,0.64556921,0.00059129,0.64556918
-7232.61505063,0.65563515,0.00060051,0.65563512
-7254.67252913,0.65992596,0.00060927,0.65992593
-7262.66461914,0.65281298,0.00103719,0.65281288
-7270.43234097,0.67082933,0.00061443,0.67082930
-7260.24438520,0.64497866,0.07339479,0.64446690
-7247.44992512,0.65006816,0.00060428,0.65006813
-7267.43751629,0.64407802,0.00064106,0.64407798
-7258.55431042,0.65379100,0.00104800,0.65379090
-7275.83611347,0.64166278,0.00099779,0.64166268
-7252.11761811,0.65443135,0.00059941,0.65443132
-7263.52550649,0.64348580,0.00058938,0.64348577
-7265.33860634,0.64440461,0.00059022,0.64440458
-7258.11990764,0.64739797,0.00059296,0.64739794
-7264.15401601,0.65182403,0.00059702,0.65182400
-7266.27226878,0.64912495,0.00059454,0.64912492
-7265.79849808,0.65300025,0.00059810,0.65300022
-7275.08198781,0.65829280,0.00122945,0.65829265
-7293.63432674,0.64254422,0.00119908,0.64254409
-7288.75112216,0.65942760,0.02599236,0.65936485
-7279.24904537,0.66137617,0.00074297,0.66137612
-7282.36687415,0.64199937,0.00058802,0.64199933
-7259.41003334,0.65518413,0.00060009,0.65518410
-7293.80045993,0.64893626,0.00059490,0.64893623
-7286.43674527,0.65721451,0.00060197,0.65721448
-7288.76434478,0.65752774,0.00061709,0.65752770
-7297.23319097,0.64602445,0.00059171,0.64602442
-7289.73630175,0.64228432,0.00058828,0.64228428
-7296.14227824,0.64489792,0.00059067,0.64489789
-7309.98485260,0.64223796,0.00058882,0.64223793
-7281.18832740,0.65372889,0.00059881,0.65372886
-7290.36070876,0.66214446,0.00097350,0.66214437
-7297.03508307,0.65182812,0.05990595,0.65149081
-7292.46963688,0.64745377,0.00059301,0.64745374
-7308.49348428,0.64365266,0.00058954,0.64365262
-7311.50396484,0.63740791,0.00118131,0.63740778
-7310.09461809,0.64440750,0.00059023,0.64440747
-7321.23175104,0.62013752,0.34193216,0.60848019
-7320.77129258,0.63882762,0.00058511,0.63882759
-7313.22736911,0.65839594,0.00060304,0.65839591
-7320.71911180,0.63890859,0.00058519,0.63890855
-7322.49130809,0.65044235,0.00059577,0.65044232
-7322.14273686,0.63285539,0.00057964,0.63285536
-7309.38628007,0.65181627,0.00059701,0.65181624
-7357.66742594,0.63836702,0.03244708,0.63826600
-7326.34435403,0.64990592,0.00059526,0.64990588
-7323.39057060,0.66003403,0.00060473,0.66003399
-7335.14610830,0.65554610,0.00098623,0.65554601
-7358.06758942,0.62753020,0.17764411,0.62444245
-7364.76404327,0.64563164,0.03230459,0.64553263
-7354.74081628,0.64214560,0.00058815,0.64214557
-7355.63773515,0.64258418,0.00058858,0.64258414
-7418.44533772,0.61313539,0.31346613,0.60323961
-7341.60844583,0.63540666,0.20235435,0.63144721
-7357.56319837,0.64290226,0.00058885,0.64290223
-7384.23110065,0.63740703,0.00058382,0.63740700
-7377.23424451,0.63330776,0.00058006,0.63330773
-7357.03087976,0.64288207,0.00079754,0.64288201
-7372.29435988,0.64798503,0.00179108,0.64798472
-7371.58698075,0.65202169,0.00059721,0.65202165
-7357.10419236,0.65295025,0.00059808,0.65295022
-7367.31194432,0.65228464,0.00106389,0.65228454
-7373.78853920,0.65080729,0.00059608,0.65080726
-7360.35434543,0.65010497,0.00059546,0.65010494
-7368.07766123,0.64370417,0.00058958,0.64370413
-7374.54370948,0.64877499,0.00059425,0.64877495
-7382.81791692,0.64294266,0.00087059,0.64294259
-7360.70238041,0.64721440,0.00059279,0.64721436
-7361.95180567,0.65191127,0.00059710,0.65191124
-7358.24318240,0.64893839,0.00059437,0.64893835
-7357.61616144,0.65724702,0.00060199,0.65724698
-7395.47521463,0.64057331,0.00058671,0.64057328
-7374.31249881,0.65448573,0.00067900,0.65448569
-7374.29373508,0.65339737,0.00059847,0.65339734
-7394.50601818,0.64312877,0.00058906,0.64312874
-7374.94425540,0.62859789,0.00057574,0.62859785
-7371.82008228,0.64641232,0.16587923,0.64379980
-7343.18714592,0.66224629,0.00060657,0.66224626
-7367.73128783,0.64838345,0.00059387,0.64838342
-7370.56454249,0.64399022,0.00058984,0.64399019
-7366.22749722,0.65618567,0.00060102,0.65618564
-7358.69654200,0.65587029,0.00060073,0.65587026
-7375.83475321,0.64859796,0.00059406,0.64859793
-7380.83441360,0.63637351,0.00058287,0.63637348
-7363.98055088,0.65229108,0.00059745,0.65229104
-7376.85523537,0.64451471,0.00076652,0.64451465
-7353.92305129,0.65250993,0.00059764,0.65250989
-7374.27761527,0.62585434,0.00057323,0.62585431
-7360.92958583,0.64401123,0.00058986,0.64401120
-7340.99302506,0.64519259,0.00059094,0.64519256
-7346.70101505,0.65149370,0.00059671,0.65149367
-7374.51434241,0.64894031,0.00059438,0.64894028
-7382.28598416,0.64510800,0.00092197,0.64510792
-7363.91390492,0.65183692,0.00059853,0.65183689
-7367.49733022,0.64919532,0.00088748,0.64919524
-7357.82629958,0.64321465,0.00058914,0.64321462
-7366.79298329,0.64107075,0.00066197,0.64107070
-7369.67977424,0.64158892,0.00058764,0.64158889
-7353.08739971,0.64700743,0.04602860,0.64680684
-7373.60935398,0.63731273,0.00058373,0.63731270
-7395.23854779,0.63599855,0.00069433,0.63599851
-7352.55534859,0.64122921,0.00058732,0.64122918
-7361.21875001,0.63446400,0.00058112,0.63446396
-7352.36122265,0.64234180,0.00059060,0.64234177
-7358.97240458,0.63144482,0.00057835,0.63144479
-7378.26140022,0.64820727,0.00059371,0.64820723
-7375.14426713,0.61290096,0.35432485,0.60022345
-7336.93550954,0.64743955,0.00059302,0.64743951
-7348.96936151,0.64945705,0.00059485,0.64945702
-7333.10290064,0.64222621,0.00058823,0.64222618
-7333.02481639,0.64782952,0.00059360,0.64782948
-7329.28891224,0.63997078,0.12234895,0.63853650
-7346.74470480,0.63821639,0.00058455,0.63821635
-7349.46424209,0.63664787,0.00058652,0.63664784
-7344.28069035,0.64942212,0.00087428,0.64942205
-7349.16228509,0.63667338,0.00058314,0.63667334
-7348.33846188,0.64302613,0.00082478,0.64302607
-7335.19651847,0.64341390,0.10219750,0.64241888
-7357.70239143,0.63839261,0.00076811,0.63839255
-7322.06567750,0.65589020,0.00060094,0.65589016
-7329.96702870,0.63882852,0.10300456,0.63781044
-7332.87433443,0.64388471,0.01043462,0.64387436
-7341.73501633,0.64609715,0.00059181,0.64609711
-7333.90679922,0.64357176,0.00127988,0.64357160
-7322.54541751,0.64908166,0.00059451,0.64908162
-7347.33569295,0.63416597,0.00123192,0.63416583
-7323.06055957,0.64210347,0.00058811,0.64210344
-7319.67665251,0.62323568,0.17761593,0.62012753
-7344.17689495,0.63733878,0.00058376,0.63733875
-7325.16624080,0.65162845,0.00059684,0.65162841
-7337.85922562,0.62650806,0.00057383,0.62650803
-7322.25836225,0.64221462,0.00092309,0.64221454
-7324.79904776,0.65128837,0.00059655,0.65128834
-7332.71865400,0.65037964,0.00059573,0.65037961
-7330.16004431,0.58421076,0.68976579,0.53199582
-7331.80512936,0.65016322,0.01093426,0.65015196
-7329.25512114,0.65059053,0.00134306,0.65059036
-7322.94181272,0.64478887,0.00059059,0.64478884
-7322.86064730,0.64486486,0.00059065,0.64486482
-7336.12096838,0.63600397,0.00058253,0.63600393
-7336.05832375,0.63458577,0.00058123,0.63458574
-7342.81966397,0.64015978,0.00100974,0.64015968
-7323.67221232,0.64032537,0.00058649,0.64032534
-7338.83355671,0.63757922,0.00058397,0.63757918
-7342.90231861,0.63400936,0.00058070,0.63400932
-7327.07263093,0.64539825,0.00059114,0.64539821
-7319.00435008,0.63650232,0.00058298,0.63650229
-7351.29461070,0.63740986,0.00138973,0.63740967
-7345.97792359,0.63835910,0.00058470,0.63835906
-7343.65863368,0.59844037,0.41304512,0.58071646
-7352.56762246,0.64727895,0.00059286,0.64727892
-7350.75902856,0.64273903,0.00061464,0.64273899
-7330.39123941,0.64038433,0.00058656,0.64038430
-7337.03219129,0.65027049,0.00179184,0.65027019
-7350.98107903,0.64076394,0.00058690,0.64076391
-7328.59320907,0.64919765,0.00059462,0.64919762
-7360.49681512,0.62861511,0.26373668,0.62180079
-7328.17252023,0.64802398,0.00059354,0.64802395
-7347.98862409,0.64782135,0.00059339,0.64782132
-7362.82381408,0.64560023,0.00059132,0.64560020
-7332.84551352,0.64658973,0.00059224,0.64658970
-7341.52663046,0.63375481,0.00058047,0.63375477
-7337.75929913,0.64595468,0.00059164,0.64595464
-7342.25987686,0.64490859,0.00059413,0.64490855
-7352.45529910,0.65636938,0.00060119,0.65636934
-7352.14719163,0.64084366,0.00058697,0.64084363
-7341.97596931,0.65271138,0.00059784,0.65271135
-7343.83896884,0.66344590,0.00060766,0.66344587
-7361.14114465,0.63286371,0.00057965,0.63286367
-7375.00210747,0.64880747,0.00059432,0.64880744
-7366.78216402,0.63856420,0.00058487,0.63856417
-7387.14650017,0.63537958,0.00090551,0.63537950
-7384.49675848,0.63966637,0.00058590,0.63966634
-7376.81959253,0.64647923,0.00059212,0.64647920
-7382.69211631,0.64149845,0.00058757,0.64149842
-7375.53921437,0.64862956,0.00059410,0.64862953
-7376.26917795,0.64053764,0.00058668,0.64053761
-7365.40784347,0.65538776,0.00060028,0.65538772
-7373.75423261,0.65316196,0.00059825,0.65316193
-7377.92642625,0.65315142,0.00070491,0.65315137
-7377.49802110,0.65562587,0.00060071,0.65562583
-7385.34846338,0.64972642,0.00059510,0.64972639
-7375.45307120,0.64581986,0.00059152,0.64581982
-7400.82155365,0.64627216,0.00059193,0.64627212
-7413.77510027,0.61744088,0.23114968,0.61211767
-7383.18525628,0.63829585,0.00058463,0.63829581
-7401.15670533,0.64818885,0.07401038,0.64767105
-7382.27002247,0.64969627,0.00059508,0.64969623
-7398.70736071,0.63946863,0.00127655,0.63946847
-7389.62259793,0.65133484,0.06652366,0.65091855
-7363.02001204,0.64454949,0.00059035,0.64454945
-7384.52267124,0.64540457,0.00059115,0.64540454
-7405.66933764,0.63332124,0.00058007,0.63332121
-7415.18350919,0.63642319,0.00058291,0.63642316
-7405.00884238,0.60647914,0.36895681,0.59257162
-7413.85966465,0.64115910,0.14035239,0.63927450
-7413.08008374,0.63977966,0.00058637,0.63977963
-7380.68033150,0.65693703,0.00060170,0.65693700
-7376.47226372,0.65050072,0.00059580,0.65050069
-7400.84786681,0.63949469,0.00058573,0.63949466
-7414.93633351,0.63726592,0.00058369,0.63726589
-7424.53970267,0.63043398,0.00226343,0.63043348
-7398.20157437,0.65124057,0.00108063,0.65124046
-7422.09588784,0.63504056,0.00058166,0.63504053
-7369.66424604,0.65768161,0.00060244,0.65768158
-7381.72404668,0.63537752,0.00058195,0.63537749
-7403.35419609,0.63480015,0.00058143,0.63480012
-7429.13836638,0.64227999,0.00058827,0.64227996
-7385.22697090,0.64470494,0.00059050,0.64470491
-7373.62001074,0.64572856,0.00059149,0.64572853
-7405.27877689,0.63742003,0.00058382,0.63742000
-7368.04569876,0.65536674,0.00060026,0.65536670
-7406.54238298,0.62285807,0.00057049,0.62285804
-7387.52733920,0.62025785,0.00056810,0.62025782
-7392.50400765,0.63889842,0.00058518,0.63889839
-7358.31374738,0.65464234,0.00059960,0.65464231
-7382.57651903,0.65018610,0.00059555,0.65018607
-7392.47067454,0.64011769,0.08603362,0.63940905
-7377.98668099,0.64168324,0.00058774,0.64168321
-7384.92356843,0.60163547,0.50780189,0.57478435
-7386.13045859,0.64231639,0.00058831,0.64231636
-7365.41607695,0.64541135,0.00068694,0.64541131
-7354.05863970,0.65030582,0.00060026,0.65030579
-7356.72523712,0.64163820,0.00058769,0.64163817
-7404.64847183,0.64879247,0.00059424,0.64879244
-7379.07208752,0.63545345,0.00058317,0.63545342
-7342.18450257,0.64902799,0.00059446,0.64902796
-7347.62128692,0.65738193,0.00060211,0.65738190
-7370.86868277,0.63803937,0.03514253,0.63792080
-7360.92879624,0.64381504,0.00058968,0.64381501
-7362.14944950,0.64533859,0.00064106,0.64533855
-7369.01203617,0.64201334,0.00058805,0.64201331
-7384.37064422,0.64119509,0.00058729,0.64119506
-7343.55404630,0.65621000,0.00060106,0.65620996
-7348.95595011,0.64672768,0.00059235,0.64672764
-7337.77738078,0.65270848,0.00059784,0.65270844
-7337.20866359,0.65301286,0.00117181,0.65301273
-7329.48716111,0.64572941,0.00059144,0.64572937
-7333.68818963,0.65676200,0.06697746,0.65634350
-7345.91835667,0.63657898,0.00058305,0.63657895
-7345.42682534,0.65185505,0.00105070,0.65185495
-7354.08637715,0.64137414,0.00152459,0.64137392
-7327.40194290,0.65704783,0.00089032,0.65704775
-7350.63381096,0.64701823,0.00059262,0.64701819
-7328.91723091,0.65116171,0.00059641,0.65116168
-7361.26137428,0.64544198,0.00096254,0.64544189
-7328.73933593,0.64350075,0.00058939,0.64350071
-7356.62364227,0.64162721,0.00078111,0.64162715
-7372.94890324,0.64800362,0.00059712,0.64800359
-7342.14158225,0.64105523,0.00058715,0.64105519
-7358.53927216,0.64389418,0.00058976,0.64389414
-7348.23265840,0.63565285,0.16235795,0.63310776
-7333.72536362,0.64721457,0.00059279,0.64721454
-7338.68683057,0.64282013,0.00091871,0.64282005
-7334.24065318,0.65518217,0.00084517,0.65518210
-7394.23700820,0.63786945,0.00236893,0.63786891
-7345.01087061,0.64693004,0.00059254,0.64693001
-7364.64296498,0.64425947,0.00307720,0.64425857
-7356.65262125,0.63246652,0.00057929,0.63246648
-7333.93162145,0.65596284,0.00060081,0.65596280
-7336.08563693,0.65673574,0.08256015,0.65609972
-7367.01811048,0.64341104,0.00066537,0.64341100
-7341.59373298,0.64650107,0.00059215,0.64650104
-7386.36988139,0.64580544,0.00061022,0.64580541
-7352.32451767,0.64972769,0.00059512,0.64972766
-7348.27965963,0.63423595,0.21385580,0.62980377
-7369.01013225,0.65264834,0.00059779,0.65264830
-7356.70678861,0.64720399,0.00059279,0.64720396
-7369.89051891,0.63908842,0.00058535,0.63908838
-7366.78673028,0.64252759,0.00058851,0.64252755
-7334.35598291,0.65424781,0.00059924,0.65424778
-7370.37483449,0.64273675,0.00062121,0.64273671
-7367.28248674,0.64386332,0.00058973,0.64386329
-7394.25296327,0.63196684,0.07496409,0.63142195
-7365.35761058,0.64132128,0.00088224,0.64132120
-7361.72910564,0.64746869,0.00059303,0.64746866
-7385.76222604,0.64308739,0.00058902,0.64308736
-7377.26763165,0.64459002,0.00059254,0.64458999
-7382.11785192,0.63598568,0.00058251,0.63598564
-7388.16290917,0.64321989,0.00059571,0.64321986
-7381.66986402,0.62537748,0.00057279,0.62537744
-7379.15085220,0.62805565,0.28795063,0.61991672
-7389.62153444,0.62227133,0.00056995,0.62227129
-7364.33006213,0.64638822,0.00059204,0.64638819
-7383.56135564,0.64050850,0.00058665,0.64050847
-7382.34706215,0.64415011,0.00058999,0.64415008
-7403.66263880,0.64004695,0.00058896,0.64004692
-7413.80320624,0.62045683,0.00056829,0.62045680
-7393.25912769,0.64296634,0.00058893,0.64296630
-7395.39427703,0.65564841,0.00064439,0.65564837
-7403.34025160,0.63552924,0.00058209,0.63552921
-7413.90365916,0.63191731,0.00057878,0.63191728
-7410.17090983,0.63744163,0.00074109,0.63744158
-7385.66930575,0.62541154,0.29438012,0.61686610
-7392.34410092,0.63496343,0.00058157,0.63496340
-7399.42389177,0.64927134,0.00059468,0.64927131
-7386.96525337,0.65215449,0.00059732,0.65215445
-7410.78403624,0.63899207,0.00095805,0.63899198
-7397.24512897,0.62419082,0.32657451,0.61363625
-7449.43400318,0.58186735,0.54260014,0.55000344
-7407.01462357,0.64652974,0.00299964,0.64652888
-7413.61545982,0.63742070,0.00095900,0.63742061
-7407.05432551,0.63659892,0.00093495,0.63659884
-7406.94698322,0.63403386,0.00058072,0.63403383
-7414.22492626,0.64674753,0.00059247,0.64674750
-7417.08950734,0.65076788,0.00059607,0.65076785
-7412.15079064,0.63796525,0.00058432,0.63796521
-7423.53631605,0.64832770,0.00059381,0.64832767
-7426.89451364,0.63506757,0.00058167,0.63506754
-7432.93333139,0.64062049,0.00058676,0.64062046
-7421.31218662,0.63321987,0.00057998,0.63321984
-7416.27762666,0.63992686,0.00058612,0.63992682
-7431.01678274,0.63261075,0.00057942,0.63261071
-7406.78504952,0.64803700,0.00059355,0.64803697
-7415.97145423,0.64172366,0.00061848,0.64172362
-7409.62058972,0.63940925,0.00058565,0.63940922
-7393.05305492,0.66255206,0.00911138,0.66254438
-7425.64399148,0.63934558,0.00058563,0.63934555
-7397.53612387,0.65760468,0.00060232,0.65760464
-7400.38167072,0.64858944,0.00062990,0.64858941
-7389.81279811,0.65791717,0.00060260,0.65791714
-7408.01120884,0.63828251,0.00058461,0.63828248
-7416.27485439,0.64213240,0.00064052,0.64213236
-7409.22544802,0.62128937,0.24240777,0.61546908
-7424.39272895,0.63136131,0.00057828,0.63136128
-7399.13672897,0.65192606,0.00243707,0.65192550
-7393.74526296,0.65575814,0.00060063,0.65575811
-7402.52139770,0.64221987,0.00058822,0.64221984
-7410.55988029,0.62994892,0.00057698,0.62994889
-7407.34966096,0.65192719,0.00062354,0.65192715
-7403.51155665,0.60744316,0.47287518,0.58446116
-7367.62573146,0.65581173,0.00060067,0.65581170
-7362.21783738,0.65506748,0.00059999,0.65506745
-7367.16803518,0.64272686,0.00058868,0.64272683
-7378.89257345,0.65203268,0.00059721,0.65203264
-7385.65540190,0.63459366,0.00058123,0.63459362
-7366.11816593,0.64318753,0.00058911,0.64318750
-7387.25370875,0.64034753,0.00058650,0.64034749
-7369.04391130,0.65133295,0.04602190,0.65113374
-7362.61960609,0.64719585,0.00059278,0.64719581
-7409.12144493,0.63534001,0.00058192,0.63533997
-7382.20341259,0.63319940,0.00057996,0.63319937
-7386.80157948,0.63663226,0.00058311,0.63663223
-7382.16904420,0.64296792,0.00058897,0.64296789
-7374.75062094,0.63827977,0.00058461,0.63827974
-7408.32443918,0.63885913,0.00058514,0.63885910
-7361.35615947,0.64869185,0.00059415,0.64869182
-7391.09605928,0.64224841,0.00058825,0.64224837
-7393.76043913,0.63133315,0.14145529,0.62938889
-7386.43037476,0.63771846,0.00058410,0.63771843
-7385.36551808,0.63831581,0.02210226,0.63826893
-7369.43833491,0.64161282,0.00058767,0.64161279
-7360.38382937,0.65049088,0.00059580,0.65049084
-7355.53567291,0.64533945,0.00059108,0.64533941
-7371.74695248,0.64244174,0.00058842,0.64244170
-7407.77407519,0.64326399,0.00097055,0.64326390
-7377.89592695,0.64017775,0.00058636,0.64017772
-7372.60081972,0.64660113,0.00059224,0.64660109
-7356.97204787,0.63666958,0.00058314,0.63666955
-7358.61665747,0.64862412,0.00062236,0.64862408
-7346.52576251,0.64223658,0.00058823,0.64223655
-7376.15612078,0.63167004,0.13099396,0.63000398
-7357.04618961,0.63164670,0.00057854,0.63164667
-7364.46442644,0.63761407,0.00058400,0.63761404
-7352.16352072,0.65093338,0.00077499,0.65093332
-7364.46066271,0.64388993,0.01904426,0.64385543
-7367.93685231,0.64581249,0.00059152,0.64581246
-7369.59563579,0.63974595,0.00058595,0.63974591
-7363.15540574,0.64780562,0.00095112,0.64780554
-7374.49409447,0.65027341,0.00059560,0.65027337
-7354.98631785,0.63971005,0.00058592,0.63971002
-7362.71109883,0.63745322,0.00058385,0.63745319
-7349.38348031,0.63890805,0.00058519,0.63890802
-7366.92170560,0.64851519,0.00059634,0.64851516
-7383.24936817,0.63728507,0.00108702,0.63728496
-7349.82196907,0.64471592,0.00059051,0.64471588
-7371.12412563,0.64071609,0.00058702,0.64071605
-7369.27390741,0.64755475,0.00059311,0.64755472
-7381.20188014,0.62852042,0.18940157,0.62501479
-7373.20759502,0.64256509,0.00188203,0.64256476
-7366.76168801,0.63775499,0.00058413,0.63775496
-7366.45294822,0.62548338,0.39542555,0.60997966
-7370.40368675,0.64991684,0.00059527,0.64991680
-7384.48392482,0.64296292,0.00058891,0.64296289
-7351.24936467,0.65161285,0.00059682,0.65161282
-7371.31104173,0.63854520,0.00058485,0.63854516
-7398.38320428,0.64780917,0.00059334,0.64780914
-7376.06793880,0.64386231,0.14457962,0.64187072
-7408.41575318,0.61897203,0.29150836,0.61050527
-7374.48365580,0.65193293,0.00059713,0.65193290
-7364.12107326,0.65674894,0.00060153,0.65674890
-7368.73058629,0.65492200,0.00059985,0.65492197
-7375.68817160,0.65162334,0.00115912,0.65162322
-7373.33587707,0.65860327,0.00060323,0.65860324
-7400.62315711,0.65419376,0.00059919,0.65419373
-7375.71766449,0.64912795,0.00059455,0.64912791
-7382.67500372,0.65292107,0.00059803,0.65292103
-7380.55554523,0.65155821,0.00059677,0.65155817
-7416.63529184,0.59438742,0.50360069,0.56765195
-7364.71948693,0.66609645,0.00119656,0.66609632
-7385.07067849,0.64924891,0.00059466,0.64924888
-7388.87962433,0.65336254,0.00059843,0.65336251
-7385.91733132,0.65411355,0.00059912,0.65411352
-7374.96223655,0.65550024,0.00328080,0.65549924
-7383.66363576,0.65444968,0.00064252,0.65444964
-7388.51873867,0.64896704,0.00059440,0.64896701
-7379.96506090,0.65082135,0.00059610,0.65082132
-7403.58562848,0.65203902,0.00059722,0.65203899
-7401.86784615,0.64380213,0.00058967,0.64380210
-7388.53452236,0.64874069,0.00059419,0.64874065
-7398.33453669,0.63435248,0.00058101,0.63435245
-7429.65070347,0.63291603,0.00057970,0.63291600
-7405.73109045,0.65039891,0.00059571,0.65039888
-7437.00504404,0.63110616,0.00057805,0.63110613
-7398.23552719,0.65117628,0.00059642,0.65117625
-7440.02517650,0.64046345,0.00058662,0.64046342
-7443.91205910,0.63196787,0.17366032,0.62903819
-7451.95129301,0.63131924,0.00057825,0.63131921
-7428.27546415,0.64193976,0.00058796,0.64193972
-7419.12937804,0.64230869,0.00058830,0.64230866
-7431.88950290,0.64216162,0.00058819,0.64216159
-7436.29228641,0.65041440,0.00059573,0.65041437
-7410.90320936,0.63955529,0.00058578,0.63955526
-7412.30433764,0.65616202,0.00060101,0.65616198
-7453.92022487,0.63666903,0.00058314,0.63666900
-7450.90927997,0.64703146,0.00080908,0.64703140
-7435.48987944,0.64803241,0.00059393,0.64803238
-7433.30107760,0.65832516,0.00093167,0.65832508
-7437.88613345,0.63071829,0.23239632,0.62545149
-7445.29908176,0.63951875,0.00058575,0.63951871
-7423.72352465,0.65776541,0.00076997,0.65776536
-7434.15658571,0.60780437,0.50553563,0.58148025
-7441.32537501,0.65579211,0.00060065,0.65579208
-7440.16745037,0.64419987,0.00059004,0.64419984
-7432.14702229,0.66191954,0.00063185,0.66191951
-7461.80597634,0.64188445,0.00058996,0.64188442
-7478.05111521,0.63657734,0.08151261,0.63593771
-7431.91008750,0.65262568,0.00059775,0.65262565
-7440.22061616,0.64351145,0.00058940,0.64351141
-7448.86284910,0.64707222,0.00059268,0.64707219
-7441.86391396,0.64433812,0.00059166,0.64433809
-7449.98713809,0.63462372,0.00058126,0.63462368
-7462.61798202,0.63861323,0.00058505,0.63861320
-7474.12575199,0.64065858,0.00058682,0.64065855
-7451.56826909,0.64054104,0.00058995,0.64054101
-7463.97028491,0.62602019,0.16600130,0.62331823
-7437.30997408,0.65651210,0.00060132,0.65651206
-7463.24498953,0.63754246,0.00058908,0.63754243
-7442.00941894,0.62179369,0.33241780,0.61081171
-7438.37642965,0.64807331,0.00234328,0.64807279
-7446.43710801,0.65572113,0.00066931,0.65572109
-7454.88169276,0.63845125,0.00058478,0.63845121
-7458.95101344,0.64593869,0.05906342,0.64560782
-7435.19879574,0.64324351,0.00058916,0.64324348
-7422.67030551,0.65827923,0.00060293,0.65827919
-7429.86905597,0.64580661,0.00059150,0.64580658
-7446.85912623,0.64553066,0.00080560,0.64553060
-7417.33500062,0.65397475,0.00149850,0.65397454
-7436.39475207,0.65456106,0.00059953,0.65456103
-7436.30618273,0.64841553,0.00059390,0.64841549
-7427.42226981,0.65273683,0.00059786,0.65273680
-7415.54243218,0.64903424,0.00059446,0.64903421
-7417.64416623,0.64409375,0.00058996,0.64409371
-7404.20817757,0.65609126,0.00074581,0.65609121
-7406.42171006,0.66095402,0.00060538,0.66095398
-7419.60313962,0.65365903,0.00061343,0.65365900
-7436.63516394,0.63947018,0.00058571,0.63947014
-7406.51917410,0.64566606,0.00059138,0.64566602
-7421.04642674,0.65352550,0.00172727,0.65352522
-7418.32615784,0.65036675,0.00059568,0.65036672
-7423.20784930,0.63518795,0.00058178,0.63518792
-7417.46607170,0.64449853,0.05948629,0.64416215
-7395.58400840,0.65037176,0.00059569,0.65037173
-7416.17791770,0.64253447,0.00058851,0.64253444
-7364.50047470,0.66721787,0.00061112,0.66721784
-7413.52372567,0.64273745,0.00058869,0.64273742
-7385.95782208,0.65855969,0.00065826,0.65855965
-7383.63266643,0.65152470,0.00059674,0.65152467
-7396.62371713,0.64813360,0.00059364,0.64813356
-7380.31792306,0.65422586,0.00059922,0.65422583
-7382.26615853,0.64843679,0.00084456,0.64843673
-7365.37609695,0.65506968,0.00059999,0.65506965
-7395.24286740,0.65573463,0.00066601,0.65573459
-7363.41195700,0.65079475,0.00059607,0.65079471
-7381.80515591,0.63890054,0.00058518,0.63890051
-7376.00061999,0.64668177,0.00059231,0.64668173
-7392.71022515,0.63835036,0.00058468,0.63835032
-7369.02502404,0.64422529,0.00059006,0.64422526
-7395.92180747,0.63522604,0.00058182,0.63522600
-7382.75570721,0.64331733,0.00058923,0.64331730
-7368.90804898,0.64733158,0.00059290,0.64733155
-7368.69226793,0.64245685,0.12674444,0.64092351
-7369.54426177,0.63900441,0.00058527,0.63900437
-7369.61306400,0.65375869,0.00084651,0.65375862
-7374.71731484,0.63694694,0.00058339,0.63694690
-7364.37866390,0.64314141,0.00058907,0.64314138
-7381.95683508,0.64686160,0.00116924,0.64686147
-7359.06919254,0.63736934,0.18055764,0.63422870
-7365.52067884,0.62518088,0.30141534,0.61621576
-7347.45070156,0.64636336,0.16239984,0.64385931
-7369.39077237,0.63411507,0.00058080,0.63411504
-7355.36059075,0.64469132,0.00059049,0.64469129
-7362.58436947,0.63501383,0.00058162,0.63501380
-7346.79498874,0.65073329,0.00104013,0.65073319
-7380.72717715,0.64434841,0.00077155,0.64434836
-7365.06697306,0.61129678,0.46996520,0.58875081
-7353.53044915,0.64806653,0.00094077,0.64806645
-7419.24200250,0.63488878,0.13200747,0.63320540
-7386.51877429,0.63369142,0.14395888,0.63168513
-7388.60389744,0.64784789,0.00072419,0.64784784
-7360.07200794,0.64959795,0.00059498,0.64959791
-7340.59511000,0.64312062,0.19438965,0.63951168
-7363.40598809,0.65106107,0.00059632,0.65106104
-7364.37694928,0.63734819,0.00058376,0.63734816
-7352.64412070,0.65102139,0.08252979,0.65038026
-7360.81460240,0.65301250,0.00059811,0.65301247
-7371.62156205,0.64949244,0.00059958,0.64949240
-7379.77270426,0.63546170,0.15546507,0.63312781
-7352.84943919,0.64481849,0.00105266,0.64481838
-7369.37396481,0.64373827,0.00058963,0.64373824
-7359.16421799,0.64959704,0.00059499,0.64959701
-7370.23939995,0.64351095,0.00058940,0.64351092
-7385.20949483,0.63728344,0.00087685,0.63728337
-7369.53346416,0.64586939,0.00060048,0.64586936
-7357.32864296,0.63560043,0.16724400,0.63289930
-7381.93685632,0.63588119,0.00058242,0.63588115
-7398.13992714,0.62933694,0.00057642,0.62933691
-7354.48187776,0.65240582,0.00066838,0.65240578
-7365.74517801,0.62059437,0.35155540,0.60827416
-7371.28624661,0.64666070,0.00084986,0.64666063
-7371.89164297,0.64247850,0.00061236,0.64247846
-7375.87799106,0.63208112,0.26815093,0.62507455
-7360.57790017,0.65309607,0.00059818,0.65309604
-7371.69835560,0.64814241,0.00059365,0.64814238
-7351.14685607,0.65051681,0.08600447,0.64981998
-7371.96523650,0.63317958,0.14659979,0.63109719
-7369.95919005,0.65224972,0.00059744,0.65224969
-7397.39028961,0.63204290,0.00057890,0.63204286
-7388.83348746,0.64482696,0.04695398,0.64461751
-7349.75383057,0.66873039,0.00061250,0.66873035
-7363.51026644,0.65034597,0.00059567,0.65034594
-7392.78564183,0.64320171,0.00130586,0.64320154
-7394.37450330,0.63850571,0.00058482,0.63850567
-7381.05565813,0.63516050,0.12765524,0.63358711
-7363.24130400,0.65597070,0.00060081,0.65597067
-7382.89294894,0.61694464,0.36677892,0.60344109
-7378.24989594,0.65247021,0.00059761,0.65247018
-7420.38530866,0.64417257,0.00076340,0.64417251
-7393.21836236,0.59927726,0.58220705,0.56356900
-7390.85882712,0.64668101,0.00091784,0.64668093
-7396.58997437,0.65225520,0.00059741,0.65225516
-7432.13899358,0.59383780,0.50403736,0.56702888
-7388.86665853,0.66497674,0.00091130,0.66497666
-7406.37548902,0.64818268,0.00059369,0.64818265
-7395.22802922,0.65326926,0.06957741,0.65281521
-7412.17819410,0.64007711,0.00058626,0.64007708
-7414.47333148,0.65007555,0.00059543,0.65007552
-7401.32029728,0.64515967,0.00059092,0.64515963
-7410.95371112,0.64554864,0.00059127,0.64554861
-7420.04044461,0.63765489,0.10187364,0.63665723
-7415.17161020,0.65992174,0.00060445,0.65992170
-7414.01841167,0.65385910,0.00091265,0.65385902
-7420.98323572,0.66054510,0.00060501,0.66054507
-7426.23206054,0.64199097,0.00058801,0.64199094
-7434.05911149,0.64672194,0.00059243,0.64672190
-7450.51854955,0.62084975,0.25510255,0.61439599
-7436.65018789,0.63076512,0.29516428,0.62224769
-7474.76688247,0.62991182,0.16311265,0.62731945
-7422.38467860,0.63975210,0.00058596,0.63975206
-7424.81245318,0.65612232,0.00060096,0.65612228
-7442.09297045,0.64625158,0.00059192,0.64625154
-7424.01449116,0.64487926,0.00059066,0.64487923
-7432.60616565,0.64145588,0.00058753,0.64145585
-7437.63247207,0.65226479,0.00095867,0.65226470
-7414.36201449,0.65656121,0.00061462,0.65656117
-7412.85727821,0.64846266,0.00059394,0.64846263
-7440.98250869,0.64331165,0.00058922,0.64331161
-7461.62540286,0.63379083,0.00107267,0.63379072
-7458.35414380,0.64184134,0.00061688,0.64184131
-7421.31595698,0.63695006,0.00058339,0.63695003
-7429.23188618,0.64769103,0.00059323,0.64769100
-7432.17901709,0.64242289,0.00058845,0.64242286
-7429.92643708,0.64776232,0.00140288,0.64776213
-7422.35543103,0.65288351,0.00059800,0.65288347
-7449.27519593,0.64507815,0.00080534,0.64507809
-7440.48418606,0.65279224,0.01779853,0.65276252
-7449.30583755,0.63777883,0.00058415,0.63777880
-7403.77483874,0.64831719,0.16570966,0.64571771
-7423.25717784,0.64614352,0.00059361,0.64614348
-7431.75511143,0.64956671,0.00072436,0.64956666
-7421.98071260,0.65143099,0.00059689,0.65143096
-7471.82182249,0.63585205,0.00102570,0.63585195
-7497.37624371,0.62932079,0.00057641,0.62932076
-7447.20019082,0.63933677,0.00058558,0.63933674
-7431.27773125,0.63982728,0.00091145,0.63982720
-7417.08636174,0.63493419,0.00058155,0.63493416
-7439.50568609,0.63208844,0.16126118,0.62956347
-7413.04998868,0.63136333,0.00057828,0.63136330
-7506.59294330,0.61692425,0.14362284,0.61487288
-7411.81188726,0.64160806,0.00058766,0.64160803
-7437.79177505,0.62841901,0.00057826,0.62841898
-7414.87738495,0.62844512,0.09257867,0.62760923
-7408.67663552,0.64390833,0.00058979,0.64390830
-7390.81192734,0.65180200,0.00163811,0.65180175
-7387.79958211,0.65575261,0.00063342,0.65575257
-7416.83732292,0.64168970,0.00058774,0.64168966
-7421.88970586,0.63459267,0.00058123,0.63459264
-7392.85768500,0.65134814,0.00073344,0.65134808
-7407.30778936,0.64045964,0.11925709,0.63909805
-7406.77659831,0.65479650,0.00071953,0.65479646
-7396.53088597,0.64470608,0.04331570,0.64452780
-7384.99137290,0.59768992,0.59796110,0.55985038
-7387.74419386,0.64526539,0.09921559,0.64433033
-7371.92513709,0.65424833,0.00059924,0.65424830
-7385.79565622,0.61784341,0.36833654,0.60424390
-7369.82611973,0.65036444,0.00059568,0.65036441
-7395.04429042,0.64243279,0.00058842,0.64243275
-7386.42724716,0.64431014,0.00059543,0.64431011
-7364.76685065,0.64536920,0.00059110,0.64536917
-7384.51131051,0.60723863,0.47544663,0.58399288
-7398.41248847,0.60049972,0.46512360,0.57801234
-7361.32188818,0.64818279,0.00059368,0.64818276
-7360.41969755,0.64384204,0.00058971,0.64384200
-7374.40321120,0.64370049,0.00058958,0.64370045
-7357.41576586,0.64762755,0.13408011,0.64592507
-7368.06258529,0.64154521,0.00058760,0.64154517
-7383.06913249,0.60963970,0.30946163,0.59994097
-7356.27572662,0.63175662,0.21985860,0.62705266
-7378.80374327,0.63131541,0.00057823,0.63131538
-7373.22747272,0.61901099,0.21100380,0.61458977
-7367.40283544,0.60854161,0.37270029,0.59439630
-7365.85902591,0.59391382,0.58572517,0.55741103
-7373.25205636,0.62945708,0.00057653,0.62945704
-7396.30672647,0.62812449,0.00057642,0.62812446
-7383.82600036,0.60178918,0.29745512,0.59271534
-7364.67915586,0.63714109,0.00058357,0.63714106
-7359.90754665,0.64548280,0.00059122,0.64548276
-7355.58966879,0.63496949,0.00058172,0.63496945
-7366.83479828,0.63925374,0.00058551,0.63925371
-7364.82372588,0.63793323,0.11369404,0.63669092
-7359.96151714,0.64041524,0.00058658,0.64041521
-7371.48795978,0.64210941,0.00058946,0.64210938
-7359.17600089,0.63576245,0.00058231,0.63576242
-7361.95367608,0.64611072,0.00085995,0.64611065
-7365.11211948,0.64803209,0.00364767,0.64803083
-7370.56112702,0.63810011,0.12305631,0.63664492
-7372.32245659,0.64726493,0.00059284,0.64726490
-7369.46204707,0.63758946,0.00058398,0.63758943
-7374.77254803,0.65130639,0.00063786,0.65130635
-7375.33112041,0.64504229,0.00059081,0.64504225
-7380.95043513,0.65235103,0.00059751,0.65235100
-7429.74979690,0.59198376,0.37615199,0.57715874
-7392.96770511,0.64589217,0.00059158,0.64589214
-7396.67985810,0.63669292,0.00058316,0.63669289
-7395.98575789,0.63923572,0.00156968,0.63923549
-7401.37401667,0.62905269,0.11082992,0.62785555
-7396.21120620,0.64283309,0.00073265,0.64283304
-7396.70093863,0.64188593,0.00058793,0.64188590
-7405.32869442,0.63611600,0.00058263,0.63611596
-7396.87116892,0.63211014,0.00057896,0.63211011
-7405.81589664,0.64097308,0.00058708,0.64097305
-7396.41534667,0.65259133,0.00059772,0.65259130
-7395.77425587,0.64886109,0.00059430,0.64886106
-7413.18401248,0.64330751,0.00073950,0.64330746
-7435.15230125,0.64009308,0.00112048,0.64009296
-7415.79937609,0.64248419,0.00058846,0.64248416
-7432.46663717,0.63289328,0.00057968,0.63289325
-7444.79263646,0.63235192,0.00057918,0.63235188
-7419.05981546,0.64001751,0.00058620,0.64001748
-7405.79961864,0.66217382,0.00084774,0.66217375
-7431.82451338,0.63867247,0.00058498,0.63867244
-7422.42978204,0.64627359,0.00084137,0.64627352
-7426.65269962,0.64522099,0.00088215,0.64522091
-7425.73779432,0.63919593,0.00058953,0.63919590
-7443.88623273,0.62032529,0.23830984,0.61469220
-7448.39725600,0.64075329,0.00058779,0.64075326
-7430.83601384,0.63508053,0.11839852,0.63372710
-7442.05065438,0.63809796,0.00058444,0.63809793
-7450.33815736,0.59435439,0.44248910,0.57382232
-7423.13231976,0.63542886,0.00058200,0.63542883
-7439.42073428,0.63766506,0.00129605,0.63766489
-7427.61866993,0.64644216,0.00195572,0.64644180
-7416.64303962,0.65162075,0.00059683,0.65162072
-7438.48318946,0.60655661,0.44766476,0.58597053
-7440.72379511,0.64064818,0.00058678,0.64064814
-7472.00558696,0.62740107,0.14352173,0.62538691
-7438.08025265,0.64427812,0.00059010,0.64427809
-7435.02265256,0.62174204,0.26090289,0.61499963
-7444.22565700,0.64426382,0.00059009,0.64426378
-7447.23916009,0.64536120,0.00059112,0.64536117
-7441.42513362,0.61392052,0.35977760,0.60086772
-7447.75958766,0.64284011,0.00058881,0.64284008
-7473.86626918,0.62541616,0.16928106,0.62260341
-7439.19847820,0.63933940,0.19791999,0.63557554
-7462.69101495,0.63500701,0.00058161,0.63500698
-7449.42290119,0.62705370,0.20574606,0.62290508
-7439.56155920,0.65105647,0.00059632,0.65105644
-7457.84688114,0.65099008,0.00059626,0.65099005
-7443.99259971,0.65083895,0.00059612,0.65083891
-7467.17030435,0.64652692,0.05503806,0.64623988
-7457.76115882,0.63957592,0.00058580,0.63957589
-7472.36514645,0.64795947,0.00071859,0.64795943
-7453.06787114,0.62670537,0.28481372,0.61872656
-7479.56352921,0.63602833,0.00058256,0.63602830
-7462.00648284,0.65074982,0.00060769,0.65074979
-7464.17644058,0.64526803,0.00059127,0.64526800
-7468.07724508,0.63567810,0.00058223,0.63567807
-7451.74345628,0.64395548,0.00068741,0.64395543
-7462.88578405,0.64570700,0.00059142,0.64570697
-7466.30631181,0.64005583,0.00058624,0.64005580
-7462.97798402,0.64331350,0.09135459,0.64251842
-7462.24995760,0.64373597,0.00105306,0.64373586
-7454.05571366,0.63962311,0.00058584,0.63962308
-7464.33198899,0.62846215,0.00057562,0.62846212
-7468.19594909,0.64056875,0.00058671,0.64056872
-7477.65932480,0.63555986,0.00058212,0.63555982
-7464.60929323,0.64370999,0.00068669,0.64370995
-7500.89942281,0.59511434,0.44366835,0.57449803
-7441.09340554,0.64487898,0.00059066,0.64487895
-7444.20500818,0.65087376,0.00059615,0.65087372
-7454.69038179,0.63829646,0.00058463,0.63829642
-7454.40954971,0.64557673,0.00059143,0.64557669
-7451.03762358,0.65051666,0.00059584,0.65051663
-7438.06739864,0.66013230,0.00171525,0.66013203
-7457.39469395,0.63535430,0.00058193,0.63535427
-7454.81391286,0.64430476,0.00059014,0.64430472
-7438.82882859,0.64956042,0.00059494,0.64956038
-7448.79458648,0.65219807,0.00059739,0.65219803
-7454.79058712,0.65002842,0.00059539,0.65002839
-7429.84606255,0.65165065,0.00059686,0.65165062
-7453.92475359,0.65150435,0.00073162,0.65150430
-7436.16387583,0.65299917,0.00062426,0.65299913
-7464.02860437,0.63735378,0.00058411,0.63735375
-7424.67410040,0.65277320,0.00059789,0.65277317
-7438.13134493,0.64875673,0.00059421,0.64875670
-7441.80443000,0.64787681,0.00062213,0.64787677
-7438.39885773,0.64927711,0.00128414,0.64927696
-7449.14605785,0.63898982,0.00058526,0.63898979
-7444.98931340,0.64409328,0.00077813,0.64409322
-7437.80491005,0.64482865,0.00059062,0.64482861
-7468.09994096,0.63689406,0.00058334,0.63689403
-7450.60898909,0.63725627,0.00058367,0.63725624
-7449.27455811,0.64323618,0.00105758,0.64323607
-7438.35519543,0.65109714,0.00126205,0.65109699
-7456.72021587,0.62630908,0.00057365,0.62630905
-7445.94916863,0.62995265,0.00057698,0.62995262
-7465.97851735,0.63902970,0.00058530,0.63902967
-7444.60356578,0.62532569,0.18218577,0.62206610
-7449.08799581,0.63413221,0.12435996,0.63263666
-7441.46496546,0.63999958,0.07111792,0.63951535
-7445.16030060,0.63404789,0.00058074,0.63404786
-7443.17003701,0.63624903,0.02634362,0.63618222
-7434.06344253,0.65315094,0.00060412,0.65315091
-7432.34523460,0.64375425,0.00058963,0.64375422
-7418.59757896,0.63838791,0.17835119,0.63532866
-7415.01856594,0.64296905,0.00058891,0.64296902
-7408.31027273,0.65643668,0.00060124,0.65643665
-7439.24299509,0.64330126,0.00127736,0.64330110
-7406.92064196,0.64776762,0.00059330,0.64776759
-7417.73989666,0.63847147,0.00058479,0.63847144
-7407.93160025,0.63818547,0.16144630,0.63567897
-7415.55327294,0.63670240,0.00058317,0.63670237
-7413.60408523,0.64031052,0.00058647,0.64031049
-7427.82407209,0.64619123,0.00059186,0.64619120
-7406.81171392,0.64946805,0.00059486,0.64946802
-7435.37028672,0.64494221,0.06073341,0.64459181
-7407.59344694,0.64127807,0.00058736,0.64127803
-7424.68973959,0.63817818,0.00058453,0.63817815
-7398.63585057,0.66346778,0.00060769,0.66346775
-7423.87170050,0.65067073,0.00095071,0.65067065
-7425.86257552,0.63816765,0.00058451,0.63816762
-7425.62627789,0.65330565,0.00059838,0.65330562
-7408.77131444,0.64704015,0.00059264,0.64704012
-7409.48610441,0.64820939,0.00059371,0.64820935
-7421.66710593,0.63936436,0.00058561,0.63936432
-7407.94321926,0.63705667,0.00058349,0.63705664
-7435.02625677,0.63389803,0.00144888,0.63389783
-7403.13365369,0.65386103,0.00200415,0.65386066
-7439.27745252,0.63916556,0.00144449,0.63916536
-7442.13457647,0.63196456,0.01757123,0.63193463
-7421.56529427,0.64461895,0.00059651,0.64461891
-7425.00235893,0.63913761,0.00074335,0.63913755
-7434.75831184,0.62292467,0.11358189,0.62165488
-7430.86243791,0.63602051,0.00058254,0.63602047
-7431.81010041,0.63629897,0.00108688,0.63629886
-7427.60591507,0.63631588,0.00058409,0.63631584
-7412.66492990,0.62229793,0.00056997,0.62229789
-7423.02374787,0.63958174,0.00058580,0.63958171
-7428.52396620,0.63559470,0.00058215,0.63559467
-7431.82572999,0.62301343,0.21637166,0.61839363
-7405.24942588,0.65410169,0.00059910,0.65410165
-7427.14975413,0.63813730,0.00058448,0.63813727
-7434.27541413,0.63290857,0.00057969,0.63290854
-7428.50100571,0.62077465,0.34817003,0.60869650
-7446.53497129,0.63392302,0.00058065,0.63392299
-7450.27543559,0.64035828,0.00095060,0.64035819
-7430.80613035,0.64792020,0.00059346,0.64792016
-7457.86187652,0.64085406,0.00058699,0.64085403
-7432.35260797,0.64242401,0.00058841,0.64242398
-7473.79364690,0.61784433,0.21610642,0.61319705
-7445.38653616,0.63998495,0.00058617,0.63998492
-7449.88244195,0.64129271,0.00140154,0.64129252
-7447.70614596,0.64868742,0.00059416,0.64868739
-7461.81453959,0.64055951,0.01497110,0.64053808
-7448.99390752,0.64784889,0.00118626,0.64784876
-7455.67988706,0.63821854,0.14562948,0.63617995
-7468.18290191,0.63585060,0.03300524,0.63574565
-7530.87966156,0.57125118,0.64046991,0.52543144
-7466.64467742,0.64262869,0.00058860,0.64262866
-7464.59639132,0.64263428,0.00067121,0.64263424
-7478.36828152,0.64299298,0.00093808,0.64299289
-7458.18390709,0.65275027,0.00122603,0.65275013
-7474.23130834,0.63564951,0.00058220,0.63564947
-7502.17606435,0.63510379,0.00058171,0.63510376
-7465.60213301,0.60757186,0.40397595,0.59089084
-7482.04336003,0.64264718,0.00058862,0.64264715
-7476.66523663,0.64043754,0.00058660,0.64043750
-7468.26668118,0.64118654,0.00058728,0.64118650
-7511.52108721,0.63258281,0.10457097,0.63152313
-7476.62200095,0.65251859,0.00064604,0.65251855
-7476.07412407,0.63471969,0.14137455,0.63278804
-7474.09100799,0.65186469,0.00059706,0.65186465
-7463.17656580,0.65779743,0.00103231,0.65779733
-7483.39150424,0.63615893,0.00058267,0.63615889
-7485.80685905,0.65150790,0.07969713,0.65091050
-7500.70843168,0.63923985,0.00058549,0.63923982
-7486.60407066,0.64633415,0.00059200,0.64633411
-7501.72807846,0.63637292,0.00058287,0.63637289
-7497.03924151,0.63962795,0.00058845,0.63962792
-7496.08750990,0.64634522,0.00059200,0.64634519
-7484.09647279,0.64271920,0.07546505,0.64217625
-7466.25746321,0.65370676,0.18812614,0.65038225
-7507.94308615,0.58742580,0.55172672,0.55477903
-7492.17502849,0.64754359,0.00059310,0.64754356
-7493.59571518,0.63374814,0.00058046,0.63374811
-7501.63907109,0.63389019,0.00058059,0.63389016
-7494.69042013,0.63517635,0.03128765,0.63508195
-7517.75196552,0.63901187,0.00058529,0.63901184
-7474.87326400,0.63025481,0.00057726,0.63025477
-7502.92804257,0.63470484,0.00063498,0.63470480
-7503.10389471,0.64156012,0.00058838,0.64156008
-7493.79750998,0.63508827,0.00058169,0.63508824
-7483.75625523,0.61761543,0.32575178,0.60700068
-7486.76831742,0.64787122,0.00059340,0.64787119
-7504.57931733,0.63359835,0.03377314,0.63348808
-7509.07914834,0.63171770,0.00057860,0.63171766
-7508.20106278,0.63133507,0.00057825,0.63133504
-7508.21040480,0.63823783,0.00072557,0.63823778
-7494.06734838,0.63897037,0.00058525,0.63897033
-7506.61274045,0.63135363,0.00060179,0.63135359
-7513.01087463,0.62779355,0.00057501,0.62779351
-7484.21809500,0.62291491,0.00057054,0.62291488
-7517.26383324,0.62505952,0.14823433,0.62290261
-7511.05383231,0.62849022,0.00057565,0.62849019
-7516.64175011,0.64034546,0.00058652,0.64034542
-7486.06989860,0.63948283,0.06802590,0.63903945
-7488.52953881,0.63562702,0.00058220,0.63562699
-7508.76601140,0.62396222,0.00057150,0.62396218
-7500.00396141,0.63374565,0.00093324,0.63374556
-7528.75160304,0.61813757,0.00056616,0.61813754
-7503.24345738,0.63614831,0.00129025,0.63614815
-7484.81984459,0.62346772,0.13800581,0.62159385
-7472.40151633,0.64526862,0.00073444,0.64526857
-7464.36041313,0.64058009,0.16422266,0.63799619
-7491.21635586,0.64072886,0.00864325,0.64072172
-7450.96375095,0.65030543,0.00059563,0.65030539
-7462.63825232,0.64534656,0.08603247,0.64464369
-7465.56695577,0.63515809,0.00058177,0.63515806
-7445.55150783,0.64996997,0.00106542,0.64996987
-7470.66496269,0.63711364,0.00058354,0.63711361
-7474.59119899,0.64193534,0.00058797,0.64193531
-7453.86554058,0.63850036,0.00058481,0.63850033
-7439.53006540,0.65270653,0.00117028,0.65270640
-7456.40697339,0.63388439,0.00058059,0.63388436
-7459.05917235,0.63573330,0.00058228,0.63573327
-7456.21839302,0.63343363,0.00058017,0.63343360
-7464.61036462,0.63685948,0.00058331,0.63685945
-7454.81218398,0.63005490,0.10547869,0.62897240
-7439.29939384,0.63387141,0.00058057,0.63387138
-7437.19342360,0.64566295,0.00066159,0.64566291
-7458.51353970,0.63101749,0.19642464,0.62726127
-7445.78694438,0.64726846,0.00059522,0.64726842
-7436.36639596,0.63301074,0.10308897,0.63198161
-7452.09823945,0.61612620,0.18310709,0.61278404
-7450.33517823,0.62955934,0.19834042,0.62572034
-7443.10982235,0.62811082,0.22331839,0.62322868
-7436.06112535,0.64576893,0.00059148,0.64576890
-7440.03876255,0.64231053,0.00094626,0.64231045
-7451.04207068,0.63037826,0.00057737,0.63037823
-7432.84985776,0.64992538,0.00059528,0.64992535
-7444.93488397,0.62073953,0.29954024,0.61182214
-7447.26313028,0.64115775,0.00059253,0.64115771
-7441.58494105,0.64015900,0.00068263,0.64015895
-7462.80810499,0.63524019,0.00058183,0.63524016
-7437.47421156,0.64132943,0.00058741,0.64132939
-7434.30635972,0.64347453,0.00058937,0.64347450
-7435.00099372,0.64322049,0.00059209,0.64322046
-7444.16694005,0.63992926,0.01225893,0.63991487
-7442.86394459,0.61969995,0.31371402,0.60989508
-7442.77560838,0.63799671,0.00058435,0.63799667
-7443.97125813,0.63665983,0.03080304,0.63656854
-7452.70650016,0.63866816,0.00058497,0.63866813
-7491.87576147,0.58847417,0.47782228,0.56421040
-7468.32419157,0.61501213,0.17919454,0.61180582
-7470.29667380,0.63337783,0.03127927,0.63328321
-7465.46870596,0.63367328,0.00058039,0.63367325
-7450.21067831,0.64709310,0.00059269,0.64709306
-7477.39728059,0.63822920,0.00107935,0.63822909
-7447.83634918,0.64898016,0.00059443,0.64898012
-7462.09236222,0.62972618,0.00057678,0.62972615
-7476.84512092,0.61655857,0.20169877,0.61250378
-7467.00182141,0.63200858,0.00057887,0.63200854
-7450.85919259,0.63902274,0.00058529,0.63902271
-7462.35374153,0.64176214,0.08863237,0.64101196
-7469.63228763,0.64124510,0.00059302,0.64124507
-7484.99959643,0.63172899,0.00057861,0.63172896
-7455.76290180,0.64592728,0.00059162,0.64592725
-7469.79362230,0.64042885,0.00119707,0.64042872
-7457.21521832,0.63515221,0.00058175,0.63515218
-7478.29457990,0.63195916,0.11440274,0.63068939
-7471.55095682,0.63984052,0.00072415,0.63984047
-7479.54309466,0.63099902,0.00057795,0.63099899
-7477.59682231,0.64050161,0.00058667,0.64050158
-7456.80979994,0.64148401,0.00058755,0.64148398
-7486.02476416,0.64062576,0.00058676,0.64062573
-7483.50275359,0.64049822,0.00172192,0.64049794
-7484.85905989,0.63860288,0.00058491,0.63860285
-7514.27929760,0.63309185,0.00058002,0.63309182
-7466.59471337,0.63959450,0.00058581,0.63959447
-7519.21971344,0.61901101,0.21900192,0.61424694
-7491.36615282,0.63688961,0.00100698,0.63688951
-7491.51797585,0.63351526,0.00058025,0.63351523
-7469.50799862,0.63184066,0.34737360,0.62003286
-7490.49088366,0.64082402,0.00072919,0.64082397
-7475.89164815,0.64451655,0.00059033,0.64451652
-7496.77878166,0.63832129,0.01988139,0.63828336
-7475.82869437,0.64798904,0.00059351,0.64798901
-7475.37727801,0.64340271,0.00058930,0.64340268
-7462.61151970,0.65474196,0.00060646,0.65474192
-7481.25543632,0.64285387,0.00058880,0.64285384
-7474.49183968,0.64731600,0.00059289,0.64731597
-7482.76745435,0.63887485,0.00058516,0.63887482
-7478.94913972,0.64791615,0.00059345,0.64791612
-7472.82824620,0.64210966,0.00058813,0.64210963
